"date","Tmort","Rmort","Cmort","Temp","Rhumid","CO","SO2","NO2","HC","Ozone","Part"
"1970-01-01",212,10,120,64,48.6,21.33,6.83,18.5,75,5.67,84.33
"1970-01-02",243,18,137,63.6,18.8,12.67,3.17,11.67,60,3.17,62.17
"1970-01-03",209,7,110,65.2,19.2,15.17,3,9.33,45,3.33,73.5
"1970-01-04",217,13,120,60.2,48,14.5,3.5,11.83,55,3.67,64.33
"1970-01-05",220,11,128,64,36.6,15.83,2.33,10.83,40,3.83,72.67
"1970-01-06",174,10,102,68.2,15,14.67,9.17,7.67,35,2.83,60.67
"1970-01-07",200,10,105,70.4,19.4,17.17,4.5,8.83,50,2.33,66
"1970-01-08",204,14,101,65.8,28.8,21,6.17,19.83,60,3.17,88.5
"1970-01-09",220,15,110,63,43.4,16.5,3.83,12.5,45,1.83,64.17
"1970-01-10",190,19,104,63.8,80.8,10.33,2,6.5,35,3.17,45.83
"1970-01-11",200,10,97,57.2,88.8,9,1.83,5.17,30,1.5,39
"1970-01-12",200,13,111,63.8,84.6,8.5,3,7.33,30,2.5,35.17
"1970-01-13",219,11,120,62.6,79,12.5,2.83,6.83,40,2,48.17
"1970-01-14",214,14,111,58.4,91,11.5,2.33,5.17,45,1,42.5
"1970-01-15",176,13,100,62.6,83.4,8.83,1.67,7,45,2.33,44.17
"1970-01-16",205,17,122,58.8,94.8,11.83,2,3.83,40,1.17,40.5
"1970-01-17",205,16,110,65.2,75.4,7,2.5,4.67,30,2.83,29.5
"1970-01-18",206,10,103,63.2,79,8.83,2.83,6.33,50,2.5,39.17
"1970-01-19",205,6,123,62.6,83.6,11.33,4.5,11,65,5.33,55.17
"1970-01-20",162,11,87,64.6,82,20.33,3.67,13.5,60,5.33,69
"1970-01-21",177,10,91,61.8,89.2,21.5,6,25.67,85,6.67,104.33
"1970-01-22",185,10,112,62.2,87,22,7.33,27.33,75,5.5,93
"1970-01-23",197,12,103,66.2,81.8,23.17,7.67,28.33,90,8,94.17
"1970-01-24",191,8,102,60.2,87.6,10.67,4,11.17,55,2.5,50.33
"1970-01-25",185,9,90,64.8,76,11.17,4.33,11,45,4.83,47.17
"1970-01-26",185,8,111,65,78.8,17.5,4.67,19.83,65,8.5,70.33
"1970-01-27",180,13,105,60.4,82.8,13.33,3.83,12.67,60,4,63.17
"1970-01-28",192,4,106,71.6,43.6,9.83,5.17,8.83,45,4.83,56.17
"1970-01-29",163,14,90,71.2,18.8,13.83,6.17,7.33,40,3.17,50.83
"1970-01-30",182,16,91,66.8,39.4,15,3,11.67,40,4.83,66.17
"1970-01-31",192,11,92,70,36.8,11.83,3.17,8.17,45,4.67,47.33
"1970-02-01",168,11,79,67.8,53,11.83,2.5,9.17,45,5.17,46.33
"1970-02-02",179,11,106,70.6,22.6,14.5,2.67,8.5,55,4.83,51.6
"1970-02-03",194,10,106,75.2,33,20.5,5.83,13.83,60,6.5,107
"1970-02-04",203,9,102,65.4,56.4,18.17,3.67,15.17,75,4.67,98
"1970-02-05",178,6,111,66,70,16.17,2.5,13.67,55,9,74
"1970-02-06",189,13,105,75.2,54.6,24,5.5,24,75,13.83,101
"1970-02-07",191,14,106,83.6,38.2,24.67,6.83,24.5,70,15.5,94
"1970-02-08",189,12,96,82.2,38.4,21.83,8,20.17,55,6,87
"1970-02-09",194,8,107,66.6,66.8,17.17,3,13,65,2.17,81
"1970-02-10",200,13,101,63.4,86,9.83,1.33,3.67,30,1.83,57
"1970-02-11",179,9,101,65.6,79,10.33,1.5,5.67,50,2.33,48
"1970-02-12",190,10,110,63.2,82,8.83,3.17,6.33,65,3.33,46
"1970-02-13",194,10,100,63.6,74,12.5,1.33,5.67,45,4.17,74
"1970-02-14",154,10,79,67.8,57,12.5,2.5,6.67,50,5.17,58
"1970-02-15",195,17,98,75.2,48.6,15.83,5,17.17,55,9.5,58
"1970-02-16",192,9,94,72.8,55.8,14.67,3.17,18,50,12.83,75
"1970-02-17",172,11,99,66.6,61,7.33,2.5,8.17,40,4.83,57
"1970-02-18",178,11,83,72.4,25.6,9.5,4.17,6.83,45,4.67,68
"1970-02-19",180,12,90,69.2,13.2,6,4.33,3.33,40,3.5,82
"1970-02-20",199,12,111,71,23.4,11.33,1.67,6.33,30,3.17,80
"1970-02-21",190,15,99,66.2,48.8,10.17,2.33,6.83,45,5.33,46
"1970-02-22",183,10,104,70.2,44.4,10.17,1.83,8.5,50,7.67,56
"1970-02-23",188,9,111,73.8,42.2,11.83,3,11.5,45,7.67,59
"1970-02-24",178,12,98,73.6,48.2,14.33,3.5,14.17,60,9,76
"1970-02-25",184,10,104,79.2,37.8,17.17,4.67,18.17,55,10,86
"1970-02-26",197,17,107,76,46,14.67,3.33,16.5,45,12.83,73
"1970-02-27",182,5,96,65,67.4,7.17,2.33,7.83,45,5.17,58
"1970-02-28",203,12,103,59.6,88.2,2.67,2.17,4,25,2.67,21
"1970-03-01",211,14,116,59,83,2.83,2,3.67,30,3.33,20
"1970-03-02",176,9,97,60,68.2,5.67,2.67,5.67,25,3.33,43
"1970-03-03",187,7,98,61.8,65.2,6.83,2.5,6,40,4.33,42
"1970-03-04",147,7,76,59.4,74.6,7.67,2.17,5.67,75,2.67,53
"1970-03-05",174,15,88,64.8,52,11,2.67,6.33,35,3.67,53
"1970-03-06",201,9,101,71.2,55.6,16.33,5,14.83,50,9.5,73
"1970-03-07",185,11,101,71.2,57,16.67,5.33,17.33,25,11.33,83
"1970-03-08",184,7,98,63.6,69.6,7,4.33,10.17,20,8,38
"1970-03-09",189,9,99,62.8,70.2,7,1.5,6,20,5.33,54
"1970-03-10",180,6,92,62.8,60.6,4.83,1.5,4.67,20,3.33,58
"1970-03-11",188,10,110,65.6,58,7.83,2.17,10.33,20,5.67,46
"1970-03-12",196,9,116,67.8,66,13.67,4.67,19.17,45,9.17,72
"1970-03-13",180,13,104,78.4,43.2,15.83,3.5,18.5,45,13.17,71
"1970-03-14",164,4,84,80.6,43.6,13,3.33,13.33,40,11.33,49
"1970-03-15",210,14,92,78,57,6.67,2.67,9.67,55,10.17,40
"1970-03-16",161,8,85,77.6,49,10.67,3.67,14,65,9.67,67
"1970-03-17",164,10,82,67.8,67.2,11.17,3.17,13.33,70,8.33,63
"1970-03-18",179,13,95,70.2,37.2,7.5,3,8.17,35,5.33,50
"1970-03-19",160,8,91,71.2,16.4,9,2.5,7.33,30,4.67,60
"1970-03-20",156,8,88,72.8,21.8,8,3.33,7.33,30,5.33,60
"1970-03-21",199,5,107,72.8,42.8,10.5,3.17,13.5,45,7.83,70
"1970-03-22",181,10,99,78,45.2,11,3,14.33,50,17.33,60
"1970-03-23",195,2,116,77.2,47.6,12.67,3.33,16.17,60,14.17,70
"1970-03-24",175,9,101,70.8,64.8,12.83,5.17,18,75,10.83,75
"1970-03-25",194,8,112,72,67.6,8.33,3,13,40,13.33,50
"1970-03-26",185,9,93,58.6,80.8,6.83,3,9.83,60,5.67,46
"1970-03-27",172,5,88,72.8,49.4,9.5,2,8.83,50,6.5,53
"1970-03-28",190,9,88,70.4,50.6,8.83,1.67,7.83,40,8,33
"1970-03-29",173,10,84,66.2,63.2,5.17,1.33,5.67,35,7.5,23
"1970-03-30",181,6,103,62.8,66,6.33,1.83,5.17,30,3.67,36
"1970-03-31",165,12,81,67.8,53.4,7.17,2,7.33,30,6,41
"1970-04-01",170,10,83,71.8,22.6,7.83,3.83,7.33,40,5.67,50
"1970-04-02",172,5,96,73.6,36.2,9.83,2.67,11.33,50,8.83,53
"1970-04-03",163,8,87,74.4,50.8,13.17,2.83,15.17,55,11,58
"1970-04-04",184,13,101,82.2,28.8,16.17,2,11.67,50,10,56
"1970-04-05",181,9,88,84.8,19,11.83,2.17,8.5,35,9.67,39
"1970-04-06",186,6,89,75.6,46.6,11.33,3.33,11.17,45,7.83,42
"1970-04-07",172,7,86,68.6,57.8,6.17,1.17,7.83,25,4.83,40
"1970-04-08",155,12,72,70.4,62.4,8.33,3.33,10,40,10.33,47
"1970-04-09",182,4,100,76.2,58.6,10.33,5.5,13.5,50,12.83,54
"1970-04-10",177,9,85,79,55,13.67,4,17.17,55,15.5,68
"1970-04-11",181,5,101,78.4,49,10.67,3.67,9.67,50,11,31
"1970-04-12",193,8,102,77,55,9.67,1.83,7.5,50,11,32
"1970-04-13",185,11,101,64.8,54.6,5.17,1.5,4.83,25,5.17,25
"1970-04-14",178,10,88,61.2,43.4,5.83,2,4.83,30,4.33,26
"1970-04-15",153,7,72,66.2,48.8,7.33,2.83,7,35,6.33,31
"1970-04-16",187,7,92,59.8,57.8,7.17,1.33,5.83,30,4.33,33
"1970-04-17",168,9,85,62.8,55.6,7.17,1.17,6,40,5.33,28
"1970-04-18",190,10,98,66.8,58.8,6,1.83,6.5,30,7.17,24
"1970-04-19",190,5,96,65.2,63.6,7.67,2.5,6.5,30,8.5,22
"1970-04-20",183,5,110,70,58.2,6.17,1.83,6.83,30,8.83,30
"1970-04-21",156,4,81,61,50.4,4.67,1.5,5.17,40,4.5,23
"1970-04-22",163,5,81,66.4,46.8,8.17,1.33,6.5,35,7.17,35
"1970-04-23",162,6,77,73.8,34,9.67,2,10.33,40,9.33,46
"1970-04-24",176,5,112,73.8,43,11,4.5,10.83,45,9.33,52
"1970-04-25",191,13,102,75.2,48.8,12.83,3.33,10.67,50,10.17,55
"1970-04-26",149,11,68,65,63.4,8.17,3,6.83,45,5.5,43
"1970-04-27",151,10,83,61,48.8,4,1.5,5,30,4,25
"1970-04-28",167,8,100,62,40.6,4.67,2,4.67,50,4.83,50
"1970-04-29",150,8,81,67.6,39,8.67,2,8.83,40,6,43
"1970-04-30",194,11,86,71.2,43,8.83,3,11,40,9,50
"1970-05-01",185,11,97,82.8,32.4,12.17,2.83,15.83,60,14,55
"1970-05-02",193,6,106,87.8,16.8,12.5,3,11,40,6.67,41
"1970-05-03",183,9,102,92.8,16.2,13.5,3,10.17,45,9.17,45
"1970-05-04",188,4,103,77.6,46.2,11.5,4.5,17.17,60,9.5,65
"1970-05-05",166,7,86,72.4,54.8,8.83,4.67,13.17,40,10.5,55
"1970-05-06",161,13,90,65.8,51.8,5.33,2.5,6.67,35,5.17,30
"1970-05-07",173,9,92,66.4,53.2,5.67,2,8.17,30,7.67,39
"1970-05-08",188,9,104,69.4,55.2,7.5,3.17,8.83,40,9.5,34
"1970-05-09",192,16,96,70,58.4,4.83,2.83,7.83,35,10,23
"1970-05-10",151,8,79,70.4,55,4.5,1.83,5.83,25,9.67,27
"1970-05-11",177,7,87,70,53.4,7.5,2.17,8.33,40,8.5,45
"1970-05-12",203,8,110,72.4,43.8,8.17,3.33,11.17,55,7.5,55
"1970-05-13",174,12,81,75.8,47.8,9.17,3.67,14.5,55,9,46
"1970-05-14",191,13,116,89.4,36.6,16.33,6.33,23.33,85,15,78
"1970-05-15",188,13,90,96.6,27,16.17,6.33,30.5,85,19.33,116
"1970-05-16",189,11,94,87.8,42.8,11.17,5,22.5,60,22.5,70
"1970-05-17",183,5,102,88.8,41.2,12.17,6.17,17.33,75,21,55
"1970-05-18",184,12,97,78.8,49.6,10.67,4.17,18.17,60,11.17,80
"1970-05-19",151,3,83,74.4,53.4,6.33,3.5,10.83,70,9.33,30
"1970-05-20",168,6,87,71.2,53.8,4.83,2.83,8.5,25,7.83,25
"1970-05-21",181,9,106,73,53.6,6,4,9.83,40,11.5,35
"1970-05-22",160,6,87,75.4,58.2,7.67,4.67,13,65,15,55
"1970-05-23",173,12,87,72.4,66,5,2.83,8.33,30,12,25
"1970-05-24",188,12,100,71.6,66.4,4,2.33,6.17,25,10,20
"1970-05-25",139,8,70,66.4,69.8,5.67,2,7,35,5.5,35
"1970-05-26",173,7,88,64.6,74.2,4.83,2.17,6,40,4.83,30
"1970-05-27",167,12,94,66.8,68,5.67,1.83,5.83,35,6,43
"1970-05-28",179,11,101,67.4,64.2,5.83,3.33,6.83,30,4.67,32
"1970-05-29",159,9,86,73.6,59,5.67,3,7.17,35,10,37
"1970-05-30",202,10,113,76.8,62.2,6.17,4.83,8.17,60,14,30
"1970-05-31",196,12,88,78.2,65.6,5,3.67,9.5,35,15.83,30
"1970-06-01",169,4,102,87.2,59.6,9.33,3.5,14.83,40,19.83,51
"1970-06-02",189,13,93,88.6,51.2,13.17,4.67,23.83,60,20.33,75
"1970-06-03",171,14,97,80.8,63,8.83,4.33,15.17,30,19.5,58
"1970-06-04",143,7,81,74.2,67.6,5.67,2.5,8.17,25,8.67,40
"1970-06-05",161,3,75,73.6,63.8,5.33,2.33,7.83,30,7.33,32
"1970-06-06",150,5,81,76,63.2,4.5,1.17,6.5,35,12.67,32
"1970-06-07",152,8,81,73.6,68.4,4,2.33,4.67,30,13.33,31
"1970-06-08",163,6,86,69.4,74.8,5,1.5,6,35,6.33,34
"1970-06-09",146,4,74,71.6,68,4.33,1.67,6.17,50,5,34
"1970-06-10",183,7,90,70.2,64.6,5,2,5.83,30,4.33,25
"1970-06-11",183,7,99,75.8,59.8,4.67,1.83,5.83,30,10.17,30
"1970-06-12",152,8,77,66.4,67,5.67,1.83,5.5,20,3.67,36
"1970-06-13",189,10,83,69,61.8,5.17,1.67,4.33,25,5,22
"1970-06-14",176,8,82,72.2,58.8,6.5,1.67,5.33,45,5.5,35
"1970-06-15",189,8,102,73.4,62,6.17,1.67,6.67,30,8.33,45
"1970-06-16",163,11,83,72,67.6,6.33,1.83,7,35,7.5,40
"1970-06-17",172,8,86,77,61.8,7.5,2,9.33,40,11.67,41
"1970-06-18",172,5,90,78.8,60.4,8.67,3.17,12.83,53.33,13.5,73
"1970-06-19",167,9,95,81.2,59.2,10.33,3.33,13.5,56.67,14.83,60
"1970-06-20",185,6,98,80.2,63,7.5,4.67,12.5,43.33,16.67,38
"1970-06-21",176,8,80,80,67.8,5,2.17,8.5,33.33,15.5,32
"1970-06-22",183,14,95,79,64.4,6.17,2.5,8.67,33.33,11.17,40
"1970-06-23",151,9,72,82.2,63.4,6.5,3,10.17,36.67,15.67,42
"1970-06-24",180,11,92,83.2,58,9.5,3.33,15.17,46.67,16,48
"1970-06-25",194,8,106,95.6,42.6,12.5,4.67,23,80,16.33,75
"1970-06-26",178,11,89,87.8,43.8,9.5,2.5,18.33,75,15.67,56
"1970-06-27",159,11,80,80.4,50.2,5.33,4.17,10.33,38.33,11,30
"1970-06-28",146,9,73,78.8,54,6.17,5.17,7.83,58.33,9.17,20
"1970-06-29",151,9,69,75.4,59.2,6.33,3.33,8.83,40,9.17,30
"1970-06-30",144,8,78,84,51.2,9.83,6,14.17,65,19.67,57
"1970-07-01",195,15,100,83.4,60,8.33,5.17,16.5,51.67,16.83,45
"1970-07-02",183,7,113,94.2,46,14.67,6.67,27.83,73.33,23.67,90
"1970-07-03",194,9,103,93.4,46,8.67,4.67,15.17,41.67,22.67,60
"1970-07-04",190,13,84,96.4,43,9.5,8,20.83,75,24.33,72
"1970-07-05",221,12,103,88.8,52.2,8.33,5.33,16,78.33,17.5,49
"1970-07-06",192,12,111,85.8,58.6,7.67,3.67,16,43.33,11.17,45
"1970-07-07",165,7,93,83.8,61.8,8.5,4.17,16.83,60,12.67,55
"1970-07-08",160,12,86,83.6,63.2,9,5.33,17.17,43.33,15,55
"1970-07-09",167,8,81,83.2,65.2,8.17,3.5,13.5,38.33,14.33,45
"1970-07-10",152,10,77,79.6,69,8.33,3.5,14.33,41.67,13.67,50
"1970-07-11",198,8,86,79.6,66.4,7.17,3.17,10,31.67,14.33,50
"1970-07-12",162,6,80,79.4,64.6,6.17,4.33,8.67,31.67,12.33,51
"1970-07-13",162,10,80,83.6,59,8.83,4.33,12.67,43.33,14.33,60
"1970-07-14",151,6,80,82.8,59.4,8.17,3.67,10.17,46.67,13.83,35
"1970-07-15",157,5,85,83,59.4,7.17,4.67,13,58.33,16,50
"1970-07-16",160,5,77,85.4,57.8,8.67,4.17,13.5,56.67,20.5,55
"1970-07-17",188,6,109,84.8,59,9.33,4.5,13.83,68.33,16,60
"1970-07-18",171,1,89,88,59.8,6.83,2.17,7.83,55,13.5,32
"1970-07-19",170,6,93,89.6,53.2,7.33,3.83,10.83,71.67,17.83,40
"1970-07-20",189,9,106,88.6,57.2,8.67,6.67,13,53.33,15.83,55
"1970-07-21",195,7,96,85,54.4,10,4,13.5,46.67,12.83,65
"1970-07-22",155,9,71,84.2,56.2,7.33,3.33,10.83,46.67,11.83,42
"1970-07-23",171,4,101,81.8,61.4,7.67,4.33,12,50,12.67,50
"1970-07-24",160,4,88,81,64,7.17,3.33,9.83,33.33,16.67,60
"1970-07-25",153,4,80,80.2,63.8,5.5,3.67,9,35,16.83,35
"1970-07-26",161,3,87,82,61.6,5,3.5,8.67,48.33,15.17,25
"1970-07-27",183,6,96,84.8,59,7.33,5.5,13.17,63.33,17.33,45
"1970-07-28",166,5,83,82.8,56.8,8,4.67,13.5,43.33,15,56
"1970-07-29",154,5,85,86.6,49.2,7.67,3.83,11.33,56.67,10.17,41
"1970-07-30",160,6,88,86.8,45.2,10.17,4.83,14.33,55,17.17,70
"1970-07-31",192,5,94,88.8,41,16.17,5.17,19.5,76.67,20.17,95
"1970-08-01",163,4,87,92,42,9.83,8.5,15.17,61.67,24.67,55
"1970-08-02",193,6,97,86.6,53.2,7.67,4.5,13.17,61.67,19.67,45
"1970-08-03",144,7,80,83.6,61,8.33,3.5,11.67,45,16.5,65
"1970-08-04",186,13,98,79.2,64,6.17,2.67,9,43.33,13,45
"1970-08-05",152,7,69,79.4,65.8,7.5,4.33,10.17,40,17.17,45
"1970-08-06",152,6,76,87.4,56,13,10,20.67,90,23.33,76
"1970-08-07",191,6,95,96.8,41.4,15.67,8.5,27.33,110,26.83,100
"1970-08-08",183,11,89,93.8,45.4,7.5,3.83,12.33,65,18,50
"1970-08-09",175,6,88,91.6,50,7.67,4.33,12.83,58.33,16.5,40
"1970-08-10",184,7,99,86.4,56.8,9.17,4.83,16.5,56.67,18.83,65
"1970-08-11",199,12,101,86,59.8,7.5,3.83,12.83,55,19.67,50
"1970-08-12",150,6,87,88.6,55,8.83,4.67,11.5,56.67,16.5,65
"1970-08-13",171,10,81,88.4,54,9.83,3.83,13,61.67,15.83,61
"1970-08-14",169,8,83,87.8,56.4,9.5,3.5,10.83,66.67,14.17,56
"1970-08-15",180,14,96,87.6,55.2,10.17,4.33,9.17,65,18.5,45
"1970-08-16",167,6,80,87.8,57.4,8.17,4.17,7.67,56.67,14.17,50
"1970-08-17",148,8,86,86.6,57.8,9.33,5.5,11.17,63.33,10.17,65
"1970-08-18",165,6,86,82.6,64.6,6.5,3.5,9.67,50,8.5,35
"1970-08-19",172,8,83,82.2,67.6,6.67,3.5,10.67,41.67,10.67,55
"1970-08-20",164,6,85,81.6,69.4,7.5,3.83,11.33,40,13.67,52
"1970-08-21",173,6,84,82.8,64.4,7.5,4,12.67,45,14.33,56
"1970-08-22",174,5,96,81.8,63.2,6.83,4.67,11.83,46.67,15.33,46
"1970-08-23",162,7,85,85.2,59.2,7.5,3.83,10,55,17.33,36
"1970-08-24",161,5,85,90,51.8,10.33,4.67,18.83,73.33,21.67,69
"1970-08-25",136,5,75,87.8,49.8,10.67,4.33,16.83,85,18.83,66
"1970-08-26",165,4,83,87.4,50.6,9.67,5.33,15,55,15.17,52
"1970-08-27",172,9,88,86.4,56,8.5,3.83,15.17,73.33,12.5,55
"1970-08-28",164,7,84,83.4,61.4,8.17,3.67,12.83,51.67,13.67,47
"1970-08-29",177,10,83,83.8,60,8,4.5,11.67,63.33,12.83,50
"1970-08-30",179,6,81,86.2,55.6,8.83,5.5,11.5,80,11.83,40
"1970-08-31",175,4,86,84.8,54.6,12.5,4.33,18.33,103.33,17.67,73
"1970-09-01",173,7,101,84.6,55,12.67,4.17,19,68.33,17.83,51
"1970-09-02",148,8,79,80.4,63,9,4.5,16.33,78.33,20.33,51
"1970-09-03",162,12,82,81,63.6,8,3.5,12.83,43.33,19.17,54
"1970-09-04",185,9,100,77.6,65.2,9,3.83,13.67,55,15.33,50
"1970-09-05",184,7,67,76.4,61.2,7,3.17,8.83,40,11.83,33
"1970-09-06",155,8,66,91.4,42,9,3.5,11.33,56.67,14.83,40
"1970-09-07",189,12,95,84.6,64,5.17,3.67,7.83,45,16.5,37
"1970-09-08",183,4,101,81.6,63.6,9,4.67,13.5,68.33,16,60
"1970-09-09",160,10,79,85,62.4,12.33,3.83,19.17,83.33,18.17,69
"1970-09-10",167,7,91,86.4,61.6,13.33,4.33,19.5,68.33,22,72
"1970-09-11",171,6,87,83.4,66.2,14.33,5,20.17,68.33,20,77
"1970-09-12",160,12,72,76.4,75.4,5.5,1.83,7,43.33,10.5,26
"1970-09-13",180,8,93,72.6,65.2,4.33,2.5,5,61.67,5.33,41
"1970-09-14",180,9,87,74.4,64.6,9.17,3.33,8.33,43.33,8.5,34
"1970-09-15",165,5,91,78.8,58.6,12,4.83,14,68.33,15.33,67
"1970-09-16",152,9,81,85,53.2,15.67,6,23.83,73.33,20.83,74
"1970-09-17",187,8,94,84.4,56.8,16.83,5,24.5,110,18.83,96
"1970-09-18",167,4,91,82.4,56.2,15.5,7,22.5,100,18.83,75
"1970-09-19",168,7,89,76,61.2,10.67,5.17,19.67,86.67,12.33,58
"1970-09-20",168,4,77,79.8,55.6,7.33,3.17,10.17,83.33,14.5,38
"1970-09-21",172,10,95,77,64,8.67,3.17,11.17,78.33,13.17,47
"1970-09-22",164,5,72,91,37,17,4.17,21,66.67,12.5,85
"1970-09-23",156,11,80,86.4,38.4,17.5,3.67,17.5,85,13.5,86
"1970-09-24",189,6,103,82.6,56.4,15,4.17,18.33,86.67,13.5,81
"1970-09-25",186,6,99,94.4,35.2,18.5,6.83,21.83,88.33,13.33,93
"1970-09-26",169,8,90,96.6,14.8,16.83,5.83,13.33,68.33,9.67,70
"1970-09-27",220,11,122,101,14.2,13.33,3.5,11.67,63.33,10,60
"1970-09-28",183,9,91,93,21.2,16.83,3,17,61.67,11.67,56
"1970-09-29",176,10,91,91.6,32.4,14.5,2.83,19.33,80,10,65
"1970-09-30",178,8,85,89.8,41.2,17.17,4,20.83,101.67,17.83,76
"1970-10-01",183,4,94,88.6,44.6,19,6.67,27.5,113.33,24.33,80
"1970-10-02",164,8,86,87.8,54.2,20.5,4.67,27.5,116.67,14,85
"1970-10-03",165,7,91,81.6,66.8,9.67,4,13.17,63.33,9.5,50
"1970-10-04",164,5,82,80.6,70.6,9.33,3.5,12,78.33,12.5,45
"1970-10-05",189,13,96,71.4,76.2,6.83,2.17,9.67,35,6.5,42
"1970-10-06",171,9,99,69,76.8,6.5,2.17,8.5,30,5.17,40
"1970-10-07",153,8,89,73.4,64.4,8.83,2.5,10.17,51.67,7.17,31
"1970-10-08",154,7,75,84.4,34,17.83,2.67,17.5,70,10,75
"1970-10-09",169,9,89,82.2,38.2,17.67,4.33,21,86.67,13.33,80
"1970-10-10",165,1,80,77.4,56.4,14,2.83,14,80,13,50
"1970-10-11",188,6,97,80.6,63.4,11.83,4.17,16.83,80,17,38
"1970-10-12",167,13,83,73.6,76.8,8.83,4.17,13.5,60,12,50
"1970-10-13",185,8,92,73.4,72,7.67,2.67,10.5,41.67,10.67,45
"1970-10-14",172,11,102,71.4,70.8,7.17,3,6.67,50,7,45
"1970-10-15",152,4,82,73,70.8,13.17,3,12.5,63.33,10.5,55
"1970-10-16",194,5,119,73.8,78.2,12.33,3.33,13,61.67,12.67,50
"1970-10-17",161,10,85,74.6,73.8,8.83,4,12.83,70,16.17,45
"1970-10-18",179,7,80,74.4,74.8,8.83,5.33,13.67,63.33,15.83,55
"1970-10-19",177,4,94,73.4,73.4,8.5,2.5,13.33,66.67,11.33,50
"1970-10-20",157,4,83,71.2,69.8,9.33,2,9,46.67,4.83,40
"1970-10-21",153,12,79,69.4,73,8.83,2.5,8.5,48.33,3.5,55
"1970-10-22",180,8,95,68.4,68.4,13.17,2.5,7.83,53.33,4.67,50
"1970-10-23",161,6,84,68,76,9.5,2,8.17,43.33,3.33,45
"1970-10-24",176,7,91,69.4,72.6,9.5,2.17,7.83,56.67,4.17,35
"1970-10-25",186,7,91,71,60.4,11,2.67,8.5,58.33,6,50
"1970-10-26",170,10,101,71.2,54.6,14.5,2.83,16.33,73.33,6.33,75
"1970-10-27",146,10,85,77.6,24.4,15.5,2.83,14.67,56.67,5.17,110
"1970-10-28",168,10,78,83.8,17.2,17.33,3.5,14,66.67,6.33,80
"1970-10-29",188,11,101,86.2,21.8,30.5,3.5,22.83,105,5.67,75
"1970-10-30",159,7,83,79.8,43.2,24,6.33,29.67,98.33,13.17,80
"1970-10-31",177,12,83,77.2,45.6,22,4.83,22,110,14.67,52
"1970-11-01",195,8,111,83.4,55,21.5,5.33,24.5,115,16.83,68
"1970-11-02",177,6,98,74.2,67.4,14.17,4.83,24.67,103.33,11.17,55
"1970-11-03",173,8,93,71,70.2,13.33,5.17,23.83,86.67,8.5,69
"1970-11-04",191,9,101,68.6,72.2,11,5,16,70,5,50
"1970-11-05",183,13,103,70.6,74,13.33,3.83,15.67,63.33,3,60
"1970-11-06",161,7,84,67.8,80.6,8.5,1.5,4.5,48.33,1.67,32
"1970-11-07",166,3,95,69.8,66.2,9.5,1.17,5.17,41.67,3.5,40
"1970-11-08",178,6,98,78.4,50.6,16.17,2.17,12.67,70,5.33,55
"1970-11-09",194,11,109,80.4,44.6,17.33,3.67,17.67,85,8.5,62
"1970-11-10",163,6,88,72,64,19.5,4.33,20.33,96.67,9.67,70
"1970-11-11",188,9,100,69.4,72.2,17.83,4.83,23.17,100,8.67,75
"1970-11-12",186,6,102,72.2,60.8,10.67,3.33,11.33,60,3.5,50
"1970-11-13",175,4,96,80.4,27.8,23.67,3.67,16.67,71.67,5.33,95
"1970-11-14",186,10,80,79.2,22.2,17.67,2.5,13.83,61.67,3.5,85
"1970-11-15",190,9,96,80.8,25.2,17,3.33,9.33,58.33,4,45
"1970-11-16",179,4,97,76.6,34.4,22.17,3.17,18.67,85,6.5,80
"1970-11-17",191,5,101,76.6,46.8,25,3.83,28.67,83.33,9.33,87.5
"1970-11-18",170,7,82,68.2,69,20.83,5,23.83,103.33,8.33,93.5
"1970-11-19",177,6,89,73.2,64.4,14,3.67,22.17,63.33,7.17,66.5
"1970-11-20",191,9,94,68,68.2,18,3.17,14.33,65,6.5,70.33
"1970-11-21",169,5,91,65.4,66,17.33,2.33,10.67,68.33,6.33,59.33
"1970-11-22",185,8,104,65.2,68.6,15.17,2.67,10.67,70,8.83,59.67
"1970-11-23",183,3,97,75.6,56.6,26.67,3.5,24.67,98.33,10,71.75
"1970-11-24",164,8,94,69.6,69,27.5,6.5,28,133.33,8.5,95
"1970-11-25",182,7,90,60.8,73.8,13.83,2.17,10,46.67,3.83,52.25
"1970-11-26",177,8,95,64.4,71,9.33,2.5,5.5,51.67,2.5,39
"1970-11-27",168,6,83,60.6,62.8,10.67,1.67,5.83,51.67,1.83,41
"1970-11-28",181,6,98,58.4,69,5.5,1.17,4.17,31.67,1.67,22.25
"1970-11-29",162,7,88,59,81.2,5.83,2.17,4.5,33.33,2.33,20.25
"1970-11-30",163,2,96,59.2,74.8,11.17,1.83,5.83,58.33,2.33,46
"1970-12-01",178,7,106,61.4,68,14.33,1.67,7.17,71.67,2.33,60.75
"1970-12-02",171,8,89,60.8,72,14.17,2.33,5.67,63.33,2.33,61.5
"1970-12-03",165,11,78,63.8,58.6,23.17,3,9.17,80,4,78
"1970-12-04",185,14,100,68.6,55.8,26.33,3.83,17.67,98.33,5,82.8
"1970-12-05",198,9,101,76.8,42.2,19.33,2.67,11.17,92.5,3.33,72
"1970-12-06",192,10,86,76.8,43.8,16.83,2.5,8.17,72.5,3.5,58.6
"1970-12-07",170,12,95,75,49,25.33,3.33,17.33,100,6,82.4
"1970-12-08",199,13,101,61.6,76.8,23.5,5.83,17,118.33,4.5,80.17
"1970-12-09",170,7,91,62.4,67.6,11,2.67,7.83,46.67,2.17,44.67
"1970-12-10",151,3,85,70.6,50.6,20.83,2.67,9.83,70,4,68
"1970-12-11",159,10,86,72.4,32.6,21.5,2.83,10.5,68.33,4.17,67.83
"1970-12-12",189,11,96,73.4,37.6,19.33,2.17,11.5,76.67,4.33,66
"1970-12-13",208,7,114,62.8,60.8,19,2.17,10.67,81.67,6,66
"1970-12-14",187,6,108,62,59.8,11.5,1.83,8,48.33,4.33,46.67
"1970-12-15",196,13,107,60.8,66.4,18,2.67,11,68.33,4.17,63.83
"1970-12-16",193,11,104,56,79.2,17.83,3.5,11.17,88.33,1.67,71.17
"1970-12-17",200,13,110,56.2,69,10.67,2.17,4.67,53.33,2.17,48.5
"1970-12-18",160,9,81,54.2,69.2,10,2,4.83,50,2,44.17
"1970-12-19",187,8,95,54,76.4,9.5,1.17,4.67,38.33,2.33,43.33
"1970-12-20",187,5,96,52.8,76.6,7.67,1.83,5.33,46.67,1.33,33.33
"1970-12-21",169,5,86,54,78.2,10.67,1.67,4.67,48.33,2.33,45.5
"1970-12-22",182,5,111,56.8,70.4,18.33,1.33,8.67,68.33,1.17,68.33
"1970-12-23",165,14,81,60.2,59,17.83,2.67,10,70,2.5,67.67
"1970-12-24",172,5,96,59.2,52.8,12,1.5,6.83,46.67,1.67,55.17
"1970-12-25",205,8,116,64.4,48,16.67,1.83,9.83,85,2.17,68.83
"1970-12-26",205,9,116,57.4,55.4,15.5,3.5,10.33,68.33,1.33,70.17
"1970-12-27",208,13,114,59,69.6,15.67,2.5,8.67,76.67,2.83,70
"1970-12-28",195,12,114,60.2,67.4,17.83,2,10.83,73.33,3.33,68.83
"1970-12-29",189,6,112,62,62.6,19.17,3,10.67,61.67,3.17,70.33
"1970-12-30",203,13,113,68.8,61,19.33,3.17,16,65,3.67,73.67
"1970-12-31",191,9,101,71.2,56.8,24.67,3.67,24.67,80,3.5,88
"1971-01-01",208,9,122,63.4,70.8,18.17,4.67,19.5,96.67,5,81.17
"1971-01-02",203,9,114,58,58.2,4.17,1.83,4,46.67,2.17,23.5
"1971-01-03",197,6,112,54.2,20.4,8,1.83,4.17,48.33,2.17,52.33
"1971-01-04",234,7,128,53.4,30.2,12.67,2.17,6.83,55,2,67.67
"1971-01-05",185,7,106,55.4,32.6,10.33,3.33,9.33,58.33,1.83,98.67
"1971-01-06",196,8,106,54.8,24.6,12.67,2.5,8,56.67,2.17,69.67
"1971-01-07",231,12,133,55.8,36.2,17.67,4.67,9.5,65,2.5,97.5
"1971-01-08",214,14,131,57.2,49.2,18.17,4,12.5,78.33,2.5,87.67
"1971-01-09",236,15,128,57.4,64.2,17.5,3.83,13,83.33,3.17,82.67
"1971-01-10",187,19,96,57.8,69.8,14.67,2.5,9.67,75,4.67,73.67
"1971-01-11",214,10,115,51.4,77.8,16.5,3.5,11.17,118.33,1.5,83
"1971-01-12",194,15,106,53.4,81.8,13.67,3.5,9.33,68.33,1.33,64.83
"1971-01-13",170,8,88,53,79.6,11.17,2.33,6.5,60,1.5,55.33
"1971-01-14",212,10,105,59.2,70.8,14.83,2.33,10.67,65,3.17,63.33
"1971-01-15",196,15,105,70.2,51.2,24.17,2.67,15,88.33,4.17,81.67
"1971-01-16",196,14,105,77,43.4,21.83,3.33,19.5,86.67,5.83,82.33
"1971-01-17",213,15,121,83.2,40.6,19.17,3.33,22.83,86.67,7.5,67.17
"1971-01-18",253,12,139,88.8,46,23.67,5.17,24.83,80,12.83,84.67
"1971-01-19",218,11,119,84.2,51.6,25.33,5.67,23.67,103.33,14,94.17
"1971-01-20",211,14,119,69.6,73.4,19.5,4.67,20.33,91.67,10.33,89.17
"1971-01-21",193,18,103,55.6,82.4,7,1.83,8.33,43.33,2.83,44.67
"1971-01-22",212,10,109,60.8,70,11.5,2.5,10.5,60,5.33,60.17
"1971-01-23",180,10,91,60,70.8,10.83,2.33,8.83,70,8.33,54.83
"1971-01-24",196,16,121,54.2,77.8,10.5,2.5,10.67,88.33,5.33,54.17
"1971-01-25",199,20,109,65.8,66.8,21.17,3.67,23.5,100,9,86.5
"1971-01-26",174,12,96,81.6,40.6,22,4.17,22.67,80,5.33,83
"1971-01-27",170,11,99,81.6,36.8,23.67,3.67,21.83,73.33,6.83,70.83
"1971-01-28",205,13,116,84,36.2,22,3.83,20.33,75,4,77
"1971-01-29",177,21,91,83.6,36,23.67,4.67,21.5,85,6.33,75.33
"1971-01-30",206,10,104,78.6,41.4,23.17,4.33,21.67,85,10,71.83
"1971-01-31",197,11,109,61.6,69.6,19.67,6.5,32.67,96.67,3.67,84
"1971-02-01",190,17,104,58.6,73.6,13.5,4,16.83,63.33,4.33,67.67
"1971-02-02",178,6,94,57.8,68.4,7.17,2,8.5,40,2.5,42
"1971-02-03",191,20,108,64.2,64,12.5,2.67,15,62.5,4.83,58.67
"1971-02-04",180,16,78,65.8,57,14,3.83,19.17,75,5.83,73.17
"1971-02-05",194,9,108,63,64.4,14.17,4,21.83,87.5,7.67,72.83
"1971-02-06",196,9,111,63.8,68,13.17,3.5,15.17,65,9.17,63.83
"1971-02-07",176,10,99,67.2,69.8,13.5,3.5,19.33,82.5,10.67,68
"1971-02-08",193,13,100,64.2,69.2,14.83,6.17,23.83,65,8.5,77.5
"1971-02-09",257,13,120,78.2,44.6,19.5,4.83,27.5,85,7.5,85.5
"1971-02-10",221,16,105,83.4,30,20.5,4.67,18.83,80,6.5,76.33
"1971-02-11",214,10,121,82,38.8,24.17,9.33,32.67,85,13.33,80.33
"1971-02-12",185,13,98,87.4,30.4,21.67,3.17,23.83,93.33,7.5,68.67
"1971-02-13",217,15,109,82.8,36.2,19.67,4,22.33,96.67,14.17,66
"1971-02-14",176,9,94,70.4,60.8,17.67,2.83,20.5,86.67,11.33,57.17
"1971-02-15",197,11,106,60.6,71.8,5.33,2.17,9.17,43.33,4.5,38.33
"1971-02-16",176,12,90,56.4,76,7.33,1.5,8.67,45,3.17,44.83
"1971-02-17",170,17,97,61.2,69.8,8,1.83,7.17,38.33,2.83,34.83
"1971-02-18",189,9,118,63.8,64.4,13.17,2.67,10.83,55,5,61.33
"1971-02-19",188,10,93,55.4,70,11.5,2.5,9,58.33,2.5,56.67
"1971-02-20",203,9,113,61.4,34,6.67,1.67,5.83,36.67,3.17,34.5
"1971-02-21",192,10,108,64,54.4,8.17,2.67,8.83,55,4.5,39.17
"1971-02-22",209,14,118,58.6,61.6,9.17,2.33,10.17,50,4,48.5
"1971-02-23",185,12,100,65.2,50.4,9.17,2,7.5,46.67,4.33,38.83
"1971-02-24",202,10,122,68.2,48.4,11.5,3.67,14.67,65,5.67,55.17
"1971-02-25",188,7,111,63.2,53.2,9,3,9,51.67,4.83,47.33
"1971-02-26",201,15,106,64.6,24,7.83,3.17,6,48.33,4.33,43
"1971-02-27",181,6,90,60.8,32.2,4.67,2.17,5.33,43.33,3.83,32.17
"1971-02-28",182,12,95,57.6,45.8,3.83,2,5,36.67,4,32.5
"1971-03-01",193,12,103,58.2,33.4,5.33,2.83,4.67,38.33,4.67,32.5
"1971-03-02",214,15,100,61.6,25,10.67,4.33,9.5,51.67,3.83,62.5
"1971-03-03",186,7,112,71.4,26,11.5,4.17,12.17,86.67,6,56.83
"1971-03-04",208,9,111,65.4,53.4,12.67,5,18.33,86.67,5,66.17
"1971-03-05",168,4,97,65.2,43.6,12.5,3.33,10.67,60,4,51.17
"1971-03-06",190,14,92,72,24,11.33,2.33,9.5,61.67,4.33,46.67
"1971-03-07",221,11,112,73,26,9.83,2,8.33,73.33,5,44.83
"1971-03-08",191,6,107,65,55.6,10.33,3.83,12.67,80,4.67,55.67
"1971-03-09",193,12,104,63,63.6,6.33,4.5,10.33,50,6.33,36.5
"1971-03-10",184,8,95,59.4,67.8,8.17,2.33,9.67,55,3.5,44.83
"1971-03-11",157,9,95,62.6,71,10.5,4.33,12.67,96.67,6.17,57
"1971-03-12",181,6,107,60.4,72.4,6.83,2.33,7.5,63.33,5.67,40.17
"1971-03-13",196,20,98,65.4,50.6,3.17,1.83,3.5,30,3.67,18.83
"1971-03-14",195,17,111,65.2,50,6.83,2.17,6.33,56.67,5.67,34.67
"1971-03-15",194,10,124,72.8,50.2,9.83,4.17,14.17,58.33,7.33,53.33
"1971-03-16",229,20,119,81.8,38.4,11.17,3.33,14.17,68.33,7.5,58
"1971-03-17",186,16,87,70.8,56.8,9.83,4.83,11.33,86.67,6.33,55
"1971-03-18",194,13,106,78.8,46.8,9.67,3,11.5,68.33,5.17,50
"1971-03-19",222,19,99,77,41.4,12,3.33,14.33,86.67,5.67,57.5
"1971-03-20",208,13,115,67,60.8,8.67,2.17,10,71.67,8.83,47.83
"1971-03-21",172,14,86,66.2,66.2,5.67,3.17,9.33,48.33,9.83,35.67
"1971-03-22",189,15,101,70.2,66.8,7.17,4.5,14.67,68.33,11,50.67
"1971-03-23",182,19,97,65.2,72.6,7.67,5.5,15.17,58.33,7.67,52.5
"1971-03-24",191,9,90,63.4,72.4,5.83,3.17,11.33,53.33,7.5,43.83
"1971-03-25",188,8,108,62,75.6,6.5,3,11.17,50,6.17,46.5
"1971-03-26",191,15,102,69.6,69.6,5.67,2.67,8.33,41.67,8.5,38.5
"1971-03-27",196,12,113,66.2,71.6,5.67,2.17,7.17,45,5.33,32.33
"1971-03-28",175,12,93,74,66.8,8.33,4.17,11,58.33,11.67,45.17
"1971-03-29",183,13,97,83,51.2,13,5.5,27,113.33,13.67,65.5
"1971-03-30",177,10,84,69.2,69.2,8,3.5,13.17,65,10.83,45.33
"1971-03-31",175,13,96,70.4,61.6,10.17,3.33,12.67,58.33,9.33,52.83
"1971-04-01",183,11,112,82,35.4,13.67,3.33,19.33,71.67,13.17,62
"1971-04-02",189,9,95,80.6,32.6,11.67,7.17,16,68.33,12,57.17
"1971-04-03",186,7,94,85.4,34,9,7,13.5,56.67,9,45.83
"1971-04-04",199,7,112,90.4,19,9.83,3.83,9.33,50,9.17,38.83
"1971-04-05",207,13,111,86.8,29.4,9.5,3.67,18.67,68.33,14,53.17
"1971-04-06",198,10,115,77.6,41.6,10.17,3.5,16.17,65,11.5,57.17
"1971-04-07",163,7,75,65.8,59.6,5.67,1.83,7.83,48.33,5.17,35.5
"1971-04-08",168,8,94,68.2,59.8,7.67,2.83,8,41.67,8,39.33
"1971-04-09",173,4,96,71.2,59.4,8.17,4.5,12.33,53.33,13.17,46.5
"1971-04-10",185,10,91,73.8,55.4,9.5,3.5,11.33,66.67,11.5,43.83
"1971-04-11",155,12,84,74,53,7.33,3,9,76.67,12.33,44.67
"1971-04-12",180,4,106,74.2,59.8,8,4.5,13.5,70,13.33,45.5
"1971-04-13",150,10,90,71.2,65.8,8.33,4.5,15,78.33,9.67,51.67
"1971-04-14",155,12,84,59.6,75.2,5.17,1.33,6.5,35,2.83,27.83
"1971-04-15",172,5,97,70.4,68,6.33,2.5,9.83,41.67,9,34.67
"1971-04-16",163,9,85,64.2,73.2,5.33,1.83,6.83,30,4,30.5
"1971-04-17",168,5,84,59.4,61.8,3.67,1.33,4.67,31.67,4,17.83
"1971-04-18",175,5,96,64.4,47.4,4.17,1.33,5.5,46.67,4.17,32.33
"1971-04-19",173,7,102,64.4,63,5.5,1.5,4.83,36.67,4.17,27.17
"1971-04-20",179,7,109,60.6,65.6,4.17,1.67,6.17,38.33,4.33,24.5
"1971-04-21",161,6,80,62.2,47.2,4.17,2.33,6.67,33.33,4.83,27.5
"1971-04-22",158,7,85,68,47.2,6.67,2.5,9.83,45,7.17,39.67
"1971-04-23",174,11,92,68.2,54.2,7.17,2.5,12.17,51.67,7.17,40.33
"1971-04-24",178,9,109,63.4,61.2,5.17,1.83,5.83,31.67,6.33,24.83
"1971-04-25",159,4,83,60.2,60.6,3.67,2.17,5.5,35,3.83,16.5
"1971-04-26",169,12,85,61.2,57,6.5,1.83,7.33,56.67,4.17,40.33
"1971-04-27",172,9,101,66.6,54.8,8.33,2.83,9.17,53.33,5.83,46.83
"1971-04-28",162,5,89,63.6,63.4,4.83,2.17,8.83,31.67,4.83,27.33
"1971-04-29",177,12,96,66.4,64.8,5.17,3.33,9,36.67,7.17,32.83
"1971-04-30",183,3,100,71,65.2,8.33,4,13.5,51.67,10.5,54.83
"1971-05-01",187,7,101,65,69.4,4.83,2.33,8.17,31.67,9.17,30.83
"1971-05-02",161,7,79,68.4,62.2,5.83,2.67,7.83,46.67,7.67,29.33
"1971-05-03",183,6,97,65.2,62.4,5.17,2.83,7.5,41.67,3.5,32.83
"1971-05-04",166,6,94,65,63.8,5.17,2,6.5,36.67,3.83,35.67
"1971-05-05",156,6,88,62,70.4,5.5,2,7.67,38.33,2.33,36
"1971-05-06",149,9,81,56.6,80,5.5,1.5,6.17,33.33,2.83,43.5
"1971-05-07",182,15,92,67.4,62.6,7.67,2.33,6.5,46.67,4,34.17
"1971-05-08",166,6,86,67.2,66.4,7,2.33,8,55,6,40.5
"1971-05-09",173,6,97,71.2,60.6,6.17,3,9.5,56.67,8.5,29.33
"1971-05-10",137,4,79,71.4,67.6,6.83,4.17,15.17,58.33,9.33,41.67
"1971-05-11",171,5,96,70.6,73.4,5.83,2.5,11.17,36.67,10.33,40.67
"1971-05-12",180,8,91,70.6,74.6,6.83,2.83,10.33,43.33,12,40.17
"1971-05-13",166,4,89,74.6,69.4,8,4.83,15,65,13,45.83
"1971-05-14",181,6,98,71.8,72.2,5.83,2.83,9.83,90,7.33,35.33
"1971-05-15",167,10,93,72.6,67,5,2.33,7.67,31.67,9.17,24.33
"1971-05-16",182,9,100,79.2,56,5.17,2,7.5,36.67,7.17,27
"1971-05-17",186,7,98,84.8,30.8,5.33,2.5,6.67,36.67,6,25.67
"1971-05-18",169,12,86,85.2,24.4,9,4.17,12.67,51.67,9.5,45.17
"1971-05-19",162,9,89,84.6,33.6,8.67,4.5,13.67,55,15,49.67
"1971-05-20",174,5,87,73.4,61.6,7,3.33,11.83,53.33,8.17,35.83
"1971-05-21",160,5,76,64.4,59.6,4.67,1.67,6.33,36.67,4.17,21.33
"1971-05-22",178,8,100,66.2,61.8,4.17,1.5,6.5,35,5.17,24.5
"1971-05-23",152,6,64,70,64,4,2.33,7.33,50,9,29.17
"1971-05-24",176,4,97,77.6,62.2,7.17,3.33,16.33,70,12.17,47.5
"1971-05-25",162,3,98,75.6,65.4,5.67,4,16,56.67,10.33,48.17
"1971-05-26",150,6,84,68.6,69.8,3.67,2.33,7.83,35,4.83,23.67
"1971-05-27",156,7,87,63.2,63.4,3.17,1.67,5.17,30,2.67,20.67
"1971-05-28",166,6,88,61.6,75.8,4,2.33,6.67,33.33,2.33,23.67
"1971-05-29",186,7,106,65.8,71.6,3.17,2.17,5,38.33,4.33,17.17
"1971-05-30",176,8,80,63.4,74.4,2.67,2.17,5.17,26.67,5,17
"1971-05-31",197,6,104,66.6,59.6,3.17,1.83,5.67,30,4.67,18
"1971-06-01",180,10,92,68.8,56,5.33,1.83,8.17,43.33,7.67,34.5
"1971-06-02",168,4,93,65.8,64.2,4.17,2,7.17,43.33,4.17,30.5
"1971-06-03",177,11,94,68,62.6,4.17,1.5,7.17,41.67,5.5,24.83
"1971-06-04",162,2,82,73.4,60.4,6.17,2.33,11.83,71.67,10,41.17
"1971-06-05",154,6,70,73.2,67.4,5.5,2.17,10.17,53.33,12.17,36.17
"1971-06-06",235,7,112,73.2,66.8,2.67,1.67,8.83,31.67,11.17,26.67
"1971-06-07",180,3,92,69,67.8,4,2.17,9.33,33.33,7,32.17
"1971-06-08",164,8,80,67.4,74.8,5.17,2.33,9.33,35,5.67,33.17
"1971-06-09",159,9,63,65.4,75.4,4.33,2.5,7.33,33.33,4.33,29.67
"1971-06-10",174,7,97,63.8,77.4,4.67,1.67,7.83,40,2.67,34.17
"1971-06-11",165,9,88,72.2,67.4,5.17,2.5,9.83,46.67,7.67,34.33
"1971-06-12",173,5,84,78.8,61.8,5.83,2.5,10.83,56.67,11.83,34.17
"1971-06-13",176,7,91,80,62.4,4.5,2.83,10.83,53.33,15,30.17
"1971-06-14",174,8,87,87.6,50.4,7.67,4.17,19.83,71.67,18.83,52.83
"1971-06-15",149,0,90,86.2,54.4,10,5.17,25.5,78.33,19.5,64.67
"1971-06-16",171,4,86,83,57.4,8,4.5,19.83,68.33,16.17,56.83
"1971-06-17",190,7,102,78.8,63.6,7,4.67,17.83,73.33,11.33,50
"1971-06-18",146,6,72,80,63.2,5.83,4.5,17,53.33,14.5,43.17
"1971-06-19",172,10,82,81.8,61,7,4.5,16.83,71.67,20,45
"1971-06-20",171,7,80,90,50,8.33,5.17,17.83,57.5,21.67,43.5
"1971-06-21",179,10,83,84.4,58,7.5,3,18,43.33,14.83,47.17
"1971-06-22",180,9,86,83.4,60.8,6.5,6.17,15.67,53.33,15.83,46.33
"1971-06-23",168,7,82,84.2,58.4,6.17,4.33,17.33,51.67,16.5,53.5
"1971-06-24",181,6,96,77,67.4,5.67,4.67,14.5,41.67,10.83,42.5
"1971-06-25",158,3,89,77.4,69.2,5,3.83,11.83,38.33,10.83,37.83
"1971-06-26",146,7,79,76.6,69.8,3.67,2.67,7.83,30,10.5,28.83
"1971-06-27",167,6,88,76,71.2,3.33,1.5,5.83,30,10,24.5
"1971-06-28",176,10,101,75.6,64.8,4.67,2.17,7.67,30,6.67,24.17
"1971-06-29",175,5,91,78.4,63,5.67,2,10.33,51.67,10.17,33.33
"1971-06-30",151,3,71,78.2,62.4,5.17,3.83,11.67,50,9.33,36.33
"1971-07-01",144,10,67,77.8,63.6,6.17,3.5,13.33,46.67,10.67,38.67
"1971-07-02",168,6,82,78.8,63.2,5.5,3.33,11.5,53.33,13,38.83
"1971-07-03",183,6,83,80.2,62,4.5,3,10.5,31.67,12.5,27.5
"1971-07-04",160,9,82,79.4,63.4,4.33,3.33,8.83,40,13,27.67
"1971-07-05",160,8,68,79.2,63.8,4.5,3.67,10,38.33,11.5,29
"1971-07-06",183,7,100,80.2,62,6,3,11.17,38.33,12.33,35.33
"1971-07-07",174,10,91,80.6,61.2,6.33,3.33,12.17,40,14.33,41.5
"1971-07-08",167,7,93,83.2,58,7.17,4.83,18.67,63.33,17.83,50.67
"1971-07-09",159,7,86,88,50.4,10,5.33,22.33,76.67,17.5,58.67
"1971-07-10",178,9,95,91,42.8,9,5.83,22.5,70,16.67,51.83
"1971-07-11",192,6,93,95.4,36.8,7.67,4.83,15.17,61.67,17.67,49.33
"1971-07-12",181,8,85,89.4,47.6,8.83,3.83,19.83,78.33,12.67,51.17
"1971-07-13",159,4,88,90.6,49.4,8.33,5.83,19.5,61.67,17.5,59.67
"1971-07-14",179,9,99,83.2,60.8,6.5,3.17,16.33,56.67,13.67,44.67
"1971-07-15",171,7,86,81.4,64,5.33,2.67,12.17,41.67,10.67,40
"1971-07-16",173,8,94,84.2,59,6,2.83,13.83,51.67,9.33,40.67
"1971-07-17",183,5,87,88.8,57.8,6.17,2.83,14.67,48.33,12.33,35.83
"1971-07-18",172,12,98,87.8,54.6,4.83,3,10,50,11.33,37.5
"1971-07-19",151,3,82,84.6,60,6.33,5.5,13.83,48.33,10.67,39
"1971-07-20",156,6,81,84.8,62.8,5.83,4.5,13.33,41.67,13.83,43
"1971-07-21",189,11,97,84.4,63.8,6,3.67,13,45,13.83,38.33
"1971-07-22",159,9,94,83.8,67.4,6.17,3.17,12,38.33,13.83,43
"1971-07-23",162,3,78,84.2,64.4,5.67,3.67,11.67,38.33,12.5,34.67
"1971-07-24",168,3,82,83,66,4,3.17,8.33,33.33,12.5,26.33
"1971-07-25",175,8,100,83,64,4,3.17,8.17,33.33,13,22.33
"1971-07-26",174,9,87,82.2,65.6,5.67,3,11.33,38.33,15,40.33
"1971-07-27",138,8,62,83.6,63,6,4.5,15,46.67,15.67,42.33
"1971-07-28",136,6,61,83,66,6.83,4.67,14.33,48.33,12.67,44.83
"1971-07-29",138,6,76,89.6,57,7.67,4.17,13.17,48.33,13.33,46.17
"1971-07-30",183,11,89,89.6,53.4,8.83,4,15.17,63.33,14.67,49.33
"1971-07-31",189,8,89,91.8,52,7,5.5,16.33,55,15,37
"1971-08-01",190,5,99,92.8,51.4,5.83,4.17,13.17,48.33,14.17,30.33
"1971-08-02",194,10,111,94,49.2,8.17,4.5,19.33,53.33,11.5,46.5
"1971-08-03",178,8,89,94.4,48.2,8.17,5.33,21,70,17,52.83
"1971-08-04",189,13,90,94.8,52,8.33,4.67,19,51.67,13.33,50.17
"1971-08-05",178,7,99,94,48.6,9.67,5.83,17,55,14.67,52.5
"1971-08-06",200,8,114,95.4,42,9.83,12.83,23.17,61.67,19.33,54.83
"1971-08-07",202,9,119,93.2,50.8,7.17,4.5,12.5,56.67,15.33,33.33
"1971-08-08",170,5,96,95,47.6,7.5,4.67,14,51.67,21.17,35
"1971-08-09",195,11,106,94.2,47,10,5.33,18.17,65,16.17,47.67
"1971-08-10",185,14,91,93.6,52,7.83,3.83,11.5,66.67,11,43.83
"1971-08-11",185,11,89,90.4,55.2,8,6.5,15,55,13,46
"1971-08-12",171,5,90,88,56.6,6.67,4.17,13.17,56.67,10.67,38.33
"1971-08-13",180,6,103,86,62,5.17,3.5,10,36.67,9,34.5
"1971-08-14",176,6,97,84.2,64,4.33,3.5,8,36.67,9.5,24.67
"1971-08-15",171,5,96,85.8,65.8,4.17,3.33,7.33,30,11.67,23.33
"1971-08-16",155,9,90,85.6,64,6,4.5,11.17,43.33,12.5,44.67
"1971-08-17",166,12,78,86,63.8,6.17,3.17,9.67,45,10.83,38
"1971-08-18",153,3,94,86.2,63.4,7.17,4,12.83,63.33,13.83,41.67
"1971-08-19",160,7,82,85.2,64,6.5,3.5,10.33,48.33,13.33,37.67
"1971-08-20",179,9,88,83.6,64,4.83,3.17,7,33.33,9.17,31
"1971-08-21",157,9,74,81.8,62.6,3.5,2.83,6.5,30,9.67,23
"1971-08-22",170,5,86,83,64.2,3.83,3.33,5.83,31.67,13.33,26.67
"1971-08-23",155,6,89,83.6,64.4,5.83,3.33,9.83,45,13.5,39.17
"1971-08-24",160,2,87,81.6,64.2,4.5,3.17,7.17,33.33,10.67,32.83
"1971-08-25",175,7,86,85.4,60.6,5.5,3.83,10,38.33,13.17,35.83
"1971-08-26",181,6,88,92.8,47.2,10.83,4,14.5,61.67,14.83,51.5
"1971-08-27",171,9,86,93.2,42,12.5,4.5,16.5,81.67,18.17,57.17
"1971-08-28",177,7,85,93.2,45.6,9.67,6.83,14.17,75,19.5,46.83
"1971-08-29",169,9,101,90.6,48.6,7.33,5.17,12.33,60,17.17,35
"1971-08-30",166,5,83,84,55.8,7.5,3.5,10.5,70,10.33,44.17
"1971-08-31",165,5,79,81.6,61,7.83,5.33,13.83,56.67,11.67,43
"1971-09-01",169,5,86,82.8,62.4,6.5,2.83,11.5,68.33,12,41.33
"1971-09-02",165,9,80,80.4,66.4,4.33,4,8.67,35,11.67,31.33
"1971-09-03",156,9,79,81.6,61.8,5.33,2.17,9.17,40,11.67,30.5
"1971-09-04",163,6,88,85.8,62.6,6.67,5.33,13,51.67,17.67,36.83
"1971-09-05",184,8,102,86.2,56.6,5.33,2.83,9.5,70,12.67,25.5
"1971-09-06",175,5,95,89.6,55.2,5.67,2,8.33,58.33,6.33,28.33
"1971-09-07",185,11,98,91.6,51,8.83,4.83,16.83,56.67,15.5,54.33
"1971-09-08",190,7,98,95.2,48.4,12.17,10.67,20.67,80,19.33,63.5
"1971-09-09",165,6,84,90.4,50.6,9.17,6.67,17.5,66.67,16,47.5
"1971-09-10",195,10,110,92.6,51.6,11.33,5.5,20.83,76.67,16.83,59.33
"1971-09-11",167,6,81,99,44.8,11.17,4.67,20.67,68.33,19,57.33
"1971-09-12",172,8,95,104.4,39.4,13,5.17,18,90,23.17,56.83
"1971-09-13",202,8,112,105,37.6,17.17,8,27,86.67,21.5,72.17
"1971-09-14",189,12,106,93.4,56.6,8.67,4.67,16.5,56.67,17,46
"1971-09-15",155,10,79,84.2,67.4,5.17,2.83,10.33,35,9.33,35.67
"1971-09-16",184,13,83,77.2,74.2,5.17,3,10.17,43.33,4.17,38
"1971-09-17",167,7,91,77.2,72.2,5,3,7.5,40,4.17,27.83
"1971-09-18",187,7,97,86.4,62.8,5.67,3.17,8.67,38.33,14,29.83
"1971-09-19",155,9,78,87.8,51.8,7,2.67,9.67,55,8.17,34
"1971-09-20",163,3,84,77.4,64.8,6.67,4,9,48.33,7.17,37.83
"1971-09-21",142,5,86,75.6,66.2,4.67,3,7,30,7.33,32.5
"1971-09-22",174,5,93,79.8,63.8,7,2.83,9.5,48.33,10,44.33
"1971-09-23",165,4,93,85.6,52.8,12.17,4,22,86.67,15.17,66.5
"1971-09-24",192,6,100,84.6,49.4,13.83,4.67,19.67,81.67,12.67,69.33
"1971-09-25",177,6,82,74.2,60.8,6.5,2.33,5.67,36.67,5.5,29
"1971-09-26",183,6,91,74.2,60.6,7,2.17,6.17,45,6.67,33.17
"1971-09-27",155,5,82,74.4,58.8,8.33,2.5,9.5,46.67,7.17,44.17
"1971-09-28",162,8,86,76.6,55,9.83,3.83,12,51.67,10.17,56.17
"1971-09-29",157,7,83,74.2,57.4,10.5,3.83,13.67,56.67,8.33,58.5
"1971-09-30",155,6,80,70.8,61.8,6.83,2.5,7.33,38.33,3.83,39.33
"1971-10-01",159,9,71,77.8,43,9.5,2.5,11.33,46.67,7.67,49.83
"1971-10-02",197,10,98,82.6,35.6,11.5,2.83,13.17,58.33,9.67,51.17
"1971-10-03",170,7,81,85.6,34.2,11.17,3.5,14,66.67,8.83,51.83
"1971-10-04",183,11,109,93.4,22.6,16.83,3,19.67,60,7.33,72.17
"1971-10-05",175,16,86,99.4,18.8,14.33,3.5,13.83,61.67,7.33,65.17
"1971-10-06",188,8,93,100.8,19.6,16.17,3.17,14,66.67,7,58.17
"1971-10-07",165,6,94,95.8,26.6,13.33,4.83,17.17,68.33,11.5,63.33
"1971-10-08",184,9,94,88,48.8,14.83,5.33,22.83,95,18.67,67
"1971-10-09",211,12,120,89.4,53.4,15.67,7.5,24.5,103.33,24,69.33
"1971-10-10",167,6,93,100,32,14,7.17,19.67,68.33,17.5,57
"1971-10-11",183,12,104,96.8,33.4,15.5,10.5,21.83,70,17.17,74.33
"1971-10-12",187,5,110,84.8,55.6,16.17,6.83,28.17,86.67,13.5,79.17
"1971-10-13",157,7,86,80,67.4,13.17,9.67,28.33,83.33,14.5,89.5
"1971-10-14",158,9,89,73,73.8,5,2.83,8.67,35,5.83,37.33
"1971-10-15",176,10,87,68.2,70,5,2.33,6,30,3.5,29.83
"1971-10-16",155,9,70,62.2,59,4.5,1.83,4.5,28.33,2.5,30.5
"1971-10-17",163,7,85,63.4,62.2,6.17,2.17,5.83,36.67,3.33,42.5
"1971-10-18",172,11,97,67.4,56.4,8.5,2.17,10,41.67,4.5,57
"1971-10-19",182,8,94,75.8,41.6,13,2.5,13,53.33,7.83,91.67
"1971-10-20",194,7,101,79.8,37.6,16,3.83,15.33,71.67,6.83,78
"1971-10-21",172,6,92,80.8,44,16.83,7.83,21.17,73.33,9.83,85.33
"1971-10-22",160,9,88,84,35.8,15.67,3.83,22.67,110,11.17,81.33
"1971-10-23",197,11,103,73.4,60.8,13.5,2.67,12.33,85,6.67,57.67
"1971-10-24",164,8,79,64.6,67.4,6.17,1.17,5,38.33,2.83,53.83
"1971-10-25",196,10,107,65.6,62.4,9.17,2.83,8.33,45,4,53.83
"1971-10-26",212,17,103,67.6,69,8.83,2.5,8.33,50,4,51.17
"1971-10-27",171,7,104,62.6,72,7.33,2.17,6.83,38.33,3,40
"1971-10-28",162,6,99,61,40,4.83,1.67,5.5,43.33,2.83,45.17
"1971-10-29",161,10,80,61.2,24.6,9.83,2.17,7.17,41.67,3.17,56.83
"1971-10-30",172,5,97,68.6,30.2,10.33,3,9.83,53.33,5,56.67
"1971-10-31",202,10,105,66.4,50.6,11.5,4,12,56.67,5.17,70.67
"1971-11-01",160,8,88,77.2,33.4,12.83,2.67,11.67,63.33,6,66.5
"1971-11-02",194,14,109,81.4,30.4,18.67,4.67,19.83,76.67,6.5,83.17
"1971-11-03",186,9,109,88.2,22.2,18.83,4.5,18.33,76.67,5.67,67
"1971-11-04",184,6,103,85.2,28.8,21,4.67,22.83,78.33,8.17,80.67
"1971-11-05",193,11,112,72,60.6,17.5,5.83,23.33,91.67,8.83,84.5
"1971-11-06",194,7,102,71,71.8,7,6.67,19.83,51.67,7.17,67.17
"1971-11-07",166,6,95,63.2,82.4,7,4.17,12,48.33,6.17,58.17
"1971-11-08",198,15,87,69.2,71.6,13.83,6.5,23.5,68.33,7.67,84.83
"1971-11-09",180,9,94,74.6,60.4,21,8.83,33,88.33,9,102.67
"1971-11-10",167,4,82,72,71.4,13.67,5.17,26.17,63.33,9.17,76
"1971-11-11",172,3,93,68.4,70.4,15.33,4.5,25.5,98.33,4.17,84
"1971-11-12",165,11,73,65.4,72.2,7.17,2,10,48.33,2.17,45.67
"1971-11-13",156,9,70,65.8,71,7.33,2.83,8,40,3.67,38.67
"1971-11-14",168,4,86,67.4,41.8,4.17,2,5,33.33,2.83,21.67
"1971-11-15",156,6,91,64.8,42.8,11.83,3,9,48.33,2.33,59
"1971-11-16",149,7,97,69.4,35.2,10.83,4.67,7.5,43.33,2.67,50.5
"1971-11-17",174,10,100,67,60.4,14.33,3.33,10.5,65,3.17,66.33
"1971-11-18",175,8,98,61.4,64.2,12.83,3,10.67,58.33,2,63.83
"1971-11-19",190,5,111,72.4,21.8,16.33,2.33,9.67,63.33,3,64.83
"1971-11-20",165,8,85,72.2,35.4,16.33,3.5,13.5,71.67,3.17,70.5
"1971-11-21",183,5,109,65.6,61.4,11.17,2.5,9,58.33,4,58.33
"1971-11-22",178,4,108,65.6,68.6,12.83,3.33,15.17,60,4.67,71.67
"1971-11-23",161,8,91,69.8,66.8,19.17,4.67,21,86.67,6.33,83.33
"1971-11-24",195,9,106,71,62,20.33,4.67,30.17,86.67,7.83,89.83
"1971-11-25",177,9,104,65.2,76,16.33,3.5,18.33,73.33,8,82
"1971-11-26",202,6,114,63.6,73,15.33,5.5,23.67,100,6.5,90.67
"1971-11-27",178,5,90,65.2,72,7.67,2.83,12.5,51.67,3.5,51.67
"1971-11-28",156,5,84,63,73.8,7,3.17,10.83,43.33,3.33,47.17
"1971-11-29",173,1,103,66,68.6,7.33,2.67,7.83,51.67,2.33,35.5
"1971-11-30",176,9,75,64.2,70.6,9.83,2.17,8.83,50,2,50.17
"1971-12-01",157,10,88,68.8,40,14.33,3.33,11,63.33,2.17,62.83
"1971-12-02",209,10,119,61,60.6,11,3.83,10.33,53.33,1.33,62
"1971-12-03",194,2,95,59,54,6.33,2.67,5.5,46.67,1.67,34
"1971-12-04",189,8,98,65.8,36,7,2.17,5.67,40,2.5,38.67
"1971-12-05",165,7,91,68,33.4,14.5,3.67,11,55,2.83,73.5
"1971-12-06",180,8,100,62.2,56.6,14.67,4.33,17.17,58.33,1.83,76.17
"1971-12-07",189,11,103,58.8,27,4,1.5,4,25,2.5,37.17
"1971-12-08",177,6,97,56.8,21.8,14,4,10,50,2.83,73.33
"1971-12-09",177,4,98,58.8,47.6,14.17,3.33,11.5,56.67,1.5,86.67
"1971-12-10",202,9,124,56.8,67.2,14.17,3.5,11.33,66.67,1.83,72.33
"1971-12-11",194,11,110,59.2,51,13.83,2.5,8.67,60,2.33,72.17
"1971-12-12",201,13,106,59.6,51.4,11.33,2.83,9,51.67,2.83,66.83
"1971-12-13",177,15,100,57.2,50.4,4.5,2.17,4.83,33.33,1.67,27.67
"1971-12-14",179,9,100,58.6,51.8,13.17,4,10.17,65,1.67,70.83
"1971-12-15",186,10,105,59,54.8,10,3,7.5,55,1.83,59.67
"1971-12-16",175,10,94,66.4,35.2,17.17,4.33,12.5,66.67,2.5,76.5
"1971-12-17",208,12,126,69.2,31.6,20.67,4.83,16.17,70,2.17,89.5
"1971-12-18",174,6,92,62.6,47.4,13.83,3.5,11.83,70,1.33,68.5
"1971-12-19",218,9,133,62.6,53.8,13.33,4.17,9.67,60,2,65
"1971-12-20",177,6,100,61.2,61.4,16.17,4,12.67,65,2.83,80.33
"1971-12-21",175,9,100,60.2,59.8,15.17,3,13,70,2,75.17
"1971-12-22",188,10,107,58,93.8,8,1.83,4.67,36.67,1.17,35.67
"1971-12-23",222,11,118,63,87.4,13.67,2.67,9.5,53.33,1.33,56
"1971-12-24",207,18,106,57.4,93.8,7.17,1.67,4.83,36.67,1.17,33.17
"1971-12-25",216,12,122,58.2,95.4,3,2.5,4.5,28.33,1.67,18.5
"1971-12-26",196,13,112,54.8,76.8,7.33,1.67,5,40,2.5,38.5
"1971-12-27",179,13,101,48.2,90.4,7.5,1.5,5,36.67,2.17,42.83
"1971-12-28",212,14,115,48.8,85,7.83,1.67,4.5,38.33,1.33,51.83
"1971-12-29",193,8,102,55.4,70.8,11.83,3.33,9.17,58.33,2.17,75.5
"1971-12-30",217,15,120,61.6,55.6,11.83,6.5,11.67,58.33,2.5,76.5
"1971-12-31",216,14,119,66.2,36,14.67,3.17,10.17,63.33,2.83,64.67
"1972-01-01",229,11,113,71,36.8,13.5,4.17,9.67,63.33,3,67.17
"1972-01-02",231,19,128,72.2,43.2,14.5,3.33,10.33,63.33,3,67.83
"1972-01-03",199,12,113,63,50.8,14,2.5,10.33,75,2.67,74.5
"1972-01-04",217,16,118,60.2,24.6,12.17,1.67,7.17,58.33,2.67,79.17
"1972-01-05",191,15,94,66,31.6,15.33,3.83,8.33,65,2.5,78.33
"1972-01-06",217,11,124,74.8,33.4,17,6.67,11.83,63.33,2.17,72
"1972-01-07",223,15,128,64,63.4,20.83,5.83,22.17,91.67,2.67,95.17
"1972-01-08",211,14,118,55,75.6,16.17,8.17,16.17,85,2.83,81.67
"1972-01-09",177,10,100,64,62.6,14.83,5,16.5,73.33,4.17,83.17
"1972-01-10",196,15,107,66.6,62.2,21,8.5,24.83,90,4.17,96.33
"1972-01-11",229,9,139,72,53.4,22.33,6.17,25.83,91.67,4,99.17
"1972-01-12",195,16,105,64,67.6,26.67,9.17,26.83,113.33,4.17,113
"1972-01-13",189,18,106,63,74.6,21,7.33,24.5,111.67,3.33,96
"1972-01-14",212,11,114,69.2,60.8,23.33,5.83,27.17,78.33,3,84
"1972-01-15",206,18,101,79,27.2,15.17,2,13.17,63.33,2.5,62.5
"1972-01-16",218,13,126,75.8,33.2,13.5,2.17,8.5,65,3.17,60.5
"1972-01-17",191,19,110,63.2,67.4,13.67,4.5,22,85,2,68.5
"1972-01-18",218,17,121,58.6,74.8,9.17,6,17.17,58.33,2.17,79.67
"1972-01-19",226,17,123,57.4,73.8,9,4,16.33,46.67,2,60.17
"1972-01-20",205,9,130,59,72.8,11.17,4.5,15,63.33,4.5,69.83
"1972-01-21",217,10,113,58.2,78.4,14.33,6.83,21.33,91.67,5.17,83.67
"1972-01-22",190,13,94,61.8,79,13.83,6.67,20.17,75,5.17,78.17
"1972-01-23",192,13,108,58.8,81.2,10.67,3.83,13.17,55,4,62.17
"1972-01-24",211,18,122,73,49.4,16.17,3.5,11.5,66.67,4,70.5
"1972-01-25",202,18,113,61.6,70,11.17,3,10.17,63.33,5.17,55.33
"1972-01-26",213,18,106,55.6,62.4,8.33,3.5,5.33,50,2.33,38.33
"1972-01-27",188,17,100,55.8,62,9.17,3,7.83,53.33,2.5,54
"1972-01-28",170,17,89,64.2,58,17.33,2.83,13.67,75,4,72.17
"1972-01-29",185,14,94,69.2,44,17.17,3.17,12.67,70,3.17,72.17
"1972-01-30",223,14,130,70,23.8,9.33,2.33,6.33,53.33,3.83,46.17
"1972-01-31",175,11,100,65.6,30,14.5,3.33,11,65,3.67,64.17
"1972-02-01",195,13,119,59.6,58,11.17,2.33,11,61.67,3.67,61.83
"1972-02-02",219,13,116,64.8,40,11,2.33,9.33,55,4.17,55.5
"1972-02-03",186,13,93,66.2,23.2,14,2.83,7.83,70,2.5,65
"1972-02-04",187,11,107,64.4,35.8,13.17,6,15.33,73.33,2.17,64.67
"1972-02-05",205,10,119,57,81.2,5.83,2.5,7.5,40,1.83,30
"1972-02-06",196,13,107,62,78,7.67,2.33,4.83,51.67,3.33,37.83
"1972-02-07",186,13,97,68.6,67.8,14.17,5,19.83,76.67,5.83,62
"1972-02-08",207,15,113,68.4,49.4,16,4.67,20.5,81.67,4.17,72.33
"1972-02-09",212,11,130,68.6,58,14,5,17.17,66.67,4.33,73.5
"1972-02-10",186,11,94,70,61.6,14.67,5.17,22.5,75,6.5,83.33
"1972-02-11",200,12,120,74.8,34.8,14,2.5,13.33,73.33,5.5,63.83
"1972-02-12",212,17,116,75.2,25,12,1.83,9.33,61.67,6.5,49.67
"1972-02-13",197,12,103,74.2,33,12.17,2.67,10.67,58.33,6,50.67
"1972-02-14",212,15,116,64.2,63.2,10.83,2.33,10.33,61.67,5.17,60.83
"1972-02-15",188,14,102,67.2,69.2,12.17,3.5,14.17,71.67,6.5,60.5
"1972-02-16",174,17,95,72.2,63.6,17.17,5.67,25.67,91.67,10.67,81.83
"1972-02-17",205,16,106,70.4,65.4,15.67,5.33,26,83.33,10.33,76.33
"1972-02-18",202,15,100,68.2,72.6,13.83,7.5,26.83,71.67,7.5,77.5
"1972-02-19",180,8,103,69.8,67.4,11.17,3.83,15.17,70,8.5,58.33
"1972-02-20",210,14,114,70.8,63.4,10.17,7.5,16,66.67,10.33,53
"1972-02-21",200,19,112,62.6,78.2,9.33,5.83,15,85,4,54.33
"1972-02-22",170,9,86,67.6,76.4,6.5,4.5,13,45,5.83,52.17
"1972-02-23",186,16,99,64,70.8,8.33,3,9.83,65,5.5,42.83
"1972-02-24",190,9,111,65.2,71.8,10.5,5.17,13.83,73.33,7,57.5
"1972-02-25",172,8,100,70.4,65.8,13,5,16.83,90,10,68.17
"1972-02-26",181,8,98,68,71.4,14.17,5.33,20.5,81.67,12.5,67.5
"1972-02-27",192,9,93,75.6,61.8,13.67,6.83,18,90,13.67,64.5
"1972-02-28",188,6,112,67.4,74.6,8.33,6.5,17,61.67,11.17,59.33
"1972-02-29",155,8,84,62.6,74.6,5.17,2.67,9.33,40,3.67,34.67
"1972-03-01",169,8,100,73.4,52.8,6.83,4.33,11.67,41.67,5.67,40.5
"1972-03-02",184,12,100,79,48,10.17,5.33,14.83,70,7.5,53.17
"1972-03-03",172,8,80,78.8,55.4,8.33,4.67,13.33,56.67,5.17,46.33
"1972-03-04",197,7,106,87.4,53.4,8.33,5.33,18,75,13.5,47.67
"1972-03-05",160,7,98,77,67.4,8.67,5.17,18.33,98.33,10.83,42.5
"1972-03-06",171,13,90,65.6,81.4,8.17,5.17,19.17,55,9,53.17
"1972-03-07",183,15,95,61,85.8,5.83,3,10.83,43.33,4.67,42.5
"1972-03-08",158,6,82,68.6,73.2,5.17,3.83,11.17,41.67,9,40.5
"1972-03-09",173,5,96,69.2,73.6,7,5.5,14.17,46.67,9.83,51
"1972-03-10",167,5,93,75,65.2,9.5,4.67,17.83,56.67,12.67,56
"1972-03-11",191,13,104,71.6,74.8,10.17,5.83,16.25,76.67,8.67,44.67
"1972-03-12",165,8,87,67.8,81,8.17,3.83,12.17,53.33,9.33,37.33
"1972-03-13",163,6,89,64.2,82.6,6.67,4.67,14.33,51.67,6.5,52.33
"1972-03-14",145,8,75,67.8,78.4,7.33,5.5,15.33,48.33,12.5,55.83
"1972-03-15",164,10,85,72.8,74.6,8.17,6.83,18.83,50,15.5,67.5
"1972-03-16",199,7,107,73.6,72,7.67,4.5,16.33,53.33,12.33,54.83
"1972-03-17",188,17,91,63.2,80.4,7,3.33,12.33,48.33,6.83,48.5
"1972-03-18",170,3,90,65,77.4,5.33,2.83,10.33,43.33,10.33,37.83
"1972-03-19",200,12,107,68.6,79.6,6,5.33,10.17,46.67,15.17,43
"1972-03-20",164,9,94,67.6,75.2,5.83,3.5,10,35,9.67,37.83
"1972-03-21",158,11,85,72.4,67.6,6.5,5.33,13.5,43.33,13,44.5
"1972-03-22",160,9,81,68,68.6,6.17,3.83,7.33,36.67,8.5,30.17
"1972-03-23",143,7,69,68.4,64,8.17,3.67,9.83,65,6.83,42
"1972-03-24",166,9,88,79,49.2,12.17,4.17,19.33,63.33,10.33,57.5
"1972-03-25",181,9,94,71.8,61.4,8.5,4.5,14,71.67,9,43.5
"1972-03-26",162,5,74,66,66.2,3.33,4.67,5,31.67,6,27.33
"1972-03-27",175,12,88,65.2,42,6.5,2.17,6.33,48.33,3.67,37.83
"1972-03-28",144,4,77,65.8,54.4,6.17,2.83,7.83,41.67,5.67,36.17
"1972-03-29",177,10,94,66.2,58,7.33,2.83,9.5,53.33,6.17,39.33
"1972-03-30",159,13,86,73.8,41.4,9,2.67,10.83,55,6.67,50
"1972-03-31",155,4,86,76.8,37.2,8.33,3.5,14,60,9.67,47
"1972-04-01",168,6,90,76,52.4,9,6.67,13,63.33,8,42.67
"1972-04-02",181,6,103,72.8,62.8,7.83,3.83,11.33,58.33,12.67,38.67
"1972-04-03",169,8,102,71.2,69,7.83,3.67,13.33,63.33,10.17,42.5
"1972-04-04",146,10,80,76.6,65.2,9.33,4.67,19,70,13.67,52.67
"1972-04-05",166,6,89,74,59.8,12.67,6.83,20.83,78.33,8,64.17
"1972-04-06",174,7,93,74,61,6.33,2,9.33,48.33,4.67,31.5
"1972-04-07",168,8,91,73.8,62.6,7.83,2.83,11,53.33,7,36
"1972-04-08",166,9,94,74,56.8,8.67,4,14.83,70,9,46
"1972-04-09",159,8,89,75,55.8,7.83,4.33,11.67,63.33,12.5,36.33
"1972-04-10",166,7,90,72.4,58.6,5.67,3.83,10.5,53.33,5.33,39.33
"1972-04-11",159,6,87,66.8,59,7.17,2.67,11.67,55,3,41.67
"1972-04-12",152,4,85,67,56.8,5.33,1.5,6,38.33,3.5,29.67
"1972-04-13",167,4,87,68,42.4,4,2.17,4.67,31.67,3.83,27.33
"1972-04-14",174,4,102,71.8,30,7.67,3.5,8.5,45,4.5,41
"1972-04-15",168,7,86,77.6,34.6,9,3.5,8.33,55,10,44.33
"1972-04-16",183,9,99,77.2,43,10.33,4.5,12.67,68.33,10.5,45.83
"1972-04-17",156,8,88,69.6,62.2,5.5,2.33,7.33,45,5,32.83
"1972-04-18",154,4,75,61.2,63.4,4.5,1.67,6.17,33.33,4.33,30.17
"1972-04-19",147,5,79,61.8,57.2,6.83,1.17,9,38.33,4.5,35.83
"1972-04-20",189,5,109,69.8,52.4,8.17,2.5,12.5,53.33,7.67,43
"1972-04-21",170,10,95,75.2,48.4,9,4,13,56.67,11,49.5
"1972-04-22",197,7,107,75,51.6,9.67,4.17,13.17,71.67,13,47.83
"1972-04-23",180,7,96,75,60,7.33,3.5,9.83,50,12,37.5
"1972-04-24",153,5,73,69.2,63.8,4.83,2.83,8.33,35,6.33,37.33
"1972-04-25",185,7,86,73,53.2,6.67,1.83,7.67,35,7.5,33
"1972-04-26",160,11,83,85.4,42.4,8.83,4,19.83,60,12.17,51.17
"1972-04-27",178,11,92,83.8,42.2,7.33,5.5,17.83,58.33,12,49.17
"1972-04-28",165,8,87,77,57.8,6.83,5.83,13,51.67,11.17,40.83
"1972-04-29",181,4,110,71.6,63.4,6.17,2.67,8.67,53.33,8.67,32.33
"1972-04-30",162,3,76,76.2,63.6,5.83,2.67,10.33,55,12.67,34.33
"1972-05-01",164,10,84,77.8,62.4,7.5,8,14.67,60,12.83,53.83
"1972-05-02",170,12,90,78,59.2,7.17,4.17,11.67,65,10.83,47.17
"1972-05-03",181,7,95,74.2,63.8,5.83,7,12,66.67,9.5,42.17
"1972-05-04",143,10,74,69,64.8,3.67,2,6,30,6.33,29.33
"1972-05-05",159,6,81,65.8,63.6,3.5,1.67,5.5,30,4.83,25
"1972-05-06",165,10,83,65.6,65,3.33,1.5,5.17,30,4.83,19.33
"1972-05-07",178,7,97,67.6,65,3.33,1.17,5,36.67,5.17,18.83
"1972-05-08",161,10,79,70.8,61,4.67,2,7.5,40,7.33,40.67
"1972-05-09",175,8,94,70.6,61.8,6.17,3.17,7.33,53.33,7,38.33
"1972-05-10",171,5,94,76,64,6.17,2.67,8,43.33,11,33.5
"1972-05-11",175,3,95,80,60.4,7.33,4.67,13.5,55,15.67,46.5
"1972-05-12",191,12,108,83.4,54,9.17,8.83,16.33,65,14.33,51.83
"1972-05-13",176,9,94,87,49.2,10.33,3.83,13.67,76.67,19.33,43
"1972-05-14",167,7,86,86.2,49.8,8.17,4.17,15.5,68.33,14.33,38.17
"1972-05-15",175,9,85,76.6,67.4,6.17,4,13.17,48.33,11.33,52
"1972-05-16",161,8,80,72.6,68,4.17,2,7.33,33.33,9,29.17
"1972-05-17",173,4,96,70,63.8,3.83,2,6.33,36.67,9,21.83
"1972-05-18",144,9,84,66,68.8,3.67,2.17,5.17,35,4.33,21.67
"1972-05-19",152,7,77,60.8,57,4.33,2.17,5.17,33.33,3.5,23.67
"1972-05-20",195,6,107,66.2,53.8,4.67,1.83,5,38.33,4,24
"1972-05-21",159,9,78,69.6,56.2,4.67,2.5,5.17,40,4.5,25.67
"1972-05-22",170,9,87,74.4,59.2,5.17,3.5,9.17,43.33,8.67,34.5
"1972-05-23",153,5,83,74.6,64.4,5.33,2,7.67,48.33,7.83,37
"1972-05-24",188,6,98,69.6,68,3.83,1.67,6.67,30,5.67,28.33
"1972-05-25",179,6,99,68.2,65.8,4,1.5,5.67,36.67,4.5,24.67
"1972-05-26",181,5,89,74,64.2,6.33,1.67,8.17,46.67,9.17,41.17
"1972-05-27",186,6,94,85.6,55,9.5,3.17,12,53.33,11.83,41.5
"1972-05-28",210,7,106,92.6,42.8,9.33,2.83,9.17,61.67,9.33,37.67
"1972-05-29",185,10,101,92.2,51.6,5.17,2.67,9.17,58.33,14,27.17
"1972-05-30",153,5,92,89.8,53.2,6.5,3,11.5,48.33,14.17,43.67
"1972-05-31",171,4,96,85.2,56.4,7.67,3.83,13.33,55,12.83,48.5
"1972-06-01",159,2,74,85,59.6,5.5,3,11.83,43.33,17,43.67
"1972-06-02",162,9,79,79.2,68.4,5,3,9.5,41.67,12.17,35.17
"1972-06-03",170,6,88,78.4,70.2,3.83,3.33,8.83,35,15.67,31.33
"1972-06-04",162,8,80,81,65.4,3.83,3.5,9.67,40,18,30.67
"1972-06-05",142,3,72,88.6,62.8,6.5,4,14.33,41.67,15.5,43.67
"1972-06-06",174,8,89,77.2,73.6,5,4.33,9.67,46.67,10.67,37.83
"1972-06-07",169,13,83,71.6,81.2,5.17,2.67,8.5,43.33,8.17,31.5
"1972-06-08",168,5,90,71.4,79.4,5,1.5,7.67,41.67,5.5,30.33
"1972-06-09",164,6,86,71,78.2,4.5,2.33,6.17,41.67,3.33,30
"1972-06-10",161,9,80,75.4,65.2,4.83,2.17,4.67,36.67,6,22.83
"1972-06-11",164,6,88,85,46.8,6.33,3,9.5,56.67,14.17,32.17
"1972-06-12",167,4,98,83.4,49.8,8.5,3.67,15,73.33,13.67,49.33
"1972-06-13",152,5,75,78.2,64,5,2.17,9.17,36.67,8.5,33.83
"1972-06-14",158,6,79,79.6,62.4,4.67,3.33,8.67,38.33,11.17,32.33
"1972-06-15",154,8,85,81.4,59,6.5,4.5,11.5,50,8.83,37
"1972-06-16",174,5,78,80.4,64.6,5,2.67,9.67,48.33,12.33,33.83
"1972-06-17",153,7,85,78.4,68.4,3.83,2.5,6.5,35,11,20.83
"1972-06-18",163,4,88,79.4,63.8,3.5,2.33,4.83,35,9.83,17.67
"1972-06-19",157,4,83,80.2,63.2,4.33,2.17,7.83,36.67,11.5,27.5
"1972-06-20",174,7,100,82.6,68.2,7.17,3.67,12.83,51.67,9.17,40.67
"1972-06-21",181,6,94,79.8,62.2,6.83,4.33,12,63.33,9.33,42.33
"1972-06-22",160,9,81,70.4,74.8,3.83,1.5,5,36.67,2.5,21.17
"1972-06-23",165,11,73,73.2,67.6,3.67,1.83,4.5,45,5,19.83
"1972-06-24",176,8,86,75,65.4,3.33,1.83,5.33,36.67,6.83,24.67
"1972-06-25",149,7,78,76.4,59.2,4,1.67,6.17,33.33,7.17,20.17
"1972-06-26",156,3,80,79,59.8,4.33,3.17,7.5,46.67,10,27.67
"1972-06-27",158,2,94,81,59.2,5.5,3.83,9.83,58.33,12.33,34.33
"1972-06-28",171,10,90,83.6,61,7.33,5,13.83,73.33,13,44.5
"1972-06-29",181,7,109,87.6,59.4,7.83,7.17,19,76.67,18.5,48
"1972-06-30",177,8,97,79.8,71.2,5.67,4.17,11,46.67,11.17,39.83
"1972-07-01",180,3,94,80.2,70.2,3.83,5,7.17,40,15.33,33.33
"1972-07-02",180,11,96,78.2,66.6,3.17,2.83,6,36.67,12.33,27.33
"1972-07-03",177,5,85,81,63.8,5.5,4.5,7.67,33.33,13.5,31
"1972-07-04",172,10,74,86.8,53.4,5,4.33,9,73.33,15,32.17
"1972-07-05",167,4,79,86.4,51.6,7.33,5.5,12.5,63.33,12.33,48
"1972-07-06",172,12,91,85.2,53.8,7.83,7.33,13,86.67,13.5,42.67
"1972-07-07",168,6,92,86.4,56,8.17,7,14,60,15.5,42.33
"1972-07-08",180,6,87,85.6,60.8,5.5,4.33,11.67,51.67,8.5,31.5
"1972-07-09",170,9,92,83.4,59.8,4.83,4.17,8.5,50,12.5,22.83
"1972-07-10",148,7,72,85,59.2,6.5,4.33,13.33,53.33,15.33,42.33
"1972-07-11",155,10,81,89.8,52.4,7.5,4.83,16.17,71.67,22.83,46.67
"1972-07-12",171,5,90,86.8,61,6.17,4.67,12,45,19,47.33
"1972-07-13",152,3,77,87,61.8,6.67,6.33,13.67,55,21.67,43.5
"1972-07-14",161,14,78,81.2,68.4,5.17,2.67,7.5,36.67,8.17,33.67
"1972-07-15",197,6,110,83.2,66,4,2.17,4.67,30,9.5,18.83
"1972-07-16",177,12,86,83.4,61.2,4,2.67,5.5,30,9.5,17.67
"1972-07-17",172,5,82,82,59.4,5.67,2,7,35,6.67,35.5
"1972-07-18",169,7,100,80.4,59.6,4,2.67,6.17,35,6,21.5
"1972-07-19",172,5,96,76.2,65.8,4,2,4.33,30,5.5,22.67
"1972-07-20",152,6,84,74.8,64.8,3.67,2,4.5,33.33,4.17,21
"1972-07-21",201,14,95,78.4,57.8,4.83,2,5.67,35,6,25
"1972-07-22",164,8,71,83.4,55.4,6,3.17,8.83,48.33,16.33,33.67
"1972-07-23",176,13,84,90.2,45,6.5,5.5,11.83,63.33,15.17,33
"1972-07-24",183,10,98,89.4,43.4,8.83,3.67,16.67,60,17.5,54.67
"1972-07-25",174,8,80,89.2,44.4,7.17,5,14.5,48.33,15.17,46.17
"1972-07-26",170,1,90,92.6,38.6,8.33,6.83,17.67,63.33,19.5,51.83
"1972-07-27",180,7,104,97,36.8,12,4.17,20.83,68.33,15.67,56.5
"1972-07-28",161,5,90,96.2,41.4,13.33,4,19.83,88.33,17.33,60
"1972-07-29",212,11,98,95.4,35.2,7.5,3.33,12.67,50,10.83,39.67
"1972-07-30",191,2,94,97.6,42.4,7.17,4,17.67,70,16.67,34.5
"1972-07-31",181,7,95,98.2,41.6,9,7.17,19.67,65,17.33,51.83
"1972-08-01",182,19,90,94.4,43.4,8.67,5,16.67,65,20.5,49.17
"1972-08-02",184,5,89,83.4,59.2,6.83,4.67,11.83,48.33,7.5,41.67
"1972-08-03",154,6,82,80,64.8,5,2.17,6.67,30,9.5,34.67
"1972-08-04",187,10,100,81.2,63.4,5.5,3.83,9.67,33.33,12.33,33
"1972-08-05",190,13,93,88.4,57.6,6.17,3.17,13.17,61.67,11.83,46.5
"1972-08-06",172,8,101,91.8,47.6,4.67,3.5,10.5,46.67,9.83,25.5
"1972-08-07",180,9,97,88.4,55.2,5.5,3.67,11.83,43.33,9.17,36.83
"1972-08-08",177,10,92,84.6,59.8,4.67,3,9.5,45,10.17,31.33
"1972-08-09",157,8,86,82.2,65.6,4.33,2.33,9.5,38.33,9.17,36.5
"1972-08-10",170,9,86,84.8,64.4,5.83,3.5,12.33,41.67,13.33,41.33
"1972-08-11",161,5,88,85.2,65.4,5.5,4.5,12.17,40,15.67,49
"1972-08-12",170,6,91,77,77.8,4.5,2,7.67,35,7.17,24
"1972-08-13",139,8,69,77.4,72.8,3.33,2,5.83,33.33,5.83,19.33
"1972-08-14",171,6,84,79.4,63.8,3.83,2,7.17,33.33,7.5,23.33
"1972-08-15",157,4,87,78.4,64.6,6.17,3.33,7.83,46.67,11.17,44.67
"1972-08-16",168,8,101,80,57.4,6.83,3,12.17,53.33,11,46.83
"1972-08-17",158,4,99,80.6,60.2,7.83,2.33,11.83,58.33,9.5,48.33
"1972-08-18",160,6,88,76.2,64,4,1.83,5.83,33.33,5.67,25
"1972-08-19",173,4,86,78.8,60.4,3.83,2,7,31.67,7.83,22.5
"1972-08-20",161,7,77,84.8,51.8,5.83,2,10.17,46.67,10,30.83
"1972-08-21",171,3,89,93.4,41.4,10.17,5.33,19.83,66.67,17.67,59.33
"1972-08-22",169,12,85,97.8,35.4,12.5,5,18.83,73.33,15.33,67
"1972-08-23",158,5,83,87.8,51.6,7.67,3.33,12.33,60,11.67,50.83
"1972-08-24",140,1,72,73.6,71.2,4,2.33,6,38.33,3.67,25.17
"1972-08-25",145,3,70,78.4,63.8,4,2,6.67,33.33,7,25.33
"1972-08-26",186,4,93,78.4,69,4.67,2.33,7.17,48.33,8.5,29.33
"1972-08-27",151,9,76,78.6,71.8,4.17,3,8.83,33.33,10.67,24.33
"1972-08-28",162,7,81,88,59.6,7.17,3.33,15.67,51.67,12,42.67
"1972-08-29",153,8,79,93.8,45.4,10.67,3.83,21.33,58.33,11.83,56.33
"1972-08-30",156,10,87,89,58.2,6.17,2.5,10.5,55,12.17,37.33
"1972-08-31",166,8,77,86,62.8,6.67,3,11.33,53.33,11.17,44.5
"1972-09-01",187,11,96,80.6,69.8,4.67,3.67,9,33.33,11.67,34.33
"1972-09-02",129,5,63,81.6,64.6,4.17,2.83,8,36.67,8.33,26.33
"1972-09-03",173,6,98,79.8,75.6,6.17,2.5,8.33,43.33,7.33,29
"1972-09-04",171,6,92,90.8,53.8,6.67,3.17,7.83,50,10.17,32.17
"1972-09-05",164,5,84,86.8,60.4,7.33,2.83,10.67,56.67,6.33,44.67
"1972-09-06",170,7,92,80.6,72.2,5.83,2.5,5.17,36.67,5.5,29.33
"1972-09-07",168,9,90,77.6,72.6,3.67,2.5,6,36.67,6.67,24
"1972-09-08",174,5,92,76.8,73.2,3.67,2.83,6.83,36.67,7.33,26.5
"1972-09-09",160,5,77,74.8,70.2,2.83,2.83,5.33,36.67,5.83,19.33
"1972-09-10",150,6,73,73.6,68,2.67,1.67,5.67,33.33,4.5,12
"1972-09-11",159,8,81,74.6,62.2,4.5,2.33,5.33,45,4.33,22.17
"1972-09-12",137,5,65,78,55.4,7.83,3.67,11.5,51.67,10.33,48.5
"1972-09-13",156,4,89,79.6,53,9.17,4.83,16.67,65,11.67,56.83
"1972-09-14",181,7,100,77.6,58.2,10.33,3.83,16,86.67,10,65.17
"1972-09-15",155,4,80,77,64.8,7.5,4.67,14.5,60,13.67,55.5
"1972-09-16",174,4,100,77.4,66.2,6.5,4,11,51.67,14.83,38.33
"1972-09-17",169,8,84,76.2,66.4,5.5,2.17,7.33,61.67,10.33,32.5
"1972-09-18",184,5,98,75.6,59.8,6,2.83,8.67,51.67,6.83,40.17
"1972-09-19",167,7,89,76,62.2,7.67,1.83,6.83,45,4,43.83
"1972-09-20",157,4,85,88.4,47.6,10.83,3.33,17.17,56.67,10.83,58.83
"1972-09-21",164,7,86,94.2,30.4,13.83,3.83,21.67,66.67,13.67,77
"1972-09-22",187,3,116,87,47.2,13.17,4.33,21.83,66.67,17.5,75.5
"1972-09-23",154,7,74,78.8,63,5.33,2.17,9.17,46.67,8.5,34.17
"1972-09-24",155,4,84,72.6,65,2.83,1.83,5.5,31.67,4.5,19.5
"1972-09-25",159,5,89,76.2,62.6,7.17,2.67,6.83,51.67,7,40.5
"1972-09-26",162,11,85,76.8,64.6,7,2.83,10.33,51.67,10.33,45.17
"1972-09-27",177,6,92,77,68,5.5,4,10.33,48.33,8.83,43.17
"1972-09-28",147,5,76,78.4,67.4,6.17,3.67,10.17,51.67,6.67,40.17
"1972-09-29",172,5,95,85.2,63.8,8.67,3.17,15.67,61.67,11,51.17
"1972-09-30",168,7,87,88.6,51.4,10.17,6.5,15.83,71.67,14.67,52.33
"1972-10-01",160,1,79,76.2,63.4,8.17,3,6.83,55,4.17,33.83
"1972-10-02",147,2,84,72,61.8,6.5,1.83,5.67,46.67,2.17,30.33
"1972-10-03",168,4,102,73.6,65.6,7.83,2.33,9.33,60,2.83,44.33
"1972-10-04",140,7,65,75.2,62,8.33,2.83,9.83,53.33,6.33,45.33
"1972-10-05",156,7,82,92,38.2,13.33,2.33,22.17,61.67,9.67,67.5
"1972-10-06",171,7,98,93.8,28.4,13.33,4,12.67,66.67,8,62.17
"1972-10-07",175,12,96,73.2,69,3,2.33,6,33.33,4.67,19.33
"1972-10-08",190,9,108,69.4,70.2,3,3.5,6,35,3.83,18.83
"1972-10-09",137,4,75,72.6,58.2,6.17,1.83,4.33,41.67,3.33,38.33
"1972-10-10",139,7,73,73,58.8,8.67,2.33,10.33,51.67,4.17,53
"1972-10-11",155,7,76,78.2,56,8.67,1.5,9.67,48.33,5.17,52.33
"1972-10-12",145,6,71,74.8,64.6,12.33,2.33,14,65,4.5,63.67
"1972-10-13",166,6,89,78.6,53,10.5,3.5,11.67,60,5.33,59.5
"1972-10-14",173,2,97,74.8,57.6,8.5,2.5,7.67,56.67,3,44.67
"1972-10-15",162,6,80,75.6,56.8,7.67,1.67,6.5,45,6.5,36.83
"1972-10-16",176,4,97,71.8,60.2,9.5,2,9.5,48.33,3.33,55.33
"1972-10-17",167,5,94,70.4,64.4,10.33,2,12.17,51.67,3.17,60.83
"1972-10-18",155,6,81,68.8,64.8,10,2.5,11,63.33,2.5,58.67
"1972-10-19",172,12,103,69.6,68,9,3.17,7.5,45,4.83,47
"1972-10-20",160,7,77,65.8,73.6,10.67,3,8,46.67,2,57
"1972-10-21",189,9,86,71.2,68.6,10,7,10.83,53.33,10.33,53.5
"1972-10-22",179,10,96,73.8,68.6,8.5,3.83,11.67,55,12.83,52.33
"1972-10-23",167,4,94,77.6,66.4,10.5,7.5,19,73.33,9.5,69.83
"1972-10-24",170,5,99,75.6,69,10.83,3.83,14.83,60,9.33,64.17
"1972-10-25",152,11,76,78.6,51,14,3.5,11.33,60,5.33,71.33
"1972-10-26",159,5,78,67.6,69.2,10.83,3,11,60,2.67,62
"1972-10-27",165,6,91,66.4,69.4,13,3.17,11.17,60,2.33,68
"1972-10-28",154,7,82,72.8,61.6,12.5,2.5,10.5,60,6,68.5
"1972-10-29",180,10,95,72.8,43.6,9,2,6.5,53.33,3.83,53.67
"1972-10-30",202,13,103,68.8,17.2,3.33,2.17,5.17,35,3,24.33
"1972-10-31",157,4,84,70,24.2,12.17,2.5,8.83,55,3.5,83.17
"1972-11-01",173,6,96,69.2,47.2,12,3,11.5,53.33,4.17,64.83
"1972-11-02",190,10,110,75.4,52.2,18.17,4,19.33,71.67,8.17,81.67
"1972-11-03",181,8,108,80.4,47,19,8,28.83,86.67,13.67,88.17
"1972-11-04",166,5,92,65.2,77,13.5,2.83,16.67,70,4.5,74.83
"1972-11-05",188,12,104,71.2,69.8,11,2.5,10.17,61.67,6.67,64.17
"1972-11-06",183,9,82,77.6,48,15.33,3.5,17.67,68.33,6.67,71.83
"1972-11-07",187,7,98,66.8,69,13.33,3.83,16.5,58.33,2.83,70.83
"1972-11-08",171,6,96,68.2,50,5.83,2.5,6.17,48.33,2.67,39.83
"1972-11-09",161,8,96,73.2,46.6,12.67,3.33,13.33,60,4.83,67.33
"1972-11-10",181,5,94,65.4,63.8,12.33,3.33,12.83,73.33,2,80.5
"1972-11-11",195,3,108,62.4,66,4.83,1.83,4.33,28.33,2.33,35
"1972-11-12",173,9,93,64.6,61,8,5.33,6.17,38.33,2.5,58.5
"1972-11-13",169,8,90,64,68.2,8.33,2.17,6.67,46.67,2.17,56.5
"1972-11-14",176,10,95,58,86.4,13.17,1.83,5.67,41.67,1.33,72.17
"1972-11-15",178,9,95,62.8,76.2,10,2,6.67,45,1.67,53.67
"1972-11-16",164,11,92,61,84.8,7.83,2.5,5.67,30,1.5,40.33
"1972-11-17",161,5,92,65,70.4,8.33,2.33,6.17,30,2.33,45.5
"1972-11-18",176,11,84,66,64.8,12.5,3.17,10.17,56.67,4,66.17
"1972-11-19",178,5,97,65.2,70.8,12.33,2.83,10.5,56.67,3.83,67.5
"1972-11-20",189,4,101,70.2,54.8,10.33,2.5,11.17,46.67,4.17,59
"1972-11-21",174,5,102,72,38.2,11,2,10.5,50,4.33,58.33
"1972-11-22",162,12,81,68.6,35.2,11.83,3.67,10.17,56.67,2.17,56.5
"1972-11-23",166,4,88,70,37.6,9.33,4,7,46.67,2.67,46.5
"1972-11-24",194,8,108,68.8,49,15.83,3,12.5,65,2.83,73
"1972-11-25",189,11,97,73.8,48.4,16.5,3,18.17,66.67,6,76.83
"1972-11-26",191,10,99,82,41.6,14.83,2.83,16.17,71.67,5.67,69.5
"1972-11-27",203,11,105,77,54.4,21.67,4.33,27,86.67,7.33,90.33
"1972-11-28",170,7,93,75.8,41.8,15.33,4,21.5,68.33,4.33,77.17
"1972-11-29",188,13,101,79.2,34,15.83,3,18.17,71.67,3.5,75.83
"1972-11-30",189,8,97,79.8,31.8,16.67,3.67,15.17,70,3.33,73.33
"1972-12-01",156,5,92,81.8,30.6,23.67,4.33,16.17,88.33,3.33,80.17
"1972-12-02",187,11,90,70,61.4,19.5,5.33,21.17,80,5,74.33
"1972-12-03",195,10,108,61.8,67.8,6.5,1.83,9.5,33.33,3.83,46.5
"1972-12-04",194,8,104,57.6,80.6,5.67,1.83,7.5,35,1.67,37.33
"1972-12-05",164,4,91,56.8,43.4,13,2.17,10.17,38.33,2.33,70.83
"1972-12-06",163,7,98,56,56.8,11.67,2.5,11,41.67,1.67,69
"1972-12-07",179,5,103,58.6,61.8,9.83,2.17,6.33,48.33,2,56.33
"1972-12-08",177,11,98,54,71.8,6.17,1.67,5.17,35,1.83,41.33
"1972-12-09",189,4,99,50.4,46.2,8,2.17,7.5,38.33,1.83,58
"1972-12-10",184,6,86,47.6,46.8,7,2.17,9,35,1.33,51.5
"1972-12-11",183,7,113,53.8,38.4,9.67,1.83,7.5,40,2,64.83
"1972-12-12",173,5,91,56.2,46.4,10.67,2.17,9.5,48.33,2.33,76
"1972-12-13",195,13,93,59.8,38,11.17,3.67,8.83,58.33,2.17,67.67
"1972-12-14",188,8,111,63,40.4,15.5,3.17,12,58.33,2.83,81
"1972-12-15",192,8,114,67.4,28,12,2.17,8.33,48.33,1.83,79.67
"1972-12-16",184,17,103,72.8,26.2,8.17,3.17,6.5,41.67,1.83,49.33
"1972-12-17",187,10,99,70,36.4,16.33,3.33,11.5,75,1.5,79.17
"1972-12-18",199,12,109,75.4,49.4,16.33,2.33,18,75,3.67,78.33
"1972-12-19",192,10,104,67.6,68.4,16,4.17,30.67,80,3,95
"1972-12-20",192,14,102,80.4,53,17.17,3.5,16.5,66.67,3.67,74.17
"1972-12-21",207,15,120,80,40.6,23,3.67,18.5,86.67,4.67,87.83
"1972-12-22",199,16,113,68.8,70,21.5,4.33,18.67,91.67,3.17,89.33
"1972-12-23",201,10,94,72.6,67.4,14.83,3,10.83,65,5.17,62
"1972-12-24",200,4,113,71.6,57.8,14.33,2.83,10.33,73.33,3.33,62
"1972-12-25",190,10,115,78.4,18.4,7,2.83,6.83,40,3.5,37.5
"1972-12-26",212,15,120,79.6,29,14,3.67,11,71.67,2.83,68
"1972-12-27",217,10,126,76.6,32.2,16.5,3,11.17,63.33,3,73.83
"1972-12-28",193,19,128,57.8,38.8,13,2.5,9.83,60,2.33,66.5
"1972-12-29",189,20,108,62.6,29.8,7.67,3.67,7.17,40,2.5,54
"1972-12-30",186,5,108,63.8,37,10.33,3.67,8.17,53.33,2.67,67.17
"1972-12-31",205,15,110,65.6,36.6,10.33,4.5,8.67,58.33,3,62.17
"1973-01-01",193,14,114,65.2,15,4.67,2.83,5.17,36.67,3.33,38.17
"1973-01-02",214,13,129,63.8,39.6,12.67,2.83,9.67,51.67,2.83,67.33
"1973-01-03",242,19,138,58,59.2,9,1.83,7.17,50,2.67,48.33
"1973-01-04",220,27,122,55,57.6,12.5,1.83,7.83,43.33,1.83,67.83
"1973-01-05",198,12,124,59.8,34.4,12.33,2.5,8.67,45,3.33,84.83
"1973-01-06",225,18,140,59.2,34.2,13.83,3,9.67,60,2.83,88.83
"1973-01-07",221,21,140,58.4,52.2,12.67,2.5,9.67,56.67,3.5,92.67
"1973-01-08",236,15,137,59.2,64.4,12.5,2.83,9,55,2.33,77.17
"1973-01-09",244,23,137,58.8,79.8,7.33,2,6.5,40,2,42.67
"1973-01-10",214,25,126,62.4,75.8,14.83,3,10.17,61.67,2.33,75.17
"1973-01-11",244,30,133,68.2,65.4,15,3.33,13,66.67,3.33,74.67
"1973-01-12",230,28,116,70.8,63.8,18.17,4.67,24.33,73.33,3.5,87.67
"1973-01-13",217,28,120,79.4,54.6,18.67,2.83,14.33,65,3.83,75
"1973-01-14",230,22,144,79,44.8,11.33,3.67,16.33,61.67,5.17,51.67
"1973-01-15",238,31,117,62.4,80,6.83,3.67,11,43.33,2.67,47.17
"1973-01-16",235,32,118,56.8,90.2,7.83,1.5,6.83,38.33,2,46.17
"1973-01-17",228,25,125,61.2,72,9.67,2,8.67,48.33,2.67,56.17
"1973-01-18",237,29,118,57.8,76.6,8,1.83,5.5,41.67,1.67,43.5
"1973-01-19",235,37,110,57,40.6,5.17,1.33,4.67,31.67,3,29
"1973-01-20",218,22,124,59.4,38.2,10,2.17,7.5,48.33,2.83,53.5
"1973-01-21",231,33,131,58.8,61.2,8.67,2.67,6.83,50,2.5,53.17
"1973-01-22",228,32,121,66.4,38,10.5,2.83,7.83,43.33,2.33,61
"1973-01-23",222,24,113,66.8,37.8,13.67,3,10.33,55,2.83,72.83
"1973-01-24",224,30,117,67.4,40.8,15.5,2.67,12.5,63.33,3.17,75.83
"1973-01-25",202,21,119,60,68.2,13.17,3.17,12.33,68.33,1.83,78
"1973-01-26",226,23,133,63,50.6,10.17,2.67,8,45,2.5,60.33
"1973-01-27",196,19,103,69.6,40.4,9.67,3.5,10.67,43.33,3.33,53
"1973-01-28",234,21,122,73.8,26.2,6.83,1.83,6,41.67,2.67,35.83
"1973-01-29",235,20,144,67.6,45,11.33,2.67,10,48.33,2.33,63.5
"1973-01-30",193,25,92,56.8,77.4,8,1.67,8.33,45,1.83,49.5
"1973-01-31",228,33,120,64,63.4,10.33,2,12.33,45,2.83,76.83
"1973-02-01",225,20,125,69.2,49.6,11.5,2.67,11.67,55,4.17,61.17
"1973-02-02",229,18,144,67,32,13.83,2.17,9.33,48.33,1.67,60.67
"1973-02-03",188,23,102,61.2,74.6,8.5,1.83,5,40,2.33,56
"1973-02-04",212,20,117,62,83.4,8.33,1.67,6.33,40,1.83,50
"1973-02-05",198,27,102,64,71.4,12.5,3.33,12.33,48.33,2.83,65
"1973-02-06",186,17,100,61.8,86.4,5.17,1.5,4.83,28.33,1.33,43.67
"1973-02-07",171,5,101,59.8,87.2,11.17,1.67,8.33,51.67,1.67,54.17
"1973-02-08",212,20,118,63,81.2,10.5,2.67,9.83,55,4.67,60.83
"1973-02-09",178,10,106,60.4,80.6,7.5,2,10,38.33,4,44.17
"1973-02-10",179,12,100,56.4,91,4.67,2.33,5.67,33.33,1.33,32
"1973-02-11",178,17,97,58.8,82.4,3.5,2.83,4.83,31.67,2.67,20.67
"1973-02-12",182,11,100,60,76.6,5.67,2.17,5,31.67,2,29.83
"1973-02-13",178,11,101,61.4,72.6,7,2,7,38.33,3.33,40.83
"1973-02-14",166,11,100,59.4,77.2,8.17,2.67,8.67,43.33,2.33,50.17
"1973-02-15",175,13,101,65,54.8,7.83,2.33,8.67,51.67,2.33,43.33
"1973-02-16",165,5,82,70.6,49,9.83,3.33,11.67,51.67,2.67,54.83
"1973-02-17",179,10,104,71,41.8,10.83,2.83,10.5,53.33,3.33,49.17
"1973-02-18",197,8,109,70.4,54.6,10.67,3.5,9.83,60,5.5,48.17
"1973-02-19",173,12,100,75.6,42.2,10.33,2.33,10.83,48.33,4.5,48.5
"1973-02-20",169,16,88,78.2,30.4,8.17,1.83,6.83,41.67,2.83,48
"1973-02-21",205,9,114,68.2,46,5.83,1.33,8,35,2.17,34.67
"1973-02-22",174,15,89,67.8,66.2,7.33,2.17,7.5,45,3.5,44.83
"1973-02-23",170,12,82,68,69.8,7.5,2.5,7.17,46.67,2.83,40.5
"1973-02-24",180,4,116,61.6,75.4,6.67,2.17,7,41.67,2,41.33
"1973-02-25",176,7,94,70.2,65.8,8,2.67,10.83,45,5.33,43.5
"1973-02-26",167,7,86,68.6,73.6,10.83,2.33,15,58.33,5,56
"1973-02-27",159,15,91,65.6,78.6,9,2.5,12.67,46.67,2.67,53.5
"1973-02-28",201,9,119,63.8,79.4,5.17,1.83,7,28.33,2.5,30.17
"1973-03-01",154,7,80,64.2,74.4,7.17,1.67,7.33,45,3.83,44.5
"1973-03-02",150,7,85,66,73.4,8.83,2.33,9.33,50,4.5,43.5
"1973-03-03",159,5,93,67.4,68,8.5,2,8.83,46.67,7.17,43.83
"1973-03-04",155,9,94,61.4,63.2,3.5,1.83,4.33,31.67,3,16
"1973-03-05",173,7,106,63.2,65,6,1.83,7.17,38.33,3,41
"1973-03-06",162,5,93,60.6,81.8,5.67,1.83,5.33,30,2.33,29.5
"1973-03-07",169,4,96,64,62.6,5,1.83,7.33,33.33,4,32.83
"1973-03-08",177,4,98,53.6,83.6,6.5,1.5,5.17,40,2,34.17
"1973-03-09",177,8,101,63.8,68,8.67,2.33,11,45,4.67,49.17
"1973-03-10",180,5,98,60.6,75.8,4.67,2,6.17,38.33,2.83,32.33
"1973-03-11",171,8,83,56.2,76.8,2.83,2,5,28.33,2.5,17
"1973-03-12",149,9,90,58.8,69,7,1.67,7,36.67,2.67,36.17
"1973-03-13",163,8,84,60.6,66,8.67,1.83,6.67,46.67,2.5,44.83
"1973-03-14",156,9,90,66.2,32.4,4.83,2.5,5.33,28.33,3.17,32.17
"1973-03-15",158,5,88,69.6,37.8,9,2.17,6.83,48.33,4,61.5
"1973-03-16",169,9,88,71.6,47.4,9.67,2.83,11.17,55,6.5,49.17
"1973-03-17",160,11,85,62,66.8,5.67,3,5.83,60,3,33.5
"1973-03-18",170,9,95,63.6,55.4,6,1.5,6.33,50,5.5,30.83
"1973-03-19",169,10,88,64.8,65.4,6.17,3.67,8.83,43.33,4.67,45.33
"1973-03-20",187,7,91,57.4,65.6,3.33,1.5,4.17,30,3.17,16.67
"1973-03-21",142,1,88,57,68,5.33,1.83,5,36.67,2.5,33.17
"1973-03-22",182,11,98,60.4,50.2,3.67,1.5,4.83,35,2.83,21.83
"1973-03-23",182,5,101,63.4,63.8,6.67,2,8.17,45,4,37.5
"1973-03-24",165,5,80,66.8,66.4,8.17,3,10,50,8.33,40.5
"1973-03-25",153,6,92,60.4,68.2,4.33,2.67,6.17,40,3.83,21.83
"1973-03-26",138,5,83,57.2,68.4,5,1.67,4.83,41.67,3.5,28.33
"1973-03-27",168,8,93,56.6,75.6,5.5,2.33,5,46.67,2.17,38.83
"1973-03-28",167,9,88,61.4,60,5.5,2.33,4,40,2.83,26
"1973-03-29",147,7,71,66.6,40,4.17,2,5,30,3.17,23.67
"1973-03-30",176,4,103,64.4,62.2,5.67,2.17,7.67,36.67,5,39.83
"1973-03-31",165,5,95,63.4,69.2,5.5,2.33,7.83,48.33,6,32.83
"1973-04-01",176,5,94,62.8,37.4,7,1.67,6.33,43.33,3.83,36.67
"1973-04-02",193,8,103,70,31,3.67,1.5,5.67,26.67,3.67,20.17
"1973-04-03",193,5,113,76.8,26.8,6.33,3.17,7.5,40,5.33,36.83
"1973-04-04",176,6,97,76.8,13,5.5,1.83,6.33,31.67,4,32
"1973-04-05",168,14,83,79,22.8,7.83,2.17,9.5,43.33,4.5,50
"1973-04-06",178,5,91,72.8,56,6.83,2,9.17,48.33,7.17,43
"1973-04-07",147,6,73,69.4,67.2,6.5,2,11.33,38.33,9.5,41
"1973-04-08",157,5,82,79.2,31.8,8.67,2,11,48.33,8.5,44.33
"1973-04-09",167,8,93,77.8,35.2,9.5,3.5,17.67,55,7.17,55.67
"1973-04-10",152,13,84,77,57.8,8,2.83,14.5,60,10.17,61.5
"1973-04-11",158,8,86,70.2,64.8,6.67,4,11.33,55,8.33,43.83
"1973-04-12",138,3,68,70.8,69.4,6.5,4.5,13.33,53.33,9.5,47.83
"1973-04-13",132,7,69,64.8,64.6,3.33,2.5,6.17,33.33,5.5,23
"1973-04-14",145,6,93,65.4,57,4.17,2.67,5.5,35,4.17,32
"1973-04-15",142,3,77,63.2,68.6,4.17,2.83,5.67,31.67,3.83,25
"1973-04-16",164,4,101,71,63.6,5.5,2.33,9.33,41.67,7.33,39.17
"1973-04-17",166,8,102,62.2,74.2,5.5,2.83,6.83,41.67,3.33,35.67
"1973-04-18",169,14,96,69.2,39.2,4.83,1.5,6,30,4,26.83
"1973-04-19",177,15,89,66.8,51,3,1.83,6.33,30,4.5,22.17
"1973-04-20",173,5,95,70.2,37.4,6.67,2.83,6.33,41.67,4.33,35.17
"1973-04-21",190,3,103,76,33.2,6.33,2.67,8.67,38.33,5.5,33.67
"1973-04-22",199,11,101,83.2,27.6,7.17,2.67,8.33,46.67,6.5,30.33
"1973-04-23",171,3,105,73.4,55,5.17,2.33,9,41.67,6.5,35.83
"1973-04-24",166,12,86,68.6,65.6,4,2.33,8.67,33.33,6.33,30
"1973-04-25",169,4,100,70.8,65.2,5.33,4.67,11.5,50,9.67,42.33
"1973-04-26",163,11,93,74.4,66.8,6.67,4.33,15.33,43.33,11.67,48.33
"1973-04-27",148,7,86,69.6,73.6,5.83,3.17,13.67,41.67,9.17,50.33
"1973-04-28",143,10,82,61.2,75.8,3.5,1.67,6.83,28.33,4.67,29.17
"1973-04-29",163,6,86,62.8,66.4,2.17,1.67,5.33,21.67,4,12.33
"1973-04-30",168,7,91,61.6,63.6,3.5,1.83,6,30,3.5,32
"1973-05-01",163,8,95,71.2,59.4,5.67,2.83,8.83,43.33,7,40.67
"1973-05-02",149,3,91,84,41.8,9.5,2.67,15,53.33,10.17,59.83
"1973-05-03",164,13,89,82.6,42.4,7.83,3.33,15,53.33,11.5,56.67
"1973-05-04",167,6,101,70.4,64.8,5.5,2.17,7.83,46.67,5.83,34.83
"1973-05-05",166,9,94,62.8,61.2,2.33,1.67,4.83,28.33,3.83,28.83
"1973-05-06",160,4,91,67.8,62.4,2.67,2,6.5,25,5.83,16.5
"1973-05-07",179,8,95,70.2,64.4,6.17,2.83,11.83,46.67,8.33,39.17
"1973-05-08",183,10,99,75,63.6,6.17,3.67,14,56.67,12.33,46.67
"1973-05-09",162,3,90,79.4,59.6,7.17,4.5,17.17,63.33,13.5,50
"1973-05-10",176,9,99,79.8,57.6,8.83,4.33,19.67,73.33,15.17,63.33
"1973-05-11",168,6,99,72.2,70.4,4.83,4.33,11.5,38.33,9.67,40.67
"1973-05-12",164,6,84,66.2,76.4,3.83,2.33,7.83,28.33,8.33,27.5
"1973-05-13",154,7,87,64.6,79.6,3.5,1.83,7.33,25,7.67,23.17
"1973-05-14",171,9,103,69,73,4.5,2.67,8.33,30,8,37.5
"1973-05-15",146,7,79,75.2,66.6,3.83,2.17,9,33.33,11.17,29.17
"1973-05-16",149,4,87,73,69.6,5.5,2.83,11.17,51.67,10.67,41.5
"1973-05-17",129,3,82,74,73.4,5.83,3,13.5,38.33,11.67,43
"1973-05-18",165,5,90,74,73,5.67,4.5,13.17,38.33,10.17,47.17
"1973-05-19",155,5,88,70.4,78.2,3.5,2.5,7.67,30,7,24.67
"1973-05-20",168,8,85,66.2,78,2.67,2,6.33,28.33,5.67,20
"1973-05-21",144,6,76,71,66.4,4.17,2.5,8.17,28.33,7.33,28.17
"1973-05-22",150,9,82,72.4,62.8,4.83,2.33,9.5,35,10,33
"1973-05-23",147,6,85,74.2,64.6,4.83,3.5,11,41.67,10.17,43.67
"1973-05-24",154,3,78,71.2,69.4,4.67,3.33,9.33,33.33,9.33,33.83
"1973-05-25",169,6,94,66,74,4.83,2.33,8.5,33.33,5.5,31.5
"1973-05-26",148,6,81,73.4,58,5,2.33,6.67,36.67,6.17,25.83
"1973-05-27",162,4,101,90.6,44.8,6.33,5.17,13.83,45,14.67,33.33
"1973-05-28",149,6,82,97.8,36.8,6.83,4.67,15.17,56.67,17.5,34.83
"1973-05-29",148,6,87,83,58,5.67,5.67,12.33,51.67,13,40.83
"1973-05-30",197,6,92,74.6,67.4,3.5,3.17,6.67,30,6,40.67
"1973-05-31",144,5,85,65.4,78.8,3.5,1.67,5.67,28.33,2.83,26.67
"1973-06-01",156,2,82,67,72.8,3.83,1.67,5.17,33.33,2.17,26.33
"1973-06-02",147,7,78,70,65.2,2.67,1.5,4.83,23.33,3.33,13.83
"1973-06-03",149,7,83,70,71.4,2.83,2,5.33,28.33,5.33,15.67
"1973-06-04",165,5,92,77.2,68.4,4.5,2.17,9.5,31.67,11.5,34.67
"1973-06-05",190,7,101,84.6,61.4,6.67,4,13.83,46.67,16.67,43.17
"1973-06-06",149,5,82,87.6,57.4,9.17,5.5,18.17,73.33,15.83,63.33
"1973-06-07",167,6,85,86.4,56.8,8.83,6,24.83,56.67,22,59.33
"1973-06-08",165,12,83,83.2,60,8.33,5.33,20.17,56.67,14.67,59.83
"1973-06-09",144,4,75,81.8,62.8,5,3.17,12.67,35,12.83,34.67
"1973-06-10",149,3,69,79.4,66.2,3,2.33,5.5,26.67,9.33,19.5
"1973-06-11",168,4,87,76,64,3.83,1.67,6.17,26.67,7.17,22.33
"1973-06-12",148,5,74,76,66.6,4.83,3,7.5,31.67,9.83,33
"1973-06-13",157,5,85,71.2,75,4.83,1.5,8.67,40,7.17,30.67
"1973-06-14",142,6,81,71.8,58.4,4,2,6,31.67,4.83,20.67
"1973-06-15",156,7,82,73,58.2,5.33,2,5.83,36.67,6.17,50.17
"1973-06-16",174,8,94,75.2,62,5.5,1.83,7.83,40,9.17,27
"1973-06-17",152,3,77,76.8,63,4.5,2,6.83,36.67,10.33,23.17
"1973-06-18",160,6,88,84.8,56.8,5.33,4.5,13.17,43.33,17.5,38.83
"1973-06-19",176,5,96,98.2,40.8,9,3.83,19.67,75,17.67,55.17
"1973-06-20",184,9,106,102.6,26.2,11.33,3.67,16.83,56.67,15.83,55.5
"1973-06-21",195,9,105,100.8,26.8,9.5,4.83,16.83,51.67,30.33,52.5
"1973-06-22",173,11,91,93.2,41,8.83,4.5,16.17,60,14.67,47.33
"1973-06-23",159,7,84,89.6,46.4,6.33,4.5,13.67,53.33,14.67,37.17
"1973-06-24",166,8,97,86.6,52.6,4.33,3.33,12.83,48.33,15.5,29
"1973-06-25",169,8,111,84.2,58,6.17,5,13.67,60,17.33,41.17
"1973-06-26",170,7,89,89,62.6,5.67,6.33,15.17,45,19.5,47.67
"1973-06-27",161,9,86,81.2,64.6,4.67,4.33,9.83,36.67,12.5,38
"1973-06-28",168,9,88,79.8,64.6,5.17,4.33,10.83,41.67,11.83,36.83
"1973-06-29",175,5,100,79.8,69.6,4.83,6.5,12.17,36.67,12.5,39.5
"1973-06-30",141,3,77,82,70.2,3.83,4,8,30,14.17,28.83
"1973-07-01",165,6,74,82.8,62.8,4.67,3.17,8.67,41.67,15.33,30.33
"1973-07-02",162,9,97,89,50.8,7.33,5.83,17.17,60,16.17,46.33
"1973-07-03",163,6,86,96.8,43.6,9.67,7.33,19,83.33,26.67,60.83
"1973-07-04",166,7,85,87.8,56.2,4.17,3.5,8,51.67,10,32.83
"1973-07-05",187,8,102,81.8,64.4,5.67,6.83,13.67,53.33,7.17,44.83
"1973-07-06",162,3,85,75,73.2,4,3.5,8.17,35,6.83,28.83
"1973-07-07",145,6,88,77,70.4,3.17,3,8,28.33,10.5,32.67
"1973-07-08",165,7,93,79.8,68.2,3.17,3.67,7.17,28.33,15.67,23.67
"1973-07-09",167,6,89,81.8,68,5.83,3.33,11.5,40,16,42.83
"1973-07-10",172,5,86,81.8,63,5.67,4.83,11.5,41.67,14.17,42.5
"1973-07-11",162,6,95,81.6,63.6,5.67,5.83,12.5,45,13.5,43.5
"1973-07-12",155,4,82,78.8,69,3.5,2.33,8.17,31.67,9,31.67
"1973-07-13",147,8,76,77.6,70.2,3.33,1.83,7.5,33.33,9,33
"1973-07-14",154,7,78,78.6,62.6,2.33,2.83,5.17,28.33,8.33,19.33
"1973-07-15",146,6,81,78,64,2.33,2.83,5.5,28.33,8,17.33
"1973-07-16",142,6,76,80.2,64,3.17,4.83,7.5,36.67,10.17,31.17
"1973-07-17",140,4,68,80,63.4,4,2.83,9,36.67,9,28.83
"1973-07-18",160,10,81,79.4,63.8,4.33,3.83,9.17,40,8.67,31.67
"1973-07-19",155,7,74,80,67.4,4.83,5.5,10.17,45,12.17,32.33
"1973-07-20",164,4,95,78.2,66,4.83,3.33,8.17,31.67,10.83,28.67
"1973-07-21",165,11,85,76.6,65,5,3.17,9.33,43.33,12,31
"1973-07-22",139,8,59,77,66.2,5.5,3.17,8.67,33.33,12.17,26
"1973-07-23",167,3,98,81.6,63.8,6.67,7,14.33,53.33,14.17,43.67
"1973-07-24",164,5,89,87.8,56,8.67,5.17,20.67,58.33,21.67,55.5
"1973-07-25",163,5,86,89,56.6,8.67,5.83,19.5,60,22.17,60.17
"1973-07-26",170,8,79,86,61.4,6.67,3.83,12.33,63.33,12.83,46.17
"1973-07-27",163,7,88,87.8,59.6,4.83,4.33,11.5,45,12,36.83
"1973-07-28",156,8,80,82.8,61.8,4.5,3.83,8.33,36.67,12.17,30.33
"1973-07-29",174,12,89,81.4,63.8,3.5,4.83,7,53.33,9.33,20.5
"1973-07-30",150,9,74,83,63.2,5.5,4.67,12.33,36.67,9.67,36.83
"1973-07-31",168,6,85,86.8,61.2,6,4.5,13.17,53.33,13.17,43.67
"1973-08-01",177,11,84,86.8,60.8,5.5,5.17,13.17,50,15.67,43.67
"1973-08-02",146,6,84,84.6,63.2,6.33,3.83,14.5,43.33,12.17,42.17
"1973-08-03",166,6,96,83.6,65.8,5.33,5,11.5,36.67,13.17,39.83
"1973-08-04",165,4,93,81.4,73.6,4.5,4.17,9,31.67,9.33,26
"1973-08-05",171,8,87,78.4,71.6,3,3.17,7.67,25,9.5,21.17
"1973-08-06",165,2,80,79.4,64,3.67,2.83,8,28.33,10.33,30.5
"1973-08-07",161,7,80,79.2,63.4,4.17,2.67,9,33.33,9.17,28.5
"1973-08-08",151,5,73,81,62.4,4.5,3.67,9.67,33.33,12.33,34.67
"1973-08-09",157,2,78,83.8,57.8,5.33,4.5,11.67,46.67,13.67,37.33
"1973-08-10",149,10,80,80,67.6,4.83,3.5,10.33,43.33,10,31.5
"1973-08-11",144,4,74,81.2,68.8,4,4.67,8.67,28.33,17.67,29.33
"1973-08-12",177,9,89,83.6,63.6,4.33,3.83,10.17,33.33,17,26.5
"1973-08-13",160,6,86,82.6,68.2,5.83,4.33,12.5,36.67,12.5,41.33
"1973-08-14",173,8,104,85.6,64.2,6,6,12.67,43.33,12.5,39.33
"1973-08-15",123,4,65,83.6,63.4,6,5.17,13.17,53.33,12,44.83
"1973-08-16",166,10,91,84.6,62.8,7.33,6.67,15,48.33,13.17,47.33
"1973-08-17",164,6,89,82.4,67,6,6.33,14,46.67,11.83,43.83
"1973-08-18",151,8,79,90,54.8,7.17,5,15.17,65,17,43.67
"1973-08-19",173,8,88,95.6,45.4,7.17,5.33,12.67,56.67,12.83,30.17
"1973-08-20",169,7,97,84.2,59.6,9.83,4.67,13.17,48.33,4.5,60
"1973-08-21",149,10,69,87.8,54.4,7.5,5,10.67,50,13.33,41.83
"1973-08-22",161,6,85,87.8,48.2,8.67,5.83,16.83,65,12.33,49.17
"1973-08-23",147,6,87,83,52.4,6,5.17,12.83,50,9.17,39.17
"1973-08-24",144,4,75,81.6,57.6,6,4.83,11.17,45,11.83,43.67
"1973-08-25",153,3,90,76.2,61.4,3.67,2.67,5.83,28.33,8.17,23.83
"1973-08-26",137,4,76,73.8,61.4,2.5,1.33,4.33,25,4.67,14
"1973-08-27",160,6,77,77.6,58.6,4,2,5.83,35,8.33,38.33
"1973-08-28",149,6,86,78.8,62.4,5,2.83,10,43.33,9,35.17
"1973-08-29",147,6,79,82.4,61.8,4.5,4.17,11.5,46.67,12.33,39.67
"1973-08-30",137,2,68,78.4,65.2,3.83,3.67,10.17,35,9,35.33
"1973-08-31",162,8,78,76.8,66.8,4,3,8.67,40,9.83,38.83
"1973-09-01",155,7,81,77.8,64.8,4.33,2.67,7.17,58.33,8.17,25.33
"1973-09-02",154,2,87,79,67,4.33,2.83,8,41.67,9.83,24.33
"1973-09-03",154,10,72,74,69.6,2.17,2.17,4.67,28.33,8.5,18.33
"1973-09-04",138,5,81,69.2,76.2,3.83,2.17,6.67,33.33,4.67,30.67
"1973-09-05",152,4,78,75.4,66.2,3.67,2,6.83,36.67,9.33,29.33
"1973-09-06",155,3,85,80.8,62.4,8,4.17,15.33,63.33,16.33,51.5
"1973-09-07",157,6,84,78,70,7.67,4.83,15.67,66.67,12.5,51.5
"1973-09-08",191,10,87,78.2,66.8,2.67,1.83,5.67,31.67,13,33.83
"1973-09-09",152,8,90,76.2,68.4,1.83,1.67,5,26.67,6.83,17.17
"1973-09-10",139,5,66,69.8,72.6,3,1.5,5.67,31.67,4.17,29.33
"1973-09-11",131,6,70,77.4,66,3.67,1.83,7.17,33.33,8.5,29.83
"1973-09-12",127,3,70,76.4,71.6,5.5,3.33,10.33,50,8.83,37.33
"1973-09-13",140,3,72,72.2,77.2,5,3.17,8.5,33.33,9.83,34.67
"1973-09-14",171,6,104,74.2,72,5.33,2.67,8.17,40,13.17,48.5
"1973-09-15",159,6,88,75.2,67,4.33,3.67,7.83,36.67,13,31.83
"1973-09-16",204,13,100,75,68,4.17,3,8.33,33.33,13.17,27.17
"1973-09-17",176,9,109,75.6,66,5.5,4.33,10.83,40,14.5,43.17
"1973-09-18",155,7,83,74.6,67.8,5.5,5.33,13.83,41.67,14,46.5
"1973-09-19",157,6,82,75.2,68.8,6,5.67,12.67,48.33,14.17,47.33
"1973-09-20",171,5,96,74.4,68,6.5,5.17,13,48.33,10.33,44.83
"1973-09-21",163,2,76,77.6,70.8,7.5,2.83,10.5,46.67,12.67,45.5
"1973-09-22",128,4,70,70,80.4,4,3.33,8,38.33,6.33,29.83
"1973-09-23",166,7,89,74.8,66,3.67,2.5,6,43.33,8,21
"1973-09-24",173,6,96,75.8,68.2,7.67,3.33,9,46.67,8.33,48.83
"1973-09-25",169,7,73,79.2,64,11.83,3.33,12.17,61.67,9.5,52.33
"1973-09-26",201,7,112,95.4,27,14,4,15.67,65,8.83,66.17
"1973-09-27",171,8,88,98.6,19.8,15.33,3.5,13.67,61.67,11,67.17
"1973-09-28",166,8,82,94.8,28.2,12.33,5.5,19.83,65,16.17,65.67
"1973-09-29",158,6,88,85,48.4,11.83,5.17,16.5,63.33,16.67,61.17
"1973-09-30",167,8,100,77.6,67.8,5.67,3.5,10.17,43.33,12,38
"1973-10-01",160,11,89,74,65.8,3.83,3.33,7.67,35,10,35.17
"1973-10-02",165,10,86,72,66,4.83,2.83,7.33,40,8.33,36.17
"1973-10-03",162,3,89,72.2,66,7.33,3.5,10.33,50,10.5,43
"1973-10-04",172,8,89,80,64,13.67,4.83,22.33,71.67,17.5,84.17
"1973-10-05",156,16,76,72.4,74.2,9.83,7.33,16.83,93.33,11,60.5
"1973-10-06",136,6,70,67.2,68,2.5,2,5.17,31.67,5,24.33
"1973-10-07",156,6,77,68.8,61.2,2.17,1.83,4.83,30,4.83,17.67
"1973-10-08",196,2,126,68.6,76.8,5.5,2.17,6.5,36.67,3.5,37.5
"1973-10-09",161,19,79,72.2,62.6,9.67,2.67,8.17,53.33,6.67,54.83
"1973-10-10",143,5,83,75.4,48,11.33,3.67,9.17,50,6.5,58.5
"1973-10-11",156,7,77,78.2,45.6,12.67,3.83,13.17,61.67,8.5,69
"1973-10-12",127,5,66,79.2,48.4,12.5,7,18,58.33,11.17,73.83
"1973-10-13",180,9,84,88,38.2,13.17,3.17,16.83,66.67,13.67,65.17
"1973-10-14",194,6,88,88.4,48.4,11.67,4.17,17.5,73.33,15.5,46.17
"1973-10-15",168,7,93,81,57.2,12.67,4.5,19.5,83.33,11.33,60.83
"1973-10-16",151,3,75,83.4,55.2,18,7.67,28.5,91.67,11.83,87.83
"1973-10-17",157,8,73,88,44.2,17.5,4.33,25.17,80,10.17,87.17
"1973-10-18",164,9,89,91.2,35.6,15,3.33,19.83,65,8,83.83
"1973-10-19",158,9,75,90.8,37.8,16.83,4.83,24.33,78.33,13.67,80
"1973-10-20",165,9,83,74.8,62.2,4.83,4.83,11.33,56.67,5.17,33.67
"1973-10-21",171,11,96,71.4,73.8,3.17,2.17,5.83,33.33,4.83,21.17
"1973-10-22",160,4,102,68.6,74.8,4.17,2.17,6.17,28.33,1.83,23.83
"1973-10-23",150,7,77,68,73.6,5.83,2,6,38.33,2.67,39.17
"1973-10-24",146,11,74,78.2,53.2,12.5,4.17,16.5,73.33,6.33,63.17
"1973-10-25",160,7,84,76.8,55.6,15.17,4.83,20.33,76.67,9.67,78.5
"1973-10-26",172,13,88,79.8,54.6,14.83,4.17,25.5,71.67,9.67,70.67
"1973-10-27",189,9,101,93.2,29.4,16.67,3.5,19.67,68.33,7.33,68.67
"1973-10-28",178,6,101,92,19.4,11.67,2.17,12.17,50,6.17,44.67
"1973-10-29",157,6,88,85.4,30.6,15.67,4.83,21.17,63.33,9.5,65.83
"1973-10-30",149,8,77,87.6,21.6,14,3.67,17.83,55,7.67,77.83
"1973-10-31",155,8,77,85.2,28.2,15.83,6.33,28,66.67,9.5,73.83
"1973-11-01",152,13,61,71.4,61.8,12.17,3,17.67,73.33,6,62.33
"1973-11-02",177,9,88,67.6,68,4.83,2,6.33,31.67,3.83,37.5
"1973-11-03",151,6,77,66.8,61,7.33,1.5,6.67,43.33,3.67,35
"1973-11-04",178,7,98,67.8,49.2,8,1.83,10,48.33,5.17,54.33
"1973-11-05",173,7,99,70.6,47.4,12,4,14,60,6.33,62.83
"1973-11-06",159,8,87,72.8,44.4,14,4.5,18.5,70,7.83,73.5
"1973-11-07",198,7,99,74.6,53.6,17.83,8,23.33,83.33,7.67,76.83
"1973-11-08",159,10,93,71.8,67.8,13.33,7.5,22.33,73.33,5.5,65.5
"1973-11-09",150,3,79,67.6,75.4,9,5.5,16.17,48.33,11.17,63.17
"1973-11-10",185,10,92,77,64.2,10.5,5.33,21.83,63.33,16,77.17
"1973-11-11",168,4,94,80.8,49.2,13.67,3.5,17.17,65,10.83,70.83
"1973-11-12",183,5,97,71.8,69,12,2.17,11.17,70,2.83,63.5
"1973-11-13",161,4,85,65.6,68.6,9.5,3.5,7,48.33,2.17,46
"1973-11-14",155,6,88,67.2,64.8,12,2.5,8,51.67,4.33,55.5
"1973-11-15",177,5,98,67.2,63.2,12.33,2.67,11.17,56.67,5.17,71.5
"1973-11-16",146,6,83,64,71.4,10.17,2.83,10.17,58.33,3.33,62.67
"1973-11-17",159,4,78,61.6,93.2,5.33,1.83,7.17,33.33,1.67,31
"1973-11-18",177,10,103,62.4,72,2.5,1.5,4.5,30,2.5,21.5
"1973-11-19",156,6,98,64,44.4,7.33,2.33,5.17,40,2.67,48.33
"1973-11-20",169,8,94,63,61.8,9.67,3.17,10,48.33,3,57.17
"1973-11-21",171,9,97,61.2,59.2,8.67,2.17,7,38.33,2.67,46
"1973-11-22",170,11,89,59.2,62.6,7.5,3.5,6.67,51.67,2.33,45.5
"1973-11-23",160,10,80,60,66.2,8.67,2,6.17,40,2.17,53.83
"1973-11-24",160,8,95,58.6,72.2,8,3.33,7,50,1.83,53.5
"1973-11-25",158,4,96,61.4,46.8,8.17,2.33,5.5,41.67,2.83,57.17
"1973-11-26",173,5,108,63.6,51.2,8.17,2.33,6.5,43.33,2.83,54.5
"1973-11-27",166,7,86,68.8,45.8,15,3.17,10.5,50,3.33,68.83
"1973-11-28",193,4,107,77.8,35,11.67,3.17,7.67,55,3,58.5
"1973-11-29",171,12,86,69.6,46,16.33,4.17,13.33,65,2.17,71
"1973-11-30",146,8,74,66.6,64.6,15.67,4.83,15.33,73.33,3.33,81.17
"1973-12-01",174,5,92,57,83,7.83,2.33,6,40,2,54.67
"1973-12-02",156,10,79,64.4,44,6,1.67,5.5,40,3.17,42.33
"1973-12-03",180,12,98,67,43.2,15.5,3.67,14,70,3.33,83.5
"1973-12-04",168,5,86,64.2,51.8,18.83,6.67,21,86.67,2.83,99.33
"1973-12-05",192,3,121,68.2,53,19.67,3.17,21.67,81.67,4,98.33
"1973-12-06",191,8,91,74.8,36.4,17.5,3.83,13.67,68.33,2.33,81
"1973-12-07",166,7,90,79.6,33.6,18.17,2.67,12.5,73.33,3,75.5
"1973-12-08",196,8,114,79,36.4,13.83,2.5,11.83,58.33,3.83,63
"1973-12-09",175,8,101,82.8,28.8,7.83,2.5,6.17,45,3.33,42.17
"1973-12-10",171,9,91,81.4,30,20,2.83,14,76.67,3.17,72.17
"1973-12-11",186,3,115,67.2,57.6,16.17,5,18.33,78.33,3.67,84.17
"1973-12-12",151,6,88,61.6,72,12.67,3.17,18.17,60,3.5,74.17
"1973-12-13",174,9,92,57.6,78,10.83,3.33,13.67,53.33,3.67,68.17
"1973-12-14",172,5,100,60.8,79.4,10.17,2.17,8.83,48.33,2.17,53.5
"1973-12-15",178,4,99,76.4,49,16.33,3.33,15.5,60,4,68.83
"1973-12-16",171,4,98,75.2,43.4,16.33,3.33,15.17,63.33,4.5,78.17
"1973-12-17",154,4,92,69,58,15.83,5.17,23.5,65,5.17,85.5
"1973-12-18",173,11,97,68.8,64.2,16.83,5.5,19.5,71.67,4,83.67
"1973-12-19",170,10,89,73.2,34.8,15,3.33,12.33,60,3.33,76.5
"1973-12-20",159,6,85,72.8,27,13.83,3.17,11.5,53.33,2.83,67.17
"1973-12-21",194,9,111,65.2,44.8,13.17,3.5,16.67,61.67,2,69.33
"1973-12-22",181,10,91,60,63.6,4.83,1.83,6.33,38.33,2.33,29.83
"1973-12-23",169,9,104,64.8,56.4,4.67,2.5,5.67,35,2.67,31.83
"1973-12-24",196,14,109,69,35.2,10.83,2,9.67,51.67,3.17,77.67
"1973-12-25",180,5,121,64.2,45.2,11.5,2.33,10.33,61.67,2,71.83
"1973-12-26",188,7,111,63,66,9.83,2.33,12.83,53.33,2.83,76.17
"1973-12-27",154,7,92,55.6,82,8.5,2.83,9,51.67,1,60.83
"1973-12-28",212,9,124,60.8,84.2,8.5,2.5,12.67,50,2,52
"1973-12-29",172,6,98,64.2,83,7.5,2.33,15.5,45,3.17,53.33
"1973-12-30",193,7,105,65.2,69.2,9.67,1.5,8,51.67,3.83,55
"1973-12-31",182,8,87,62.8,65.2,9.33,2.33,12.67,50,3.67,60
"1974-01-01",181,5,100,54.8,57,4.5,1,5,31.67,2.67,36.17
"1974-01-02",189,12,106,55.8,33.4,10.17,1.33,7,51.67,2.67,71.33
"1974-01-03",177,3,117,50.6,52.6,7.5,1.17,5.5,35,1.5,54.67
"1974-01-04",197,5,101,48.8,85.4,5.5,1.5,4.67,28.33,1.83,45.17
"1974-01-05",183,7,104,53.2,76.6,4.17,1.17,5,31.67,2.17,28.83
"1974-01-06",168,7,91,52.6,90,3.5,1,4.33,30,1.83,25.17
"1974-01-07",203,9,125,52.6,85.6,4,1.17,4.5,28.33,2.33,24.67
"1974-01-08",177,7,99,52.4,83.6,6.67,1.83,5.67,36.67,2.33,56.33
"1974-01-09",168,11,99,56,83.2,7.67,1.83,6.33,41.67,1.17,43.5
"1974-01-10",154,6,85,56.6,72.6,12.17,2.5,7.83,53.33,1.67,66
"1974-01-11",191,11,96,59.4,64.6,13.33,2.83,10.67,60,1.5,73
"1974-01-12",164,6,86,65.2,61.2,10.67,2.33,7.67,53.33,3.33,62.17
"1974-01-13",176,12,92,71.4,68.4,11,1.83,10.5,63.33,4.83,56.5
"1974-01-14",172,5,105,78,50.8,15.33,2.33,13.17,58.33,3.67,71.67
"1974-01-15",178,7,100,75.4,50.6,17.83,3.67,21.17,75,6,86.5
"1974-01-16",171,8,97,68.6,68,20.17,3.67,24.33,75,2.33,97.17
"1974-01-17",147,12,83,61,95,9.5,1.67,14.83,51.67,1.67,58
"1974-01-18",154,11,81,68.4,85.8,13,2.67,16.67,65,4.83,85.67
"1974-01-19",174,14,88,58.6,96.2,9.33,3,15.5,51.67,3.67,54.5
"1974-01-20",171,11,88,57.2,94.8,3.5,2.17,6.33,35,1.33,25.17
"1974-01-21",159,11,94,63.4,72,10.33,3.33,8.17,38.33,2.33,57.17
"1974-01-22",167,4,96,66,28.6,12.83,3,10.67,50,2.5,90.17
"1974-01-23",151,6,87,71.8,37,14.83,3.5,14,53.33,3.17,82.33
"1974-01-24",158,4,98,71.4,37.8,15.67,3.83,10.83,58.33,3.67,81.33
"1974-01-25",186,10,94,67,53,16.67,3.17,16.33,58.33,3.17,81
"1974-01-26",153,6,92,55,77.2,7.33,1.67,8.83,45,1.83,44.5
"1974-01-27",176,9,90,65.4,48.8,7.67,2.83,10.33,45,3,57.67
"1974-01-28",180,7,107,65.2,56.4,16.83,4.33,17.5,60,3.83,84
"1974-01-29",144,4,80,67.4,55.8,18.17,4.17,23.67,78.33,4.33,89.67
"1974-01-30",157,5,89,62.6,73,16.67,4,19.67,78.33,5,93.83
"1974-01-31",193,13,116,62.6,76.6,18.33,4,21.33,71.67,8,97
"1974-02-01",161,6,87,57.4,74.6,6.5,2.67,10.17,41.67,1.83,47.67
"1974-02-02",178,10,87,71.2,45.4,11,2.83,10.67,51.67,4.5,57.5
"1974-02-03",159,9,73,77,29.2,9.5,2,12.5,45,5.83,43.5
"1974-02-04",200,8,110,76,35.6,15.83,3,14.5,65,5.5,75.5
"1974-02-05",171,10,90,69.4,47,11.17,3.17,13.33,51.67,4.83,86.67
"1974-02-06",172,7,91,66,20.2,5.33,2.33,9.33,35,3,37.5
"1974-02-07",176,11,93,69.4,35.4,13.17,2.67,14.5,55,3.67,87.5
"1974-02-08",170,7,93,68.6,33.6,13.17,3.5,12,66.67,4,69.17
"1974-02-09",175,12,98,75.6,29.8,9.83,2.33,9.83,61.67,4.33,54.83
"1974-02-10",185,5,95,74,34,8,2.33,10.33,53.33,4.67,44.5
"1974-02-11",187,8,101,69.6,49.8,14.5,4.33,16.83,56.67,6.5,76.17
"1974-02-12",168,6,99,62.2,66.4,13.33,4,17.67,65,3.17,77
"1974-02-13",171,8,83,62.2,59.2,9.33,2.33,6.67,45,3.5,52
"1974-02-14",175,8,103,65.8,60,12.5,2.5,12.33,58.33,4.17,64.5
"1974-02-15",169,9,99,70.4,54.4,12.17,4.67,18.83,70,7.17,65.67
"1974-02-16",189,15,100,65,69.4,9,4,12.17,61.67,5.83,55.33
"1974-02-17",160,7,89,62.6,45.4,3.17,1.5,4.5,36.67,3.33,21.5
"1974-02-18",160,9,90,62.2,63.8,5.5,1.83,7,45,4,40
"1974-02-19",168,4,97,58,76.4,7.67,2.67,8.67,41.67,2.83,62.33
"1974-02-20",183,3,104,69.4,34.4,6.5,2.33,7.5,43.33,3.67,40.67
"1974-02-21",178,11,98,69.6,32.8,10.5,2,11.5,50,5,59.83
"1974-02-22",189,9,112,67.6,50.4,15.67,3,14.17,65,5.67,83.33
"1974-02-23",184,6,95,76.6,35.6,6,2.83,10.33,48.33,5,42.17
"1974-02-24",175,11,101,79.6,20,4.17,1.5,5.83,35,3.5,24.17
"1974-02-25",168,4,105,80,22.2,10.67,1.67,10.17,53.33,4.5,55.5
"1974-02-26",179,6,105,72.6,46.6,13.17,2.83,13.33,60,5.67,71
"1974-02-27",191,11,104,68,63.8,6.83,3,12,61.67,7,46.67
"1974-02-28",165,9,95,62.4,74.4,10,2.83,16.67,61.67,2.5,66
"1974-03-01",169,9,101,69,64,10.5,3.67,12.17,48.33,3.83,59.33
"1974-03-02",183,7,96,60,72.2,2.83,1.33,4,25,3,17.5
"1974-03-03",157,6,87,57.2,68,2,1.33,3.67,26.67,3.17,13.5
"1974-03-04",165,7,92,66,48.2,7.83,2.67,7,36.67,5.67,49
"1974-03-05",197,2,131,69.2,48.2,12.5,2.83,12.83,55,10.5,70.33
"1974-03-06",195,4,123,64,69,10.83,3.33,12.33,53.33,7.5,72.5
"1974-03-07",171,8,92,56.8,85.6,3.5,1.17,4.5,36.67,2.5,23.33
"1974-03-08",186,12,90,51.6,83,5.5,1.67,5.33,36.67,1.83,32.67
"1974-03-09",175,8,107,58.8,72,5.83,2.5,7.83,51.67,4,41
"1974-03-10",176,5,90,60.6,73.6,5.33,1.83,7.83,46.67,6.17,47.17
"1974-03-11",225,5,132,68.2,63.6,12,2.17,12.33,51.67,7.67,64.83
"1974-03-12",167,4,102,71.2,66.2,10.17,4.17,14,61.67,6.5,63.83
"1974-03-13",187,10,114,72.6,70.4,12.83,3.67,15.5,63.33,11.17,77.83
"1974-03-14",179,4,89,74.6,68.6,15.17,3.33,18.67,71.67,17.17,71.83
"1974-03-15",159,13,83,76.4,67.2,13.67,4.67,22.17,80,17,75.17
"1974-03-16",168,7,108,74.4,69.2,8.33,3.83,17.17,73.33,16.5,57.83
"1974-03-17",178,8,96,76.4,62.2,8.5,3.33,12.17,58.33,12,44
"1974-03-18",186,8,100,64.2,76.2,4,1.83,7,31.67,5,26.17
"1974-03-19",191,7,109,60.4,79,4.5,2,6.33,36.67,3,38.83
"1974-03-20",186,9,100,61.6,78.2,5.17,1.5,5.83,56.67,2.33,55.33
"1974-03-21",176,8,103,65.6,73.2,7.67,1.67,7.5,50,5.83,42.33
"1974-03-22",164,9,92,61.4,73.8,3.33,1.67,5.5,33.33,4.33,25
"1974-03-23",158,13,90,60.6,73.4,3.5,1.17,5.33,33.33,4.83,21.17
"1974-03-24",155,6,87,66,69.8,3.67,1.83,5.33,48.33,7.17,27.33
"1974-03-25",169,5,94,61,76.4,4.5,2.17,6.67,36.67,3.83,33.33
"1974-03-26",168,9,91,62,81.8,5.33,3.67,7,41.67,3.33,37.33
"1974-03-27",151,6,82,66,74.6,4.33,1.5,5.83,31.67,4.17,26.83
"1974-03-28",178,8,99,63.4,76.2,6,2,7.33,43.33,3.33,39
"1974-03-29",157,5,87,69.4,77.4,4.33,2.17,7.33,43.33,5.83,30.17
"1974-03-30",151,6,76,61,83.6,3.83,1.67,5.83,36.67,2.5,26.67
"1974-03-31",166,4,101,68,61.2,3.83,1.83,4.5,40,4.5,24.67
"1974-04-01",156,6,95,64,76,5.5,2.67,7.17,56.67,4,33.33
"1974-04-02",159,4,99,67.6,51.8,2.67,1.67,4,28.33,4.17,21.83
"1974-04-03",184,8,98,69,49,5.17,1.33,6.33,38.33,5.5,34.67
"1974-04-04",177,4,96,79.8,30.8,7.5,1.67,10.83,58.33,9.83,46.67
"1974-04-05",187,10,103,82.4,30.4,7.17,1.83,10.5,55,10.5,41
"1974-04-06",166,2,92,73.8,53.4,5.67,1.83,9.33,61.67,8.17,31.17
"1974-04-07",173,8,103,80.8,50.6,6.33,2.83,12.33,75,17,37.5
"1974-04-08",166,10,86,74.4,58,9.17,3.67,15,78.33,13.83,72
"1974-04-09",167,5,94,63.4,60.2,2,1.33,5.33,30,3.33,30.67
"1974-04-10",152,9,86,67.4,45,3,1.67,6.67,36.67,4,22.17
"1974-04-11",159,7,91,73,54.6,6.17,2.67,10.83,56.67,7.67,47.67
"1974-04-12",186,15,94,76.4,53,6.83,2.5,10.83,80,10,44.5
"1974-04-13",183,6,112,78.6,52.8,6.17,2.33,12.67,70,11.33,35.17
"1974-04-14",200,8,111,81.6,46.2,7,1.5,12.17,63.33,13.33,33.83
"1974-04-15",164,9,93,80.6,42.8,9,2.33,16.33,65,16.67,67.17
"1974-04-16",156,7,87,75,55,7.67,3,14.17,68.33,11,47
"1974-04-17",154,8,85,69.4,66.2,3.83,3.33,9.17,46.67,8.83,33.83
"1974-04-18",180,10,94,64.6,58,3.5,1.67,5.67,28.33,5,28.33
"1974-04-19",153,5,73,67.8,55.4,4.67,1.67,6.67,33.33,5.5,47.67
"1974-04-20",168,4,97,68.4,62.8,5.17,1.67,7.33,36.67,8.5,26.67
"1974-04-21",152,8,84,77.2,55,6.33,3.67,10.5,40,13.83,31.33
"1974-04-22",158,5,75,75,61.6,6.33,4,15,48.33,10.33,57
"1974-04-23",170,3,85,64.4,67.6,3.17,2.17,6,26.67,4.5,22.17
"1974-04-24",191,4,111,65.8,60,3.67,1.5,5.67,38.33,3.83,35.17
"1974-04-25",152,4,91,67,51.4,4.17,2.5,8,36.67,5.17,34.5
"1974-04-26",145,4,81,68.6,52.8,4.5,2,7.17,33.33,6.17,52.5
"1974-04-27",190,11,103,74.6,47,4.17,2.33,8.5,38.33,10.67,29.67
"1974-04-28",177,9,83,73.6,57.6,3.17,2.83,9.17,38.33,10.5,24
"1974-04-29",171,9,99,80,53.8,6.17,2.83,11.5,41.67,8.33,52.5
"1974-04-30",189,6,105,83.8,48.8,6.83,2.83,13.33,41.67,13.67,63.67
"1974-05-01",136,4,74,72.4,70.4,4,2.33,10.17,35,7.83,34.67
"1974-05-02",161,4,86,70.2,66.4,3.33,1.83,7.17,33.33,7.33,27
"1974-05-03",161,4,86,65.6,65.4,2.83,1.83,6.5,26.67,5.67,20.83
"1974-05-04",157,11,86,64,66.4,2.83,2,5.33,30,4.33,15.67
"1974-05-05",152,5,74,68.6,68.2,3.67,2.17,6.17,35,7.33,18.67
"1974-05-06",198,8,107,72.2,72.2,3.83,2.5,8.5,36.67,8.5,35.83
"1974-05-07",183,8,96,69.8,77.2,3.67,2.33,8,33.33,11.67,41.33
"1974-05-08",148,6,91,69.2,77.8,3.5,2.83,7.67,31.67,9.33,33.5
"1974-05-09",179,3,103,66.2,74.8,3.17,1.67,6.67,28.33,5,33
"1974-05-10",171,11,87,70.4,68.8,4,2,7.67,31.67,7.67,26.33
"1974-05-11",171,3,99,73.8,69,4.17,2.83,8.17,30,13.67,27.33
"1974-05-12",188,4,111,67.2,74.6,2.17,2,5.5,25,6.83,18.33
"1974-05-13",152,7,74,69.4,68.6,3.33,2,6.67,28.33,6.17,21.5
"1974-05-14",152,7,77,66.2,71.4,3.33,1.5,6.83,30,5.17,23
"1974-05-15",174,4,97,64.4,77.4,3.33,1.33,6.5,31.67,5.33,22.67
"1974-05-16",172,6,91,67,69.2,3.67,1.5,6.83,31.67,4.5,35
"1974-05-17",171,5,89,68.8,61.4,3.33,3,6.17,26.67,4.67,35.5
"1974-05-18",156,4,82,66.6,52.2,3,1.83,5.33,33.33,4.33,21.5
"1974-05-19",144,5,73,67.6,50.4,3,1.67,5,26.67,4.17,19.33
"1974-05-20",152,2,90,75,48.2,4.67,2.33,8.67,38.33,8,32
"1974-05-21",168,5,101,82.8,37.4,6.33,3,17,48.33,13.5,54.33
"1974-05-22",171,9,85,82,49,5.83,3,12.5,48.33,12.17,42.67
"1974-05-23",141,6,69,74.4,67.8,4.33,2.67,10,40,7.67,31.83
"1974-05-24",156,2,91,79.2,65.2,5.33,2.33,11.17,40,13.33,39.5
"1974-05-25",181,8,107,92,46,7.17,3,17.83,71.67,19,44.83
"1974-05-26",177,5,96,85.8,55.4,4.67,2.83,10.67,43.33,14.17,29.5
"1974-05-27",153,10,83,77.4,68.2,3.67,2.83,8,66.67,7.17,30.17
"1974-05-28",169,10,97,73.6,69.4,3.5,1.5,6.83,28.33,6.33,23
"1974-05-29",142,1,78,71.6,67,3.33,2.33,6.33,26.67,6,28.17
"1974-05-30",180,9,104,69.2,68.2,3.33,1.5,6.17,31.67,4.67,27.33
"1974-05-31",150,7,79,69,70,3.5,2.83,6.17,31.67,5,25.5
"1974-06-01",152,3,82,74.2,66.4,3.17,2.17,6,31.67,9.5,21
"1974-06-02",165,4,86,72.2,69.4,2.5,2,5.5,31.67,8.83,18.5
"1974-06-03",146,3,82,73.2,71.2,4.33,2.67,7.5,30,11.17,34.17
"1974-06-04",150,4,95,75,71.4,4.33,2.83,7.67,31.67,13.67,36.5
"1974-06-05",184,4,116,76.2,70,4.5,3.17,7.67,35,13.17,35.17
"1974-06-06",181,8,92,74.2,71.6,3.67,2.83,7.17,31.67,9.83,28.67
"1974-06-07",146,5,78,66.4,76,3.5,2,5.5,31.67,3,25.17
"1974-06-08",169,8,80,78.4,61.6,2.33,2.5,5,36.67,7.83,20.33
"1974-06-09",139,3,76,82.6,62.6,2.5,1.67,5.17,33.33,11.5,20.17
"1974-06-10",173,7,90,78,68.4,4,3,10.33,35,12.33,33.17
"1974-06-11",147,6,69,76.4,69.2,4.33,2.5,9.17,35,13,34.67
"1974-06-12",150,8,79,78.4,67.6,4.67,2.33,9.67,35,14.67,37.17
"1974-06-13",162,4,81,79.6,68,4.67,2.83,11,35,17.83,38.17
"1974-06-14",163,3,89,83,61.6,5.67,3.67,13.5,41.67,17.83,42.33
"1974-06-15",177,9,94,89.8,49,6.67,3.5,13.67,53.33,22.33,43.17
"1974-06-16",171,8,89,80.8,49.8,3.33,2.5,5.83,43.33,7.17,18.33
"1974-06-17",150,11,65,77.8,51,4,2.33,8.67,40,7.17,29.33
"1974-06-18",154,5,90,75.8,57.2,3.33,1.83,6,33.33,4.5,38.5
"1974-06-19",151,1,83,78,55,3.83,1.83,9.33,40,7.67,29.33
"1974-06-20",154,6,78,83.6,46.4,5.83,3.67,11.33,38.33,11.67,37
"1974-06-21",140,4,70,83,55,6.67,4.33,12.33,50,9.33,43
"1974-06-22",153,6,83,83.8,56.4,4.67,8,10.83,38.33,12.83,29.83
"1974-06-23",173,6,94,89,50.6,5.83,3.67,11.83,48.33,14,31.5
"1974-06-24",174,7,95,90.2,43,7.83,5.5,16.67,48.33,17,50
"1974-06-25",174,9,97,89.4,47.6,6.33,4.33,14.5,46.67,12.17,42
"1974-06-26",190,7,105,91.6,39,7.33,4,15.17,58.33,13.83,48
"1974-06-27",183,4,102,93,33.8,9.5,5,20.17,60,20.17,55.67
"1974-06-28",149,11,85,94.6,35.6,10.17,4.83,18.67,60,23.33,58.83
"1974-06-29",154,9,88,84,54.8,4.67,3.17,10.17,38.33,13.67,33
"1974-06-30",159,9,90,77.8,66,2.33,2.33,5.83,28.33,10.33,20.33
"1974-07-01",151,6,86,76.8,63.2,3,1.67,5.67,31.67,7.67,22
"1974-07-02",144,10,67,77,63.4,3.33,1.67,5,33.33,6.33,21.83
"1974-07-03",164,5,100,82,56,3.67,2,7.67,31.67,10.33,36.17
"1974-07-04",152,5,94,84,57,3.5,2,8,48.33,12.5,26.17
"1974-07-05",170,5,86,81.2,59.6,4.67,3,11.33,50,13.5,49.17
"1974-07-06",142,3,73,78.8,62.4,3.17,2.33,6.83,32.5,12.5,23.83
"1974-07-07",156,7,77,77.8,63.8,2.67,1.33,5.67,32.5,8,17.83
"1974-07-08",133,4,71,76.2,60.2,4.17,1.67,6.5,30,6.5,20.67
"1974-07-09",169,5,91,78.2,62,4,2,7.5,38.33,8.17,37.83
"1974-07-10",165,7,81,75.8,66.6,3.5,1.5,4.33,31.67,3.83,22.5
"1974-07-11",165,10,74,78.6,60,4,1.83,7.5,36.67,9.17,24.33
"1974-07-12",146,3,90,85.6,54,5.83,2.67,11.83,58.33,14.17,49.67
"1974-07-13",172,3,94,84.6,56,4.67,3.33,10,48.33,16.17,30.83
"1974-07-14",165,2,97,84.4,59,6.5,3.67,13.67,45,11.17,33
"1974-07-15",170,14,72,88.6,55.6,4.83,2.33,10.83,50,16.17,34.83
"1974-07-16",164,4,96,90.8,46.4,6.33,3.83,14.83,56.67,18.5,47.83
"1974-07-17",155,7,88,91.2,43.4,7.5,2.83,17.17,66.67,19.83,49.83
"1974-07-18",146,6,80,89.8,51.8,7,3.83,18.67,66.67,17.33,47.5
"1974-07-19",173,10,87,91.6,51.6,6.5,2.83,12.67,65,15.17,43.67
"1974-07-20",163,7,85,91.2,42.6,4.33,2.67,10.17,45,9.67,27.67
"1974-07-21",147,4,76,84.4,51.4,4.67,2,7.5,56.67,8.67,24.67
"1974-07-22",172,8,85,85,59.6,4,2,8.83,43.33,12.67,49.5
"1974-07-23",151,5,70,93.2,53.6,5.83,2.67,11.83,45,12.33,35
"1974-07-24",175,8,99,90.4,52.2,8,4,14.83,61.67,13.33,64.17
"1974-07-25",146,11,72,89.2,55.2,6.5,2.67,12.33,58.33,12.33,38.67
"1974-07-26",156,7,80,83.8,65,3.67,1.5,7.5,41.67,9.67,33.83
"1974-07-27",161,8,78,85.6,61.4,4,3.33,10.33,46.67,12.17,29.5
"1974-07-28",149,5,81,86.8,61.6,3.83,2.67,9.67,43.33,12.33,25.17
"1974-07-29",160,3,90,86.4,65.8,5,2.17,10.67,41.67,11.17,39.5
"1974-07-30",171,9,101,84.8,69.2,4,2.33,7.33,31.67,9.17,35.17
"1974-07-31",169,12,91,85.2,67.8,5.5,2,9.33,35,11.67,34.33
"1974-08-01",166,5,87,84.4,66,5.33,3.5,11.33,40,12.17,37
"1974-08-02",150,6,79,84.2,66.4,4.83,2.33,9,35,11.5,33.33
"1974-08-03",182,11,98,83.4,66.8,3.5,2.33,6.5,31.67,9.67,22.67
"1974-08-04",152,9,75,83.2,65.8,2.67,2,5.17,26.67,8.17,16.83
"1974-08-05",154,7,80,84.8,63.6,4.33,2,7.33,31.67,10.5,27.5
"1974-08-06",144,3,87,86,61,4.83,2.83,10.33,40,14.5,34
"1974-08-07",163,4,82,83,67,4.33,2.33,9.67,43.33,12.83,31.33
"1974-08-08",134,5,71,79,69.8,3.5,1.67,6.83,31.67,8.33,29.5
"1974-08-09",161,6,82,78.8,67.4,3,2,7.33,30,8,23.17
"1974-08-10",130,8,71,80.6,64.4,2.5,1.67,5.83,30,11.83,17.33
"1974-08-11",138,5,66,80.4,67.6,2.67,1.5,5,33.33,12.83,17.17
"1974-08-12",159,3,79,76,71,3.83,1.67,7.33,30,12,27.83
"1974-08-13",157,4,87,78.4,61,2.5,2.17,6.33,30,10,22
"1974-08-14",149,4,75,79.6,63,3.5,1.83,7,26.67,13.83,37.67
"1974-08-15",148,4,74,81,61,4.67,2.33,8.83,43.33,14,32.67
"1974-08-16",153,7,83,81.6,59.2,6.33,2.67,10.67,48.33,13,38.83
"1974-08-17",186,5,96,84.4,55.8,6.5,3.33,11.33,61.67,14,36.33
"1974-08-18",143,2,77,82.2,60.4,5.33,2.33,9.83,58.33,15.33,31.33
"1974-08-19",156,8,89,78.4,64.8,4.33,1.67,7.5,31.67,9.67,36.17
"1974-08-20",140,10,69,79.4,63.6,3.83,1.33,7.83,28.33,11,26.83
"1974-08-21",149,4,85,80.4,68,4,2.5,7.5,35,14.17,33.17
"1974-08-22",143,4,74,79.8,68.6,4.83,2,9.83,45,13.5,34.83
"1974-08-23",152,7,77,86.6,63.6,6,3.5,13.67,55,21.17,46
"1974-08-24",163,11,89,82.8,64.4,4.17,4.33,9.67,40,18,37.67
"1974-08-25",146,6,74,86.4,62,4,3.83,9.33,40,16.67,28.33
"1974-08-26",177,9,95,85.6,58.8,6.67,2.67,14.5,45,13.67,40.83
"1974-08-27",176,2,98,83.2,56.8,5.83,3.17,14.67,46.67,12.67,45.67
"1974-08-28",162,5,83,83.8,57,5.83,3.33,12.17,46.67,13.5,38.83
"1974-08-29",164,7,91,83.8,58,6.33,3.67,13.33,45,18.83,41.33
"1974-08-30",161,7,80,82.8,60.8,6.33,3.33,13.67,41.67,15.83,41.5
"1974-08-31",145,4,70,84.4,54,7.5,3.5,15.33,58.33,16,40.17
"1974-09-01",156,8,83,88.6,49.8,7.17,3.33,11,60,12.67,32.5
"1974-09-02",169,12,90,87,54.6,4.5,3.5,9.83,50,15.33,25.33
"1974-09-03",151,7,82,88.4,51.2,8.17,3.5,14.5,45,16.33,49.17
"1974-09-04",172,11,92,91,53,9.67,4,18.17,60,18.67,55
"1974-09-05",176,8,95,89.4,58.6,7.33,3.17,11.67,53.33,15.33,45.17
"1974-09-06",135,3,81,87.8,53.8,10.17,3.83,15,46.67,13.33,55.5
"1974-09-07",168,4,88,87.4,65.8,5,3,9.83,31.67,14.67,29.67
"1974-09-08",179,9,86,85,65,5.17,3.33,10.83,48.33,12,32.17
"1974-09-09",164,3,83,85,66.4,8.17,3.83,13.33,46.67,15.5,45
"1974-09-10",158,13,80,84.4,68.2,7.67,5,15.17,45,18.5,56.17
"1974-09-11",164,7,86,81.8,70.4,5.5,3.33,9,35,10,39.5
"1974-09-12",134,7,79,77.8,67.2,3.67,1.83,6,26.67,7.17,27
"1974-09-13",161,7,81,78.6,64.2,4.83,1.83,6.67,33.33,9.17,27.17
"1974-09-14",165,5,91,77.6,69.4,6.17,3,8.33,45,12.17,34.83
"1974-09-15",149,5,78,80.8,60.6,5.5,3.33,9.5,40,12.67,27.83
"1974-09-16",169,8,89,82.8,59.8,10.83,3.67,13,66.67,11.17,47.33
"1974-09-17",168,11,91,79.8,69.8,7.5,3.67,16,55,14.5,47.4
"1974-09-18",154,4,93,80.6,68.4,6.67,3.5,15,41.67,17.17,47
"1974-09-19",144,8,73,77.8,72.2,6.33,4.67,12.33,40,16.5,47
"1974-09-20",144,3,86,81.4,67.8,8.67,4.5,16,48.33,19.33,56.4
"1974-09-21",173,9,99,86.8,56.6,11.17,6.67,20.17,85,17.33,59
"1974-09-22",165,5,99,93.6,44.8,9.83,4,14.33,56.67,13.67,41.6
"1974-09-23",169,2,90,89.2,52.6,12.33,3.17,19.83,68.33,13.67,51.8
"1974-09-24",160,12,74,78,71,6.33,3,10.17,43.33,8.83,42.4
"1974-09-25",174,6,96,76.2,71.8,4.17,2,7.17,31.67,9,30
"1974-09-26",156,4,83,72.4,73.2,4.17,2.83,7.83,31.67,7.67,32
"1974-09-27",155,9,79,72.2,66.2,6.67,2,7.33,35,7,68.2
"1974-09-28",147,3,80,75.4,70,7,2.33,9.5,48.33,12.83,37.4
"1974-09-29",148,6,82,79.8,71.4,6.33,3,10.67,45,15.17,33.25
"1974-09-30",171,5,86,83.2,65,9.5,2.83,18.67,70,15.67,54.75
"1974-10-01",158,7,92,76.6,69.2,5.5,4.33,10.17,35,8.83,32
"1974-10-02",172,8,88,76.2,63.2,4.17,1.83,6.33,35,5.67,21.67
"1974-10-03",167,7,89,74,66,7.33,2.83,8,40,5.67,33
"1974-10-04",168,13,88,69,70.8,5.5,1.5,6.83,35,3.33,24.33
"1974-10-05",138,9,71,73.2,64.2,5,1.67,6.17,40,7,24.67
"1974-10-06",178,5,92,75.8,61.2,5,1.83,6.83,33.33,10.83,29
"1974-10-07",165,4,90,68,80.2,8.67,1.83,11.5,46.67,2.67,41
"1974-10-08",180,6,94,69.2,72.8,6.17,1.83,7,36.67,3.33,31
"1974-10-09",139,5,65,73.2,59.6,8.67,1.83,7.17,43.33,8.33,38.67
"1974-10-10",172,6,89,72.4,68,9.83,2.5,10.83,48.33,9.83,47.67
"1974-10-11",178,9,92,72.4,73.4,9,3,12.5,46.67,10.33,45
"1974-10-12",175,4,107,80.8,62.8,8.17,2.5,11.67,45,7.5,46
"1974-10-13",140,10,77,79.4,70.4,6.33,3.17,10.67,48.33,10.17,95
"1974-10-14",170,6,94,83,60,11.17,3.67,23.33,68.33,11.5,63.67
"1974-10-15",174,10,99,94.8,35,18.83,4,27.67,65,7.33,72
"1974-10-16",184,5,109,97.8,20,15,2.33,16.83,53.33,8.17,64.33
"1974-10-17",166,10,93,91,34.4,18.33,4.67,21.5,68.33,13.5,72
"1974-10-18",179,10,89,83,54.4,14.83,4.83,28,80,13.67,65.67
"1974-10-19",142,5,72,74.2,69,8.33,3.17,17.67,71.67,11.67,50.33
"1974-10-20",180,7,100,71,76.6,6.5,3.67,10.67,46.67,11,38
"1974-10-21",149,5,84,67.8,70.8,6.5,2.67,9.33,33.33,6.17,34
"1974-10-22",166,6,91,69.8,69,6.67,3.17,10.17,41.67,6,41.5
"1974-10-23",172,7,88,66.4,70.6,6,2.83,8.67,35,2,26.5
"1974-10-24",161,5,91,75.2,62,11.67,2.67,11.83,55,7,50
"1974-10-25",196,10,107,73.8,64.4,13,2,12.83,56.67,5.67,52
"1974-10-26",167,2,97,66.8,69.6,5.5,1.67,6,38.33,1.83,32
"1974-10-27",162,14,84,67.8,71.4,5.5,1.5,6.17,45,3,37
"1974-10-28",138,3,84,65.8,75.6,4.67,1.33,5.5,33.33,2.33,18
"1974-10-29",172,8,98,64.4,60.8,7.33,1.5,8.17,41.67,3,47
"1974-10-30",178,4,99,66.2,62.6,12.33,2.67,12.67,53.33,3.83,66
"1974-10-31",154,7,83,62,76.6,11.83,2.33,11.67,58.33,1.83,65
"1974-11-01",160,10,83,64.4,66,6.83,1.83,5.5,43.33,2.83,35
"1974-11-02",161,6,82,64.6,65.2,8,2.5,6.67,38.33,3.67,53
"1974-11-03",183,9,101,66.8,65.8,9.67,2.67,9.67,52.5,5,55
"1974-11-04",178,7,102,70.4,58,11.17,2.67,15,46.67,5.83,57
"1974-11-05",134,3,75,72.2,48.8,12,3.17,17,50,6.17,61
"1974-11-06",175,7,87,78,30.8,14.5,2.67,11.33,48.33,5,68
"1974-11-07",168,5,75,80.4,27.2,13.5,2.33,12.5,51.67,5.83,70
"1974-11-08",128,4,71,72.6,51,12.17,2.67,12.17,58.33,5.33,58
"1974-11-09",187,11,89,77.8,35.2,10.33,2.33,10.33,45,5.83,54
"1974-11-10",168,8,100,82.2,31.2,12,3.33,17.67,61.67,7.83,71
"1974-11-11",163,5,98,90,23,14.33,2.67,9.33,48.33,4.67,80
"1974-11-12",164,6,96,92,22.4,16.17,2.83,13.5,48.33,5.67,58
"1974-11-13",152,5,82,85.8,31,18.5,3,20.17,63.33,6.83,72
"1974-11-14",188,16,104,74.4,59.4,20.17,4.67,31,83.33,7.83,90
"1974-11-15",170,12,97,67.8,75,12.17,4.33,18.83,58.33,6.83,60
"1974-11-16",190,3,92,64.2,77.8,8,3.67,15,46.67,6.83,60
"1974-11-17",153,5,87,67.8,69.6,8.17,2.67,11.33,48.33,9.5,63
"1974-11-18",164,9,98,65,75.6,10.83,3.17,14.17,55,5.67,56.74
"1974-11-19",161,7,81,70,68.8,14.5,3.33,15.5,68.33,8.17,57.28
"1974-11-20",183,7,108,77,63.4,14.33,3.83,22.83,68.33,7.83,62.15
"1974-11-21",178,9,81,64.2,74.2,5.83,2.67,8.17,45,2.17,60.46
"1974-11-22",158,6,76,67.2,50.6,8.17,2,6,41.67,2.67,59.91
"1974-11-23",169,3,89,77.4,33.4,11.33,3.17,10.83,50,5.67,64.92
"1974-11-24",156,5,84,83.8,16.8,9.33,2.67,8.17,40,3.83,75.2
"1974-11-25",163,8,87,75.4,31.6,18.67,7.83,19.17,68.33,4.17,64.23
"1974-11-26",161,5,86,80.2,39.6,19.83,5.5,26.17,66.67,4.33,58.61
"1974-11-27",166,4,88,69,57.4,19.5,7.83,27.83,86.67,5.17,59.52
"1974-11-28",182,6,92,67.2,64.8,13.5,4.67,12.17,60,6.5,54.1
"1974-11-29",190,7,108,74,37,16.33,3.33,14,66.67,3.33,60.9
"1974-11-30",196,8,110,67.6,38.8,15.17,2.67,11.67,70,1.83,69.15
"1974-12-01",184,12,98,68,51,12.17,3.33,14.17,63.33,4.17,64.86
"1974-12-02",157,6,89,64.4,66,11.67,3.5,13.5,58.33,2.17,62.94
"1974-12-03",168,5,99,62.2,75.4,9.67,2.17,8.67,45,1.5,64.24
"1974-12-04",181,9,104,60,89.8,7.67,1.83,5,33.33,1.33,65.39
"1974-12-05",162,10,79,64.8,72.8,11.83,2,10.5,48.33,2.17,76.28
"1974-12-06",185,10,95,69.2,61.2,18.17,2.67,16.17,61.67,4.5,71.9
"1974-12-07",152,4,88,72,47.4,16,6,20.67,66.67,4,69.32
"1974-12-08",187,6,90,70.8,26,11,3.17,16,40,2.67,69.5
"1974-12-09",178,8,100,69.4,36.6,15.17,3.17,10,61.67,2,64.98
"1974-12-10",152,6,77,65.4,52.6,16.67,3.67,16.67,53.33,2.5,64.37
"1974-12-11",157,7,101,64.6,58.4,15.17,4.17,19.83,66.67,6,62.81
"1974-12-12",183,5,97,66,62,16.33,4.67,23,68.33,8.17,69.83
"1974-12-13",168,10,93,69.8,51.2,10.67,3.5,14,43.33,3.83,44
"1974-12-14",178,5,88,72,33.8,6.17,2.17,7.17,38.33,3.33,30
"1974-12-15",199,10,100,72.4,44,14,3.17,12.67,66.67,4.17,67
"1974-12-16",164,8,94,79.6,42,20.33,4.67,18.33,66.67,3.83,65.67
"1974-12-17",173,12,98,72.4,52.6,21.67,4.5,25.67,75,3.5,76
"1974-12-18",160,6,85,73.6,35.6,18,2.83,14.17,58.33,4.17,70.83
"1974-12-19",185,4,102,68.8,51,20,4,21,73.33,4.33,84.33
"1974-12-20",190,7,104,70.8,51.4,21.5,5.5,32,75,4.33,90.83
"1974-12-21",202,14,93,68.6,62,21.17,4.5,27.67,95,6.33,88.67
"1974-12-22",182,7,109,60.4,55.6,13.5,3.5,14.83,61.67,4.17,62.33
"1974-12-23",182,7,95,55.6,18,6.67,2.5,5.83,35,1.83,41.17
"1974-12-24",163,8,90,57,22.4,8.83,2.17,8.5,43.33,1.5,54.67
"1974-12-25",216,7,130,59.4,32,10.67,2.83,8,51.67,2.5,68.83
"1974-12-26",187,8,113,59.8,48.8,12.33,2.67,9.83,55,2,77.5
"1974-12-27",191,9,98,60,51.6,10.5,2.67,10.33,45,2.33,61.17
"1974-12-28",181,10,99,53,79,3.33,1.5,4.67,25,2,19.67
"1974-12-29",204,9,103,60,53.4,6.33,1.33,4.83,33.33,2.5,35.67
"1974-12-30",203,6,125,56.4,54.4,9.5,2.83,7.17,45,2,57.17
"1974-12-31",198,11,108,56,26.4,5,2,3.5,28.33,2.5,31.5
"1975-01-01",222,10,122,63.8,28.4,9.33,2.83,7.33,53.33,2.5,57.33
"1975-01-02",182,8,113,60.4,43.2,13.17,2.17,8.5,50,1.67,83
"1975-01-03",167,11,82,62.8,36.4,14,2.5,9.67,58.33,1.83,65
"1975-01-04",188,10,105,63.4,47.2,14,3.5,12.33,55,2.5,66.17
"1975-01-05",184,12,104,70.8,43,11.5,3.17,8.83,46.67,2.5,56.5
"1975-01-06",209,14,124,64,61.2,17.17,4.83,16.17,63.33,2.83,76.33
"1975-01-07",187,12,105,62.8,76.2,9.33,2.5,10,50,2.17,47.5
"1975-01-08",198,13,104,57.4,87,9.33,2.67,7.17,45,1.33,49.17
"1975-01-09",204,15,100,59,38,4.67,1.33,4.83,31.67,2.5,25.83
"1975-01-10",170,5,103,60.8,55.4,9.17,3.67,10,35,2.17,47.33
"1975-01-11",202,17,102,68.6,53,10.5,2.83,8.33,46.67,3,49.83
"1975-01-12",187,13,110,71.6,35.6,11.33,2.67,8.17,46.67,4,47.83
"1975-01-13",226,18,125,82,27.2,17,2.5,10,53.33,3.33,61
"1975-01-14",198,17,111,85.8,25.8,19.33,4.17,12.67,71.67,4.67,71.5
"1975-01-15",199,9,112,80.6,32.2,21.33,5,26,78.33,6.33,80.33
"1975-01-16",210,16,117,70.4,57.2,21.67,7.33,31.17,83.33,8,91.17
"1975-01-17",196,10,113,81.4,39.4,21.5,5.17,23.5,75,7.67,83.5
"1975-01-18",220,15,112,81.6,26.8,15.17,3.67,18.33,58.33,6.83,58.67
"1975-01-19",185,11,100,84.8,34.4,14.83,3.83,19.17,61.67,9.33,54.83
"1975-01-20",213,22,116,75.8,39.2,16.83,4.33,18.5,65,6.67,68.33
"1975-01-21",207,21,104,67,65,18.33,4.33,24.17,88.33,5.83,82.5
"1975-01-22",212,18,124,73.8,37.2,18,4.33,16.83,73.33,4.67,79
"1975-01-23",170,19,93,72.4,27,14.17,2.67,12.33,61.67,3.83,67
"1975-01-24",221,13,120,73.4,39,21.83,5.5,25.17,83.33,7.17,88.17
"1975-01-25",196,14,103,75,53.2,20,5.67,25.83,90,10.5,79.5
"1975-01-26",171,12,99,64.6,73.4,11.33,8.17,16.17,73.33,8,57.67
"1975-01-27",199,16,107,57.8,68.6,5,2.17,5.5,31.67,2.33,37.17
"1975-01-28",192,18,104,57,38.6,9.33,1.83,8.83,41.67,3.17,75.83
"1975-01-29",201,20,111,56.6,51,9.67,2.33,10.5,45,3,62.5
"1975-01-30",179,15,103,49.4,73.4,9.17,1.5,7.5,41.67,1.17,51.17
"1975-01-31",193,19,108,54,70.4,10.33,1.67,5.83,40,2.17,55.83
"1975-02-01",211,10,117,58.6,66.6,9.83,2.17,5.33,45,2,51.33
"1975-02-02",227,21,114,60.8,66.4,9.67,2.17,6.33,41.67,2.33,49.33
"1975-02-03",222,22,123,56.4,84.2,8.5,1.83,5,30,1.5,35.67
"1975-02-04",223,14,125,58,89,7.33,1.83,4.67,30,1.33,28.33
"1975-02-05",200,30,103,61.6,81.2,9.67,2.33,5.83,46.67,2.17,50.5
"1975-02-06",202,17,114,70.4,66,11.17,3.67,8.17,46.67,3.67,51.17
"1975-02-07",194,22,95,65.4,76.6,13,5.17,14.67,58.33,2.83,58.83
"1975-02-08",211,14,116,62,80.8,9.33,3.33,9.83,50,2.83,37.83
"1975-02-09",214,20,119,57.2,96.2,6.33,1.67,5,35,1.5,30.33
"1975-02-10",180,20,93,61.8,83.8,7.5,2,5.17,43.33,2.5,36
"1975-02-11",190,17,90,65.6,73.8,11.5,3,8,56.67,4.33,56.5
"1975-02-12",194,15,120,67.8,72,12.67,4,14.33,61.67,5.5,60.67
"1975-02-13",176,17,92,61.2,84.6,11.5,4.67,14.17,66.67,3.17,53.33
"1975-02-14",217,17,99,63,72.8,6.83,2.33,5.5,35,2.83,33.67
"1975-02-15",176,14,98,64.2,40.6,7.67,1.83,5.33,38.33,3.5,39.67
"1975-02-16",159,16,80,58.4,61.6,7.5,1.5,5.33,41.67,3.67,36.5
"1975-02-17",187,11,109,62.6,32.2,5.67,2.33,6,31.67,4,33.5
"1975-02-18",163,12,85,66,41.2,11.17,3,10,48.33,4.33,53.17
"1975-02-19",174,11,82,65.6,50,11.33,3.33,13.5,53.33,4.33,62
"1975-02-20",182,9,99,63.4,69.4,8.67,2.5,8.67,58.33,4.5,49.5
"1975-02-21",168,14,89,63.2,31.6,6.67,2,5.67,35,3.17,36.67
"1975-02-22",184,13,105,64.4,25.4,7.83,1.5,7,40,3.33,44.17
"1975-02-23",182,9,100,68.4,43.4,9.5,4.33,9.67,56.67,4,59.17
"1975-02-24",195,14,118,77.4,37.6,13.5,3.17,14.17,65,5.67,60.67
"1975-02-25",188,14,96,70.2,61.6,16.5,3.83,14.67,70,9,74.67
"1975-02-26",185,13,107,67.2,73.8,10.17,4.67,16.5,66.67,9.67,61.33
"1975-02-27",160,9,88,68.6,73.2,17.83,8.83,22.17,90,10.17,85.5
"1975-02-28",146,13,70,71.2,72,16.17,7.67,22.5,83.33,13,84.17
"1975-03-01",169,7,93,67.4,76.8,10,5.33,15.67,66.67,13.67,53
"1975-03-02",140,4,78,65.8,74.8,7.83,3.17,8.33,40,10.17,35
"1975-03-03",170,10,82,73.4,69.4,15.17,5.17,18.17,66.67,10,70.17
"1975-03-04",160,8,90,63.4,80.6,8.17,5,12.33,61.67,6,55.83
"1975-03-05",174,11,97,59.2,86.6,8,2.83,8.5,40,2.83,37.83
"1975-03-06",162,10,84,65,79.2,4.83,1.83,4.83,26.67,3.5,23
"1975-03-07",174,9,83,64.2,79,4.83,1.5,4.17,26.67,2.83,39.5
"1975-03-08",161,8,85,58.4,90.6,6.67,1.33,4.5,33.33,2.33,27.67
"1975-03-09",186,11,89,60,77.4,5.33,1.67,3.5,38.33,3.5,22.67
"1975-03-10",160,11,88,52,84.8,7.17,1.83,5.17,41.67,1.83,33
"1975-03-11",179,8,102,57.4,77,8.5,2,6.83,51.67,2.67,37.17
"1975-03-12",164,15,88,60.2,73.8,9.67,1.83,7.17,43.33,4.33,42.67
"1975-03-13",166,11,89,57.2,79.2,7.33,1.5,5.67,41.67,2.67,33.17
"1975-03-14",178,10,100,58.8,58.4,7.5,1.83,5.5,36.67,3.33,32.83
"1975-03-15",175,5,90,61.2,67.2,5.5,1.83,6,40,5.67,28.83
"1975-03-16",178,8,95,59,70.6,2.83,1.5,4.17,25,3.17,13.17
"1975-03-17",163,5,90,65.4,43.2,10,2,8.67,45,5.5,42.5
"1975-03-18",149,6,77,70.6,54.8,12.33,4.17,13.5,51.67,10.67,68.5
"1975-03-19",161,8,79,71,66.2,12.83,5.33,15.17,56.67,12.5,66
"1975-03-20",152,10,78,63.4,82.8,8.67,3.33,10.83,48.33,4.33,50.5
"1975-03-21",162,9,87,61.4,73.6,6.17,1.5,5.33,35,4.33,33.83
"1975-03-22",171,8,90,60.8,70,2.33,1,3.5,25,3.33,14.83
"1975-03-23",175,5,93,67,53.6,5.17,1.5,5.33,35,6.17,25.83
"1975-03-24",160,9,87,69,63.8,9,4.17,10.83,48.33,8.5,48.33
"1975-03-25",167,10,96,61.6,77.8,3.83,1.83,4.5,35,3,23
"1975-03-26",170,9,85,60.8,27.8,2.67,1.83,4.67,35,3.83,19.5
"1975-03-27",155,9,95,61.6,44,5.5,2,7,36.67,3.83,34.5
"1975-03-28",172,7,87,61.2,18.8,5.17,2.17,4.17,30,3.67,26.17
"1975-03-29",160,6,80,65.6,26,6.83,2.33,6,33.33,4.5,31
"1975-03-30",184,10,86,72.4,38.6,7.17,2.17,7.33,53.33,5.67,31.5
"1975-03-31",154,6,89,57.2,83.8,4.67,1.67,5.5,31.67,2.33,27.67
"1975-04-01",146,9,80,62.4,63.2,8.5,1.83,6.33,33.33,3.33,44.17
"1975-04-02",163,8,75,70.4,44.2,9.33,2.17,8.33,38.33,8.33,41.17
"1975-04-03",186,9,94,67.6,51,10,3.33,11.83,50,6.67,52.33
"1975-04-04",182,11,102,60.8,66.2,5.67,2,5.83,35,2.67,29.33
"1975-04-05",176,10,83,56.2,85.8,5.17,1.33,4.5,33.33,2.17,25.5
"1975-04-06",167,8,87,52,80,5,1.17,4.17,41.67,3,26.5
"1975-04-07",159,8,87,57.2,66,7.83,1.67,6.33,31.67,3.5,41.67
"1975-04-08",155,8,84,52.2,88.2,5.33,1.83,4.17,33.33,1.83,29.83
"1975-04-09",176,8,89,65,65,5.67,1.5,5.67,35,3.5,36.83
"1975-04-10",173,9,95,62.2,73.8,5,1.5,5.33,36.67,3.67,27.33
"1975-04-11",153,10,85,60.6,65.6,5.67,2,6.67,40,3.67,32.5
"1975-04-12",164,8,96,65.8,72.2,5.17,2,7.5,51.67,6.83,24
"1975-04-13",139,8,72,63.8,75.6,3.83,2,6,35,6,19.17
"1975-04-14",189,6,119,59.4,73.2,3.5,1.67,4.83,33.33,4.5,18.67
"1975-04-15",153,7,83,59.6,74.2,4.17,1.67,4.67,38.33,3.17,19.67
"1975-04-16",165,4,89,59.6,63,4.17,1.67,5.67,33.33,3.33,21.83
"1975-04-17",187,12,108,61.2,61.8,5,1.67,5,41.67,3.17,30.33
"1975-04-18",151,5,85,64.6,65.2,7,2.17,7.67,40,5.17,34.17
"1975-04-19",161,7,82,67.2,61.2,6.83,3.83,7.67,45,8,35.17
"1975-04-20",172,7,92,73.6,60.4,7,4.83,7.17,45,10.33,31.17
"1975-04-21",179,5,109,63.4,77.8,5.17,3,5.83,41.67,5,29.33
"1975-04-22",159,8,99,61.4,70,5,1.83,5.83,35,3.67,24
"1975-04-23",166,6,100,64.6,67.6,5.5,2,7,52.5,5.17,33.67
"1975-04-24",143,4,72,64.6,74.2,5.5,2.33,7.33,41.67,5,30.33
"1975-04-25",140,5,69,65,60.2,3,1.5,4.67,28.33,3.5,23.5
"1975-04-26",140,5,75,65.8,41.4,3.5,1.5,4.17,35,3.5,15.33
"1975-04-27",164,8,72,67.4,58.6,3.67,2,7.83,38.33,6.83,20.67
"1975-04-28",154,5,79,70.6,61.4,7,3.33,10.83,46.67,8.5,37.83
"1975-04-29",151,7,81,74.6,60,6.5,2.5,13.33,60,10.17,48.5
"1975-04-30",167,13,87,70.6,73.2,5,2.67,8.67,53.33,8.17,31.67
"1975-05-01",150,9,79,68,64.8,3.5,1.83,7.17,33.33,7.83,36.33
"1975-05-02",158,5,93,72.6,69,7.67,3.33,10.83,46.67,9.67,42.67
"1975-05-03",150,2,80,69.6,77.6,4.67,3,8.67,43.33,9.83,30.5
"1975-05-04",142,5,67,65.8,51.6,2.67,1.5,4,26.67,4.33,15.33
"1975-05-05",164,10,74,68.2,41.2,4.5,2,5.67,33.33,4.33,23
"1975-05-06",164,9,84,68.6,50.2,7,2.83,8.17,45,6.33,48.17
"1975-05-07",152,6,81,73,52.2,7.5,3.17,10.5,53.33,8.17,44.17
"1975-05-08",136,6,58,71.4,65.6,6,3.67,9.67,51.67,7.17,52.33
"1975-05-09",156,6,73,76.4,61.2,5.83,3.17,9.83,43.33,10.17,32.17
"1975-05-10",175,7,84,75.4,61,5.83,2.83,9.67,75,10.83,34
"1975-05-11",179,8,88,76.6,62.6,6.33,3.17,10.17,60,12.83,28.33
"1975-05-12",177,7,98,77.8,68.6,7,3.33,11.33,56.67,13.83,41.83
"1975-05-13",123,5,71,75.2,74.6,5.17,2.83,8.33,33.33,10.33,37.33
"1975-05-14",130,1,60,71.2,76.2,4.33,2,6.5,33.33,8.67,29.5
"1975-05-15",155,7,78,66.6,78.8,4.5,2,6.83,31.67,7.5,39.67
"1975-05-16",154,7,79,64.6,76.2,4,2,6.5,31.67,4,28.33
"1975-05-17",154,6,73,75,67.4,4,2.5,6.33,33.33,11.67,23.17
"1975-05-18",163,3,97,71,72.8,2.83,1.83,4.67,33.33,6.33,16
"1975-05-19",163,11,78,64,83.2,3.5,1.67,5.33,26.67,5.5,23
"1975-05-20",159,2,92,62,61.8,5.17,2.83,5,36.67,3.5,24
"1975-05-21",157,14,80,68.4,61.6,5.67,1.67,7,36.67,6,24.33
"1975-05-22",160,12,80,69,67.8,5.67,2.83,8.67,43.33,7.67,35.83
"1975-05-23",137,7,74,74.8,65.4,6.67,2.67,9.17,45,10,36.5
"1975-05-24",162,9,75,75.2,67.2,5.5,3,9.83,56.67,11.5,27.5
"1975-05-25",200,4,119,73.8,68.2,3.33,2.33,6.67,31.67,11.17,19.83
"1975-05-26",170,10,90,75.4,71,2.33,2.17,5,25,12,24.33
"1975-05-27",151,8,84,67.4,81.2,4.5,2,7.33,32.5,7.67,27.33
"1975-05-28",135,10,73,75.8,67.8,4.33,2.67,7,30,10.33,28
"1975-05-29",158,2,86,78.2,67.8,4.67,2.67,7.83,36.67,12,33.83
"1975-05-30",163,9,86,78.6,68.8,5.67,3.5,10.67,33.33,15.5,42.83
"1975-05-31",133,8,66,74.6,76.4,4,2.83,7,31.67,13.17,27.67
"1975-06-01",162,8,83,74.2,73.8,3,2.5,5,28.33,11.67,18.67
"1975-06-02",146,9,87,73.8,71.6,4.33,2.5,7.83,33.33,10.83,37
"1975-06-03",147,5,79,69,74.8,4.83,2.67,7,31.67,6.17,30.5
"1975-06-04",184,5,106,70.8,72.6,4.5,1.83,7.17,36.67,6.5,25.33
"1975-06-05",139,7,60,73.8,74.6,4.5,2.17,7.17,35,9.83,28
"1975-06-06",164,5,97,74.6,74.6,5.17,2.17,9,33.33,12.33,44
"1975-06-07",145,5,67,71.2,76,4.83,2.67,6.67,35,9.67,25.17
"1975-06-08",157,7,67,72.4,72,3.33,2,5.83,25,9.17,15.17
"1975-06-09",147,8,74,76.2,71.6,4.33,2.17,7.17,30,12.33,28.33
"1975-06-10",140,5,68,76.6,69.6,5.17,3,9.83,35,14.67,37.83
"1975-06-11",151,5,77,81,66.2,5.67,2.5,10,33.33,18,37.67
"1975-06-12",144,5,75,74.6,74.2,4.33,2.67,7.67,36.67,12.83,34.67
"1975-06-13",125,3,75,74.8,73.8,5,2.67,8.33,31.67,13.83,34
"1975-06-14",154,4,75,73.4,75,3.83,1.83,5.5,30,12.5,25
"1975-06-15",153,5,76,74,73.2,2.67,1.83,5.67,26.67,11.17,18.5
"1975-06-16",149,5,77,67.4,82.4,3.83,1.5,6,30,6.67,28.83
"1975-06-17",147,9,65,67.6,74.2,3.33,1.5,4.67,26.67,4.83,24.83
"1975-06-18",147,9,79,67.2,64.2,3.5,1.83,4.5,55,3.17,17.33
"1975-06-19",163,7,84,67,66.8,4.67,1.67,4.33,31.67,3.5,21.33
"1975-06-20",147,5,74,71.8,61.8,6.33,1.67,6.5,38.33,6.17,29.17
"1975-06-21",165,5,79,76.6,62.6,5.5,3.17,7.33,43.33,9.5,27
"1975-06-22",154,3,77,78,70.6,3.83,2.33,6.5,36.67,15.67,21.5
"1975-06-23",161,8,81,73.8,71.8,4.5,2.17,8,30,10.17,29.83
"1975-06-24",151,3,79,72,71.2,3.83,1.83,6,33.33,8.33,24.17
"1975-06-25",150,4,86,80.6,47.6,7,2.33,9.33,40,10.17,35.83
"1975-06-26",164,7,82,85.4,41.8,10,4.5,16,65,16.33,56.67
"1975-06-27",166,8,87,81.2,56.2,6.67,3.17,11.67,51.67,12.33,46.5
"1975-06-28",161,5,83,78.8,60.4,4.67,2,8.83,45,11.17,25.67
"1975-06-29",157,6,73,79.6,63.2,3.83,3.33,7.5,33.33,13,24.17
"1975-06-30",167,6,95,82,59.6,6.67,3.83,10.83,38.33,11.33,38.33
"1975-07-01",160,6,81,83.4,49.8,7.67,3,12.67,53.33,13.5,42.83
"1975-07-02",167,3,89,81.6,54.6,6.17,2.33,11.17,45,11.67,36.67
"1975-07-03",153,5,84,78,62.8,5,2.33,9.67,41.67,11.17,32.33
"1975-07-04",157,5,74,80.2,63.6,4.5,2,8.33,38.33,15.83,27.33
"1975-07-05",154,3,81,85.6,50.2,5.83,2.33,10.67,48.33,14.17,34.33
"1975-07-06",158,2,84,86.6,49.4,4.83,2.17,8.67,56.67,13.83,26.83
"1975-07-07",176,11,94,85.4,59.4,5,2.67,11.17,48.33,16,36.5
"1975-07-08",141,6,68,80.4,70,6.5,4,12,35,12.33,43.17
"1975-07-09",151,5,73,89,59.6,6,4,13.17,40,21.5,45
"1975-07-10",149,9,75,89.4,54.2,6.33,3.67,14.17,51.67,16.5,45.33
"1975-07-11",154,17,64,91.6,48,5.83,5.67,15.17,53.33,19,51.83
"1975-07-12",154,2,89,80.8,67,3.5,2.17,7.33,40,10.5,25.17
"1975-07-13",153,7,84,79,68,2.33,1.33,5.83,26.67,8.33,15.83
"1975-07-14",166,10,77,79.8,66,3.17,1.83,6.33,25,11,25.67
"1975-07-15",137,8,70,80.6,65,3.67,1.83,7.83,30,14.5,28.67
"1975-07-16",154,10,75,79.8,65,4,2.17,10,36.67,14.67,33
"1975-07-17",131,5,66,78,70.8,3,1.83,5.67,25,7.33,26.83
"1975-07-18",138,10,69,77.4,73.8,3,2.17,6.5,28.33,6.5,28.67
"1975-07-19",162,9,83,80.2,70,3.33,2.33,6.17,25,12.5,22.67
"1975-07-20",138,4,72,81.2,69.6,3.33,2.83,6.17,35,16.17,19.83
"1975-07-21",172,4,91,82.6,69.2,4.33,3.33,9.5,36.67,16.67,34.5
"1975-07-22",137,6,74,84.6,69.4,4.33,2.83,10.5,40,19.83,37.67
"1975-07-23",154,5,77,82,66.6,4.67,3,11.5,35,17.17,42.5
"1975-07-24",154,6,78,86.8,65.8,4.67,2.5,10.67,41.67,15.17,39
"1975-07-25",155,11,77,84.2,65.8,5.33,4,11,43.33,17.67,41.33
"1975-07-26",169,4,76,82.6,68.2,4,3.83,8.5,33.33,15.83,32.17
"1975-07-27",162,5,88,84.2,63.2,3.67,3,7.67,40,9.5,24.67
"1975-07-28",164,6,72,83.6,66.6,3.83,2.67,7.83,30,10.17,29
"1975-07-29",143,4,76,79.8,66.6,4,1.83,6.67,26.67,7.5,26.33
"1975-07-30",168,7,84,80.4,63.4,3.5,1.67,6.5,26.67,7.67,37.17
"1975-07-31",147,7,76,82,65.2,4.17,3,9.33,31.67,11.33,31.33
"1975-08-01",149,5,77,81.8,66.8,4.83,2.83,11.67,41.67,12.67,36.5
"1975-08-02",150,11,65,85,64,4.67,3.5,10.5,48.33,18.5,39.17
"1975-08-03",141,5,81,85.2,61.8,3.83,2.33,8.67,43.33,15.5,25.83
"1975-08-04",151,6,76,87.2,58,5.83,4.83,14.67,41.67,16.17,38.17
"1975-08-05",182,8,97,86.2,55.8,6.83,3.67,16,46.67,12,46.5
"1975-08-06",138,4,68,88.8,50.6,7.67,5,16.17,50,17.17,49.33
"1975-08-07",174,9,74,90.8,46.6,9.67,5.17,21.83,60,19.33,63.17
"1975-08-08",173,9,93,85.8,62.8,7.17,3.5,15.5,55,12.17,47.17
"1975-08-09",133,7,68,83,67.8,4.33,3,9.17,46.67,9.17,26.5
"1975-08-10",164,1,84,83.4,69.8,3.5,4.83,8.33,36.67,13.67,21.33
"1975-08-11",153,6,78,81,71.4,4.17,3.33,9,36.67,13.33,33.5
"1975-08-12",139,8,68,80,66,3.67,3.33,8,28.33,11.5,32.5
"1975-08-13",156,6,79,79,65.6,3.5,2.67,9.17,31.67,11.33,30
"1975-08-14",151,4,76,80,65.8,3.5,2.17,8.83,33.33,12.17,28.5
"1975-08-15",175,6,77,78.4,66.8,4,2.33,8,31.67,10.5,28.5
"1975-08-16",147,6,71,80.6,62.4,3.17,2.5,7.83,28.33,10.33,24.33
"1975-08-17",142,7,71,77.4,66.6,2.67,2.67,6.33,31.67,9,17.83
"1975-08-18",146,6,82,77.6,67.2,4,3.17,8.17,38.33,9.33,31
"1975-08-19",148,2,77,78.4,71,3.5,1.83,5.83,28.33,6.17,30.5
"1975-08-20",147,8,72,76.6,70.6,4.67,2.5,7.17,38.33,4.83,32.33
"1975-08-21",133,6,72,75.2,73.6,3.83,2.17,6.17,28.33,6.17,27.83
"1975-08-22",137,4,78,81.4,64.4,4.83,2.33,10,35,11.67,32.33
"1975-08-23",135,10,61,86.8,53,6.17,2.5,12.17,56.67,10.5,30
"1975-08-24",161,9,78,86.6,52,6.5,2.83,12.67,61.67,13.17,31.17
"1975-08-25",178,1,97,83.4,59.4,6.67,4.33,15.17,61.67,12.5,49
"1975-08-26",143,3,71,80,65.2,5,3.5,12.17,41.67,12.17,42
"1975-08-27",155,5,85,83.4,53,7.17,3.5,14.17,70,11.33,49.67
"1975-08-28",160,7,86,83,50.4,8,3,13.5,55,12.67,50.67
"1975-08-29",156,5,84,82.6,56.2,6.33,3.33,10.17,53.33,9.83,40.67
"1975-08-30",160,10,82,84.4,59,7.17,3.33,13.83,63.33,18,38.17
"1975-08-31",133,2,70,81,61.4,4.83,2.83,11.67,63.33,17.67,33.33
"1975-09-01",164,12,82,79.6,63.4,3.33,2.67,9,43.33,15,25.17
"1975-09-02",154,7,85,83.4,58.6,7.67,3,14.83,55,13.17,55.5
"1975-09-03",173,9,96,86.6,55.4,6.17,2.83,13.83,58.33,15.33,48.33
"1975-09-04",148,6,79,88.4,52.8,8.83,5.17,17.83,73.33,14.33,53.5
"1975-09-05",143,5,74,85.8,58.2,8.17,5.17,17.67,58.33,13.17,53.17
"1975-09-06",177,10,87,82.6,66.8,4.83,5.17,11.17,55,17,41.5
"1975-09-07",160,5,74,81.4,70,4.33,3.5,9.33,50,12.33,25.83
"1975-09-08",146,3,82,77.6,79.4,4.67,3,9,35,8.17,31.5
"1975-09-09",138,7,76,70,85.8,3.5,1.67,6.67,31.67,3.83,27.5
"1975-09-10",129,1,71,75,75.4,4.33,1.83,6.67,36.67,8.33,29.33
"1975-09-11",154,2,86,73,73.8,5,1.67,7.67,45,7.5,33.5
"1975-09-12",141,2,67,74.6,78,5,2.5,9.67,40,11.33,37.83
"1975-09-13",172,6,99,77.4,77.4,4.67,2.5,6.67,33.33,16.33,31.67
"1975-09-14",164,10,70,79.4,74,4.5,2.5,6.33,33.33,18.5,28.33
"1975-09-15",178,4,86,85.8,62.4,7.17,3.83,13.67,41.67,18.17,44.17
"1975-09-16",170,10,81,91.8,50.6,13,3.17,21,70,14.5,70.5
"1975-09-17",154,4,81,92,51,11,4.33,16.83,70,10,59.17
"1975-09-18",176,4,80,85.8,52.6,7,3.17,15.5,48.33,9.83,50
"1975-09-19",161,7,84,86,52.6,7.67,2.83,12.5,48.33,12.83,51.33
"1975-09-20",155,6,74,84.8,57,6.83,3,12.83,53.33,14.5,40.33
"1975-09-21",156,7,73,87,58.8,6.67,2.83,12.67,60,17.33,33.17
"1975-09-22",142,6,74,95.4,42.8,11.83,3,20.83,55,12.33,67.67
"1975-09-23",143,8,75,101.6,18.4,10,3.17,18,53.33,11.67,58.67
"1975-09-24",163,9,88,101.6,20.2,10,3,16.67,48.33,16.17,55.5
"1975-09-25",162,5,82,96.2,28.2,10.17,3.83,18.5,53.33,15.83,59.5
"1975-09-26",168,9,78,88.2,52.2,10.17,3.67,20.5,56.67,18,68.33
"1975-09-27",182,7,97,79.4,67,5.67,3.83,12.67,45,13.17,41.83
"1975-09-28",146,7,63,77,72,3.83,3.67,8.33,38.33,13.17,29.33
"1975-09-29",151,6,71,75.2,74.6,4.17,2.83,10,38.33,12,39.17
"1975-09-30",149,5,79,77.6,70.8,4.17,3.17,8,26.67,15,34.67
"1975-10-01",141,11,58,79,71,5.83,3,12.67,30,17.17,52.5
"1975-10-02",170,7,82,84.4,64.8,8.33,3.83,18.17,51.67,16.67,61.17
"1975-10-03",126,7,68,92.4,48.4,11,4.83,26.5,60,16.5,69
"1975-10-04",184,9,78,90.8,56,8.5,4.33,17.67,55,17.83,46.17
"1975-10-05",154,6,75,84.6,59.4,8.67,3.83,15.17,60,17.83,39
"1975-10-06",166,5,74,74.2,80,4.5,2.67,9.17,33.33,5.33,34.67
"1975-10-07",134,5,59,72.2,66.2,4.17,1.83,6.83,30,3.67,22
"1975-10-08",139,5,76,74.8,61.8,6.33,2.33,9,43.33,7.33,46
"1975-10-09",147,10,73,73.2,69,6.5,1.83,7.33,55,5.83,42.33
"1975-10-10",139,9,68,73.8,65,5.33,2.17,7.17,36.67,6.83,32.83
"1975-10-11",155,10,81,70.8,76.2,4.33,1.17,4.5,33.33,3,23.17
"1975-10-12",137,3,76,71.2,65.8,5,1.33,5.17,40,4.67,27.33
"1975-10-13",152,11,72,73.8,61.6,7.67,1.67,9.5,43.33,5.67,47
"1975-10-14",159,7,81,82.2,33.2,10,3,13.33,51.67,6.5,57.5
"1975-10-15",163,8,72,87.6,29,12.33,2.17,14.33,60,8,73.5
"1975-10-16",152,6,76,87.6,35,11,3.17,20.83,63.33,13.83,65.67
"1975-10-17",159,2,83,77.6,57.2,14.17,3.33,19.33,71.67,12.17,78.67
"1975-10-18",165,3,89,68.6,71.8,8.33,3.5,13.67,43.33,9.5,47.5
"1975-10-19",163,7,82,69.2,74.2,7.67,2,9.67,50,8.17,42.83
"1975-10-20",144,5,76,74.2,70.6,7.67,1.83,9.33,43.33,7,50.5
"1975-10-21",157,7,75,67.8,79.2,6.33,1.67,9.67,41.67,4.33,46.5
"1975-10-22",160,7,87,69,71,5.17,1.5,8.17,33.33,7.33,34.83
"1975-10-23",160,4,91,74.4,23.8,5.67,1.67,6.67,35,4,35
"1975-10-24",167,6,79,75.6,18.4,8,2.17,9.17,41.67,4.33,49.17
"1975-10-25",158,9,79,77.2,25.2,9,2.83,8.5,45,5.33,50.67
"1975-10-26",182,9,109,73.6,49,9.33,2.83,11.5,57.5,7.33,50
"1975-10-27",168,10,77,71.2,71.2,7.5,1.83,8,41.67,4.33,40.83
"1975-10-28",174,6,94,76.8,57.2,10.67,2.5,14.5,61.67,7.33,59
"1975-10-29",157,6,86,78,51.4,11.83,2.67,20.83,70,9.33,74.83
"1975-10-30",165,10,85,67.6,76,9.33,2.83,14.67,65,3.33,59.67
"1975-10-31",162,7,87,71.4,60.8,13,3,12.5,58.33,4.33,67.17
"1975-11-01",156,4,81,75.6,59,14.17,5.17,16.67,70,7.67,73
"1975-11-02",164,6,101,74.2,67,11.17,4.33,19.67,83.33,11.83,62.83
"1975-11-03",196,5,105,79.4,54.2,16,3.33,25.5,83.33,10,87.5
"1975-11-04",149,3,75,79,60.4,16,6.17,26.67,90,9.33,78
"1975-11-05",153,11,81,67,76.6,11,5.5,20.17,76.67,6.17,61.83
"1975-11-06",150,7,79,67,69.4,12.33,2.67,14.83,66.67,8.33,68.17
"1975-11-07",149,7,82,72.8,66.4,14.83,3.67,22,83.33,11,90.33
"1975-11-08",186,7,92,65.8,79.4,9.33,4,14,61.67,5.5,50.17
"1975-11-09",131,7,73,74.6,61.6,9.33,3,11,56.67,9.67,61.17
"1975-11-10",154,6,80,70.2,71.4,10.33,2.83,11.83,61.67,6.33,70
"1975-11-11",162,6,94,78.4,38.4,9.33,2.67,9.5,46.67,5.17,48.5
"1975-11-12",148,10,79,86.6,16.6,10.67,1.83,8,46.67,3.33,56
"1975-11-13",161,9,83,87,17.8,13.83,2.83,14.33,60,3.67,53.67
"1975-11-14",177,10,83,80,30,20.83,5.17,20.83,80,4.67,82.83
"1975-11-15",181,9,91,77.2,42.2,17.83,4.67,21.17,86.67,13,83
"1975-11-16",183,11,107,69,66.2,11.83,6.5,15.83,91.67,9.5,86.33
"1975-11-17",141,5,76,66.4,65.2,7.17,2.67,9.33,46.67,5.5,68.67
"1975-11-18",163,7,87,63.4,40.8,9.17,2.83,8,45,2.83,67.33
"1975-11-19",154,7,81,68.8,30.4,10.67,2.33,9.33,60,3.5,71.33
"1975-11-20",172,6,99,68.6,33.8,12.83,2.33,11.5,73.33,4.33,81.5
"1975-11-21",151,8,77,73.6,33.8,14,4,14.83,66.67,4.67,91.17
"1975-11-22",186,5,102,75.8,21.6,9.17,2,8.33,46.67,4.67,69
"1975-11-23",172,6,89,81.2,22.2,10.5,3.83,14,53.33,6.67,69.5
"1975-11-24",173,11,96,80.2,24.2,20.33,3.5,13.5,73.33,1.83,121.33
"1975-11-25",171,14,96,80.2,28.2,22.5,3.83,21.67,88.33,3.5,121.33
"1975-11-26",190,8,104,77,25,13.83,2.33,14.17,66.67,3,89
"1975-11-27",164,4,80,61.8,75.8,5.5,1.5,6.67,30,3.17,49.67
"1975-11-28",178,4,99,55.4,62.4,2.67,1.33,4.33,25,2.83,40
"1975-11-29",165,8,78,58.6,39,6.5,2,6,38.33,2.67,58.83
"1975-11-30",165,4,98,64.8,40.8,8,2,7.17,45,3.5,76.5
"1975-12-01",169,4,102,74.4,30.6,12.83,2.83,11.83,70,3.5,70.83
"1975-12-02",188,7,102,79,40.6,17.17,4.67,26.17,86.67,5,89.5
"1975-12-03",180,11,86,70.4,68.6,13.83,4.67,17.83,100,4.83,76
"1975-12-04",182,10,87,61.4,77.2,7.83,3.83,12.5,43.33,2.67,50.83
"1975-12-05",165,6,96,63.8,69,10.5,3.33,11.83,65,3.67,68.17
"1975-12-06",166,9,86,73.4,54.4,13.5,3.5,20.5,68.33,6.17,77.67
"1975-12-07",170,4,85,79.4,38.4,12.67,3.67,13,66.67,5.17,65
"1975-12-08",167,6,92,85.4,29,19,3.67,19.67,73.33,5,84.17
"1975-12-09",178,12,87,83.6,36.4,16,3.67,19.5,68.33,5.83,80.83
"1975-12-10",166,11,95,64.8,71.2,13.67,4.5,19.67,87.5,3.33,70
"1975-12-11",156,8,79,61.6,73,4.67,3,11,33.33,3,41
"1975-12-12",183,5,100,55,85.8,5.83,2.67,6.17,36.67,2.17,41.5
"1975-12-13",162,10,86,57.6,77,6.83,2.33,6.17,46.67,2.17,45.83
"1975-12-14",174,7,93,61.6,35.8,8.67,1.83,5.83,53.33,2.83,63.33
"1975-12-15",177,12,86,71.2,29.8,9.83,2.83,11,65,3.17,68.17
"1975-12-16",165,6,97,66.6,51.6,16.83,3.67,15.5,66.67,2.5,89.5
"1975-12-17",139,4,65,66.6,60.6,18.83,5.67,29.83,93.33,4,99
"1975-12-18",182,6,104,72,49.4,19.67,4.17,23.33,101.67,3.5,91.67
"1975-12-19",158,11,77,63,66.4,17.17,7,27.33,96.67,3.17,93.5
"1975-12-20",142,9,68,68.8,61.8,13.33,4.17,18,78.33,2.83,77.33
"1975-12-21",189,10,99,66.2,71.6,12.17,3.67,14,71.67,3.67,70.33
"1975-12-22",186,6,105,65.8,68,10.17,3.33,15.17,53.33,3.17,64.83
"1975-12-23",158,8,88,68.8,48.4,13.67,3,11.67,63.33,2.33,71.67
"1975-12-24",171,10,103,70.4,53.6,15.67,3.67,19.67,71.67,3.17,92.33
"1975-12-25",157,7,89,69.6,61.4,14.5,3.67,20.83,76.67,5.67,92.33
"1975-12-26",166,8,89,70.4,60.6,15.67,3.33,27.5,91.67,5.17,88.33
"1975-12-27",193,7,105,68.4,61.6,13.5,4,25,90,3.5,80.83
"1975-12-28",150,7,91,80,37.2,10,2.5,14.17,53.33,5,58
"1975-12-29",177,7,107,74.2,36.4,11.67,3,13.33,56.67,3.5,70.83
"1975-12-30",170,8,98,66.8,60.2,10,2.83,11,61.67,3.17,66.17
"1975-12-31",165,6,97,59.4,19.4,6,2,4.67,30,3,45.33
"1976-01-01",196,13,95,59.2,15.8,7.17,1.5,5.17,41.67,3.17,51.17
"1976-01-02",157,10,87,60.8,23.8,10.5,1.83,7.83,55,2.33,72.5
"1976-01-03",177,8,103,63,30.6,10.5,1.83,9.33,60,2.67,78
"1976-01-04",210,9,124,65,39.8,12,3.17,13,76.67,4,73.17
"1976-01-05",169,7,99,66.2,46.8,13.83,5.17,15.67,63.33,2.33,81.33
"1976-01-06",150,3,89,63.6,61.2,12.67,3.33,12.83,66.67,3.33,80.83
"1976-01-07",156,7,90,72.6,30.2,12.67,2.83,9.83,63.33,3.83,65.83
"1976-01-08",191,16,105,73.8,29.4,15.17,3.67,13.83,81.67,4.17,70.33
"1976-01-09",161,9,98,65,60.4,14.83,3.83,17,81.67,3.67,84.33
"1976-01-10",175,7,90,64.8,66.4,11.83,2.67,9.67,56.67,5,62.83
"1976-01-11",146,8,81,72.2,37.4,11.33,3,10.5,61.67,5.17,74
"1976-01-12",163,10,86,67.4,49,15.33,4.83,17.83,70,5,88.17
"1976-01-13",177,7,98,75.2,40.2,15.5,4.33,20.33,70,5,83.17
"1976-01-14",162,4,92,81.6,23.6,13.83,2.5,13.17,51.67,4.33,64.67
"1976-01-15",184,6,107,85.2,21.6,14.67,2.83,13.67,63.33,6.33,64.83
"1976-01-16",179,11,97,88.4,23.6,15.5,3.67,16.33,78.33,6.5,71.17
"1976-01-17",194,7,102,88.8,27.4,12,2.83,11.67,78.33,6.5,51.17
"1976-01-18",154,7,76,73.8,55.2,12,3.67,14.5,85,9.67,52.17
"1976-01-19",150,4,82,78.6,54.6,13.67,4.83,20.33,73.33,4.17,74.67
"1976-01-20",177,11,95,83,21.8,11.67,3,9.83,63.33,3.5,68.83
"1976-01-21",182,10,95,79.8,18.2,14.67,2.17,13.5,63.33,3.5,78.5
"1976-01-22",166,6,102,79.4,29.8,10,2.33,10.33,60,4.83,50.5
"1976-01-23",163,12,78,69,62,9.83,3.5,10.83,66.67,3.33,56.33
"1976-01-24",164,9,92,64,68.4,5.33,2.33,8.17,36.67,5.67,37.17
"1976-01-25",141,5,80,66.4,70.2,8.17,3.17,12.17,58.33,8.33,56.33
"1976-01-26",176,8,100,76.8,43.8,14.67,3.67,22.67,88.33,5.67,78.67
"1976-01-27",172,11,89,81,26,13.83,3.33,18.67,81.67,6.5,65.17
"1976-01-28",172,14,91,83.4,23.6,15,3.67,17.17,83.33,6.17,75.5
"1976-01-29",162,8,98,79.8,31.2,15.33,4.67,17.33,76.67,7.33,73
"1976-01-30",165,8,88,75.4,39,14.67,4.67,22.17,81.67,9.83,81.83
"1976-01-31",169,15,86,83.2,35.4,14.67,4.5,25,88.33,11.17,67.67
"1976-02-01",157,11,83,82.4,35.4,12.17,3.5,17.67,73.33,9.5,54
"1976-02-02",181,11,99,73.6,54,10.67,3.5,21.67,73.33,10.17,67.17
"1976-02-03",177,11,103,62.4,76.6,7.33,3.17,11.33,55,4.67,47
"1976-02-04",189,11,99,54.2,91.8,5.33,1.17,5.67,30,2.83,30.5
"1976-02-05",191,15,103,54.4,81.2,5.17,1.5,4.83,31.67,2,27.83
"1976-02-06",184,8,101,58,72,5.17,1,4.83,28.33,2.67,27.33
"1976-02-07",162,5,91,58.6,87.6,5.33,1.17,4.83,35,1.83,39.83
"1976-02-08",159,8,85,59.8,90.6,3.83,0.67,3.83,35,1.17,22.33
"1976-02-09",195,16,104,58.6,85.6,4.33,1.17,5.33,23.33,2.5,21.33
"1976-02-10",176,8,95,64,74.4,7.67,1.83,5.5,53.33,2.17,38.83
"1976-02-11",187,11,97,72.6,47.8,12.17,2.17,9,58.33,4.5,60.17
"1976-02-12",202,15,112,72,57.6,9,1.83,13.67,65,6,47
"1976-02-13",196,11,111,63.2,77.4,10.17,2.33,13.67,70,4.83,61
"1976-02-14",181,11,100,62.6,71.4,2.83,0.83,6.17,28.33,3.67,19.67
"1976-02-15",171,8,99,59.8,70.8,5.17,1,5.83,45,2.83,31.33
"1976-02-16",194,19,106,63.2,67,6.17,1.33,8,53.33,3.17,43.33
"1976-02-17",191,11,107,67.4,69.2,10.5,2,12.67,71.67,6.17,54
"1976-02-18",185,23,95,70,71,12.33,3.33,19.67,85,10.83,70.17
"1976-02-19",203,12,110,62.2,75,9.17,2.33,11.67,80,4.5,55.17
"1976-02-20",185,16,107,70,34.4,7.67,2,7.83,40,4.33,42.33
"1976-02-21",183,12,107,75,22.4,7.83,1.17,7.5,48.33,4.67,52.17
"1976-02-22",197,16,102,77.6,17.6,6.33,1.67,6.67,35,3.67,29.33
"1976-02-23",191,18,83,74.2,30,7.5,1.83,9.83,43.33,3.83,43.17
"1976-02-24",180,18,102,65,67.6,4.5,1.33,7,40,5,29.5
"1976-02-25",177,10,91,69.2,62,7,2.67,15.67,63.33,8.33,46.67
"1976-02-26",181,18,92,72.4,58.2,11.17,3.17,18.33,78.33,9.83,66.5
"1976-02-27",192,16,93,75.6,50.6,13,3.67,20.5,95,7.33,76.17
"1976-02-28",202,22,105,73,60.8,10.83,4.17,17.5,85,10.33,49.5
"1976-02-29",181,11,99,63,79.4,3.5,2.33,8.33,40,6.83,26.83
"1976-03-01",204,19,108,57.6,80,2.67,1.67,4.83,25,2.67,20
"1976-03-02",193,15,101,53.4,67,5.17,2,5.5,41.67,2.5,36.67
"1976-03-03",178,16,96,53.8,52.8,3.17,1,5,26.67,3.33,21.17
"1976-03-04",174,18,91,58.2,45.6,6.33,1.5,8.33,36.67,3.83,39.83
"1976-03-05",180,16,87,62.8,46.2,7.67,1.67,10.17,60,3.83,48
"1976-03-06",180,18,90,66.4,31.2,7.5,1.83,7.83,51.67,3.83,43
"1976-03-07",192,25,111,64.6,54.2,7.5,2.17,7.67,65,5.17,40.5
"1976-03-08",191,17,100,60.8,61.6,5.33,1.33,7.33,50,5.17,33.17
"1976-03-09",206,15,108,61.4,62.2,6.33,1.5,8.17,55,4,38.33
"1976-03-10",183,24,88,58,73.4,4.5,1.83,7,40,3.17,33.83
"1976-03-11",188,15,115,58.8,71,4.33,1.5,6.17,38.33,3,28.5
"1976-03-12",177,19,97,72.2,38.6,8,2.17,9.17,56.67,6,45.67
"1976-03-13",205,22,102,75.2,27.6,7.83,2.83,8.83,63.33,7,41.83
"1976-03-14",211,17,111,72.6,46.2,7.67,4,13.33,83.33,10.5,41.17
"1976-03-15",185,14,103,78.8,50.2,10.17,5.33,17.5,76.67,11.5,57
"1976-03-16",189,21,92,81,38.4,12.67,5.33,24.83,76.67,13.83,68.83
"1976-03-17",197,17,117,78.6,52,10,5.17,16.67,83.33,17.17,59.83
"1976-03-18",186,16,92,66.8,69.2,6.33,3.83,12.33,51.67,6.83,46.67
"1976-03-19",183,16,97,67.2,51.6,4.83,2.33,6.83,48.33,4.17,39
"1976-03-20",152,16,73,78.4,33.4,8.17,2.67,9,60,6.67,36.33
"1976-03-21",174,13,104,84,22.2,7.33,2.83,12.67,58.33,7.67,38.5
"1976-03-22",180,11,92,85.2,25,7.83,2.83,16.17,63.33,7.83,55.33
"1976-03-23",170,9,92,72.2,60.6,7.67,2.67,14.67,66.67,7.83,45.83
"1976-03-24",161,11,92,69.4,67.4,5.5,1.83,9.67,36.67,7.17,29.83
"1976-03-25",177,9,107,70.4,52.2,6,2.83,10.5,45,6.17,32.67
"1976-03-26",165,13,86,80,28,7.33,1.67,11.17,68.33,8.83,42.5
"1976-03-27",160,13,90,71,45.8,5.83,1.67,8.33,60,5.83,30
"1976-03-28",168,10,88,67,44.8,3.5,1.17,5.83,30,5,18.67
"1976-03-29",172,6,89,71,57.6,6.33,1.67,9.67,45,7.17,34.5
"1976-03-30",180,10,91,77.8,38.2,7.5,2.17,10.17,55,10.33,44.67
"1976-03-31",156,10,85,75.8,43.6,6.83,2.5,14.17,50,8.67,48
"1976-04-01",164,9,81,68,56.6,6.83,1.83,9.17,40,4.33,34
"1976-04-02",162,6,97,69.2,59,6.5,2.83,11,56.67,5.83,39.83
"1976-04-03",169,14,95,60.2,61.2,2.67,1.33,4.83,21.67,4.67,14
"1976-04-04",168,9,78,55.6,76,4.5,0.83,5.83,33.33,3,28.33
"1976-04-05",164,7,96,58.4,67.8,5,1.5,6.67,40,3.83,37.67
"1976-04-06",162,12,93,63.8,61.2,4,1.33,5.33,43.33,4.67,24.5
"1976-04-07",177,11,83,69.6,63.4,4.83,1.67,6.67,50,5.17,47
"1976-04-08",157,7,90,61.6,74.8,4.83,1.17,5.83,51.67,4,39.17
"1976-04-09",167,10,90,67.6,61.2,5.5,1.5,7.67,48.33,6.83,49.33
"1976-04-10",173,9,85,66.2,63.2,5.17,1.83,5.83,40,6.33,34
"1976-04-11",165,18,75,64.4,72.2,5,1.67,5.33,45,5.17,25.67
"1976-04-12",150,8,77,61,61.4,4.5,1.33,5.67,46.67,4.33,29.17
"1976-04-13",136,6,80,57.6,69,5,0.83,5.5,46.67,4.17,36.67
"1976-04-14",161,14,87,63.8,64,5.83,1.67,7.67,56.67,6.17,39.5
"1976-04-15",178,8,89,59.4,75,4.83,1,5.33,28.33,3.67,24.5
"1976-04-16",162,8,91,61.8,34.6,2.67,0.67,5,26.67,4.17,20.83
"1976-04-17",150,3,78,65.8,44.4,4,1.17,6.17,40,6,27.83
"1976-04-18",166,9,92,66.8,52.2,5.17,2,8,51.67,8,30.83
"1976-04-19",168,9,83,78.8,46.4,6.17,2.17,12.33,53.33,12.5,40.17
"1976-04-20",172,10,93,83,42.4,6.83,2.33,15.33,65,17.67,45.17
"1976-04-21",176,7,86,75.6,64.6,7.33,2,15,78.33,11.17,51.67
"1976-04-22",152,12,84,67,69,3.33,1.17,6.83,31.67,6.67,27.33
"1976-04-23",178,6,95,68.6,71.4,4.33,1.33,8.17,38.33,7.17,27
"1976-04-24",144,6,75,72,74.4,5.5,1.5,8.67,50,11.17,35.67
"1976-04-25",155,5,89,73.6,58.4,3.33,1.67,6.5,28.33,6.17,22.67
"1976-04-26",165,5,86,72.2,54.4,5.17,2.33,10.5,36.67,7.33,39.5
"1976-04-27",146,9,72,67.6,58.2,3.5,1.67,5.17,26.67,5.5,21.67
"1976-04-28",151,6,83,69.2,53.6,3.5,1.83,6.17,28.33,7.83,29.33
"1976-04-29",161,5,82,72.8,57.4,5,3.17,9.33,43.33,11.5,40.17
"1976-04-30",136,10,69,85.2,47.6,8.67,3.33,16.17,70,14.83,54.33
"1976-05-01",181,6,102,83.6,50.6,6.83,4.33,16,85,16.33,41.67
"1976-05-02",187,7,98,75.2,67.8,2.83,2.5,6.67,35,9.67,31.17
"1976-05-03",149,7,89,65.4,75,3.83,1.33,6.67,25,4.17,25.17
"1976-05-04",169,3,82,71.4,68.8,3.83,1.67,6.33,25,6.83,27.17
"1976-05-05",171,9,74,64,75.8,3.83,1,6.17,30,4,43.67
"1976-05-06",159,5,83,61.6,78.2,5.17,1.67,6.67,33.33,3,41.33
"1976-05-07",162,5,87,69.6,68.6,4.33,1.33,6.67,35,5.83,29.5
"1976-05-08",155,7,66,73.4,70.8,3.5,2.17,6.5,35,10.33,22.33
"1976-05-09",166,15,70,75.4,72.2,3.33,2.33,7.33,33.33,13.83,23.33
"1976-05-10",164,9,89,76.4,70,5,2.33,11.33,41.67,13,38.67
"1976-05-11",163,11,78,79.8,66.4,6,3.33,12.67,48.33,15,38.83
"1976-05-12",175,10,96,85.4,62.4,6.83,3.33,17.83,65,19.33,51.17
"1976-05-13",165,10,73,87.4,56.4,7.17,5,20.83,47.5,22.67,56.33
"1976-05-14",164,8,84,79.8,67.2,6.67,4.5,14.83,43.33,20.33,48.83
"1976-05-15",135,4,61,75.4,71,4.17,2.33,8.33,30,13.5,25.83
"1976-05-16",154,8,84,73.6,66.6,3,1.83,6.17,23.33,12,19.33
"1976-05-17",150,7,73,76,64.8,4.83,1.83,9.17,33.33,14.17,32
"1976-05-18",179,9,97,79,61.4,5.67,2.67,12.5,43.33,14.17,38.83
"1976-05-19",166,7,80,72.8,65.8,4.17,1,7,36.67,9.17,30.17
"1976-05-20",144,10,68,73.2,58.2,3.67,0.83,6.67,23.33,9.5,25.5
"1976-05-21",151,5,76,72.2,62.4,4.17,1.5,6.5,20,8.5,23.17
"1976-05-22",146,8,74,71.4,63.6,2.5,1.17,5.17,23.33,9.67,21
"1976-05-23",151,9,72,73.4,64.8,3.67,1.83,6.33,46.67,12.17,23
"1976-05-24",132,3,62,70.8,66.6,3.33,1.5,5.83,28.33,7.83,24
"1976-05-25",155,5,84,70.6,67.8,3.17,1.67,6.67,26.67,7.5,27.67
"1976-05-26",156,10,83,77.8,69,5.17,2,9.67,42.5,15,39.17
"1976-05-27",143,9,72,71.6,79.4,3.5,1.83,8.33,28.33,10.67,34
"1976-05-28",154,8,78,67,79.6,3.83,1.5,7.67,25,7.67,26.33
"1976-05-29",147,6,70,68.4,69.8,2.67,1.33,5.5,23.33,5.67,18
"1976-05-30",147,9,63,71.2,65.4,2.67,0.83,6.5,28.33,8.17,16
"1976-05-31",170,5,90,75.6,64.4,3.5,2.17,7.83,40,11.67,23
"1976-06-01",175,6,103,78.8,65,5.5,2.67,10.83,36.67,12.33,34.83
"1976-06-02",149,5,66,75.4,73.6,4.83,1.83,9,35,13.5,31
"1976-06-03",145,9,76,74,72.2,5.17,1.5,8.5,33.33,12,28.5
"1976-06-04",143,2,75,75.4,69.4,4.67,1.33,8.33,36.67,12,30.17
"1976-06-05",142,8,73,75.6,65.4,4.67,2,8.67,40,10.83,27
"1976-06-06",180,11,96,74.4,65.2,5.17,1.67,7.5,51.67,10.17,20.67
"1976-06-07",158,4,73,74.6,66.2,4.5,1,7.5,40,7.83,28.17
"1976-06-08",156,3,89,72.2,66.4,3.67,1,6.5,31.67,5,26.83
"1976-06-09",157,4,95,67.6,66.2,3,0.5,5.33,21.67,3.83,19.83
"1976-06-10",160,9,75,66.8,79,4.83,0.5,6,31.67,4,26.17
"1976-06-11",169,13,86,72.2,67.6,4.67,1.5,8,38.33,8.17,29
"1976-06-12",145,3,71,78,59.6,4.83,2.33,9.17,51.67,12.5,32.67
"1976-06-13",169,9,78,80,63.4,5.5,2.33,9.33,53.33,12.83,29.83
"1976-06-14",156,7,82,86.8,60.2,5,3,13.17,40,15.67,38.67
"1976-06-15",156,8,83,89.2,52.2,7,2.83,15.33,53.33,13.67,46
"1976-06-16",178,6,99,78.8,61.6,5.83,2.83,11.5,40,11.33,42.33
"1976-06-17",154,7,92,78.8,58.8,4.5,2.33,8,30,9,28.17
"1976-06-18",139,5,63,83.2,57.4,5.33,2,13.33,30,15.83,36.33
"1976-06-19",159,7,96,83.4,55.8,4.67,2.33,9.33,40,14,24.5
"1976-06-20",146,5,78,82.4,57.6,4.17,2,9,38.33,9.17,20.5
"1976-06-21",137,5,81,80.4,56.8,4.67,2.17,10.17,40,8.33,31.33
"1976-06-22",164,8,85,82.2,55.8,5.5,1.83,9.5,35,11.17,34.33
"1976-06-23",165,4,92,96.8,32,8.67,3,17.5,60,10.83,58
"1976-06-24",197,7,114,101.4,24.4,8.67,4.33,17,66.67,16,53.83
"1976-06-25",185,7,90,95.8,35.6,8.5,4.83,18.83,78.33,20,57.17
"1976-06-26",160,8,72,95.6,36.4,7,2.67,14.33,78.33,20,40.33
"1976-06-27",158,7,83,102.2,34.2,7.83,3.17,11.33,63.33,26.17,39.17
"1976-06-28",195,7,107,96,39,7.33,3.83,17,61.67,23,60
"1976-06-29",171,1,95,88,49.4,5,3.33,13,50,15,46
"1976-06-30",146,9,59,85.4,49,4.83,3.33,11.17,43.33,12.5,46.17
"1976-07-01",137,13,69,81.2,57.8,4.67,2.17,8.33,43.33,10.67,27.5
"1976-07-02",160,9,79,79.2,63.2,3.67,1.67,6,30,11,29.33
"1976-07-03",150,4,84,79.4,64.8,3.5,1.83,6.33,45,12.5,23.17
"1976-07-04",160,7,85,82.2,65.6,3.67,2.5,6.5,41.67,14.83,22
"1976-07-05",142,5,77,84.2,63.4,3.83,2.5,8.83,43.33,18.17,28.5
"1976-07-06",147,9,77,90,56.2,7,3.67,16.33,48.33,23.83,50.5
"1976-07-07",165,14,90,91.2,47.2,7.33,3.83,15.5,50,16.33,54.17
"1976-07-08",173,13,75,90,51.4,6.5,3.67,13,48.33,19,47
"1976-07-09",151,11,82,83.6,64.8,5.17,2.83,9.67,40,13.83,36.17
"1976-07-10",135,9,56,81,69.2,3.83,2.67,6.5,30,9.67,24.17
"1976-07-11",141,6,77,81,68.6,3.33,1.83,5.17,28.33,6.83,18.5
"1976-07-12",160,6,85,80.2,67,3.33,1.67,4.83,23.33,8.67,32.33
"1976-07-13",138,7,67,78,70.8,3.33,1.67,6.17,25,7.83,26.5
"1976-07-14",144,6,73,78.6,71.6,3.5,1.83,6,25,8.33,24.17
"1976-07-15",144,6,71,76,76,3.67,1.67,5.5,25,8.17,25.67
"1976-07-16",148,4,86,79.8,66.8,3.67,1.5,5.83,26.67,10.5,27.33
"1976-07-17",148,4,83,78,71.2,3.33,1.17,4.83,26.67,11.33,19.5
"1976-07-18",153,8,71,79.2,68,3.17,1.67,4.17,26.67,12.17,15.67
"1976-07-19",136,10,69,81.8,68,4.17,1.83,7.17,26.67,17.17,29.83
"1976-07-20",157,10,80,82.2,69.8,4.33,2.5,8.67,30,18.33,32.83
"1976-07-21",156,8,83,80,72.8,4.5,2.33,7.33,28.33,14.5,36.17
"1976-07-22",159,12,82,76.4,78.8,6,3,11.5,35,8.33,44.33
"1976-07-23",128,4,65,83,68,5.5,3.17,9.67,40,16.5,39
"1976-07-24",138,9,66,83.8,61.8,5.17,2.5,9.5,38.33,15.17,27
"1976-07-25",149,8,74,80.8,65.8,4.17,2.17,7.33,35,12.67,26
"1976-07-26",140,5,68,80.4,71.8,6,3.33,12.67,43.33,9.5,51.67
"1976-07-27",162,5,91,85.6,69.4,4.83,4,9,35,13.67,42.83
"1976-07-28",143,3,74,82.6,67.8,4.67,2.83,7.67,31.67,11,38.5
"1976-07-29",157,3,78,80.6,65,3.83,2.17,5.83,30,7.83,24.83
"1976-07-30",137,10,74,78.6,68.8,3.67,1.67,6.33,28.33,9.83,22.83
"1976-07-31",162,13,81,79.2,64.4,2.83,1.5,4.17,25,8.33,16.83
"1976-08-01",143,7,74,77.4,60.8,2.67,1.17,2.5,31.67,5.5,12.33
"1976-08-02",173,5,100,75.2,66.8,4.5,1.33,6,38.33,5.17,27.33
"1976-08-03",157,10,78,77.4,63.6,5.17,1.83,5.83,40,9.33,26.33
"1976-08-04",147,4,71,81,61.4,5,1.83,7,41.67,8.17,28
"1976-08-05",151,10,74,81.8,59.6,4.83,2.33,8.83,48.33,11,30
"1976-08-06",163,7,88,80.6,61,5.17,1.67,8.17,40,11.83,55.67
"1976-08-07",172,5,93,83.8,51,5.67,2.67,9.33,50,12.17,27.67
"1976-08-08",171,5,81,82.6,56.6,5.33,2.5,9.17,73.33,11.5,23.83
"1976-08-09",162,7,79,80.8,61,6,2.17,9.5,53.33,10.17,34.17
"1976-08-10",156,4,89,82.8,60.6,5,2.5,11.17,43.33,14.83,34.33
"1976-08-11",148,5,70,86.4,50.6,7.33,2.83,13.67,50,13.83,47.5
"1976-08-12",152,6,72,84.8,55,8.33,2.83,15.67,63.33,11.5,49.83
"1976-08-13",137,11,62,80.6,65.6,4.67,2,8.67,33.33,10.83,28.67
"1976-08-14",150,8,72,75.4,65.2,2.83,1.33,4,21.67,4,14.17
"1976-08-15",162,9,79,71.8,80.6,3,1,3.33,25,1.17,13.67
"1976-08-16",141,7,73,75.8,66.6,4.17,1.33,4,31.67,3.5,20.67
"1976-08-17",132,6,69,77.2,63.8,4.5,1.67,4.83,35,4.5,21
"1976-08-18",143,7,68,77.6,59.2,4.67,2.17,5.83,35,6.67,24.33
"1976-08-19",154,6,85,79.4,64,4.5,2,7.17,33.33,4,30.17
"1976-08-20",152,4,77,81,69.6,4.17,1.33,6.5,23.33,6.67,22.5
"1976-08-21",165,8,80,81.8,63.4,3.83,1.83,5.67,35,6.5,24.5
"1976-08-22",159,4,76,81.4,59,4.17,1.67,5.83,31.67,6.17,18.33
"1976-08-23",152,8,78,85.8,51.2,7.67,2.17,14.17,38.33,9.5,39
"1976-08-24",148,11,70,86,51,8.17,3.17,13.33,48.33,11.83,40.33
"1976-08-25",131,6,63,84.6,55.4,6,3.33,11.83,43.33,10.5,34
"1976-08-26",171,6,87,87,54.8,7.83,3.83,17.17,58.33,19.83,43.5
"1976-08-27",150,9,69,86,59.6,6.67,3.17,15.33,53.33,20.67,44.5
"1976-08-28",143,6,72,89,59.2,6.33,3.67,14,61.67,21,39.67
"1976-08-29",156,5,78,95.2,53.4,6,3.33,13.17,56.67,17,29.33
"1976-08-30",159,2,76,98.2,42.8,11,4.17,25.33,61.67,27.17,63.17
"1976-08-31",159,12,77,89.8,55.4,7,4.17,15.5,53.33,16,44.67
"1976-09-01",160,6,80,83,66.4,5.33,2.83,10.67,35,13.33,36.5
"1976-09-02",138,7,73,85.4,63.4,7,3.33,15.33,40,14.5,43.17
"1976-09-03",137,5,73,88.2,67,7.33,2.83,14.83,45,9.17,45.67
"1976-09-04",158,7,76,92.2,58.8,5,2.83,10.17,55,17.5,33.67
"1976-09-05",152,2,88,81.2,70.6,3.5,1.67,5.33,28.33,8.33,17.33
"1976-09-06",137,10,70,82.8,70.8,3.17,1.83,5.67,28.33,11,17.5
"1976-09-07",171,4,91,86.8,66.4,6.33,1.83,8.83,33.33,10.33,33.5
"1976-09-08",134,5,70,92.2,53,8.5,2.5,16.17,58.33,23.5,49.67
"1976-09-09",144,5,76,87.6,59.4,7.83,2.83,19,51.67,5.67,54.33
"1976-09-10",146,13,69,76,91.4,6.17,1.17,8.67,41.67,3.17,31.33
"1976-09-11",123,5,47,68.2,87.2,6.33,0.83,5.83,41.67,3.5,27.67
"1976-09-12",161,7,89,77,75.4,5.67,0.83,5.83,40,8.83,26.83
"1976-09-13",162,9,76,78,76.8,8.67,2.5,10.83,48.33,14.67,43.33
"1976-09-14",144,4,74,77.4,84.8,5.33,2.5,11,35,12.67,38.5
"1976-09-15",141,7,72,69.8,80.8,4.5,1.17,6.67,30,5.17,24.67
"1976-09-16",158,6,85,74.8,69.4,4.17,1.33,5.83,28.33,5.5,24.17
"1976-09-17",158,9,82,74.6,66.4,5.67,1.67,6.67,38.33,5.67,30
"1976-09-18",160,7,81,75.8,72.2,5.17,1.83,7.83,40,11,26.67
"1976-09-19",148,6,65,72.2,80,4.5,1.5,7.5,35,10.17,20.5
"1976-09-20",107,3,59,74.8,78,4.33,2.33,8.67,31.67,10.67,33.67
"1976-09-21",154,8,73,76.8,73.4,5,1.83,9,33.33,12.67,32.83
"1976-09-22",161,10,71,75,77.8,6,1.83,10,48.33,11.67,41.17
"1976-09-23",182,12,93,78,68.6,4.5,1.83,8.67,30,14,37.33
"1976-09-24",123,10,71,77,77.2,4.33,1.5,8.67,33.33,6.17,27.5
"1976-09-25",151,1,72,71.6,78,3.83,0.67,5.33,26.67,3.17,19.33
"1976-09-26",144,4,71,73.8,75.6,3.83,0.83,4.83,38.33,4,16.5
"1976-09-27",162,9,85,76.8,68.6,5.17,1.33,8.17,40,6,33.33
"1976-09-28",142,8,69,77.6,69,6.83,2,11,41.67,10,42.67
"1976-09-29",147,6,79,77.2,75.8,5.17,1.67,7,31.67,5,28.83
"1976-09-30",169,5,88,77.6,68.6,5,2.17,5.83,35,3.33,42.83
"1976-10-01",149,8,71,76.4,68,4.83,1.33,6.83,35,4.5,31.17
"1976-10-02",142,6,77,74.8,71.4,3.5,1,4.17,30,3.5,19.17
"1976-10-03",150,12,76,77.8,68.6,4.67,1,5.83,41.67,11.67,21.5
"1976-10-04",142,7,79,83.6,64.2,8.67,1.67,15,50,13.5,49.67
"1976-10-05",161,11,90,87.4,59.4,10,2.67,17.83,65,17.5,69.83
"1976-10-06",149,3,75,85.2,65.4,10.17,3.33,21.67,71.67,23,72.5
"1976-10-07",156,7,83,89.2,56.8,10.33,4.67,26,75,18.17,81.67
"1976-10-08",163,9,85,95.4,22.2,11.5,2.67,16.17,60,12.33,61.67
"1976-10-09",162,9,85,97.6,21.6,9.5,1.67,13.17,45,11,41.5
"1976-10-10",161,4,78,88.8,43.6,8.17,2.5,14.17,50,15.5,39.83
"1976-10-11",156,9,79,82.6,57,9.83,3.17,21,60,15.17,61.83
"1976-10-12",173,12,92,86.2,57.2,9.33,3,19.5,66.67,9.5,60
"1976-10-13",142,5,66,84.2,70.4,8.67,2.83,22.17,53.33,14.5,59.83
"1976-10-14",153,9,81,78.2,74.2,5.33,2.17,13.5,35,17.67,47.17
"1976-10-15",156,7,67,77,70.8,4.67,2,9.67,38.33,14.5,37.33
"1976-10-16",158,6,84,76.8,70,6.83,2.5,11.67,48.33,17.83,40.5
"1976-10-17",165,10,81,78,74.4,7.33,3,11.83,68.33,17.5,44
"1976-10-18",153,5,79,73.8,74,5,1.5,9.17,46.67,8.33,34.83
"1976-10-19",150,8,86,77.4,71.6,7.33,1.5,10.67,65,11.17,53.83
"1976-10-20",156,9,81,78.6,70,9.83,2,18,56.67,5,61.17
"1976-10-21",163,9,77,76.2,77.2,5.67,2,7.5,38.33,7.17,41.17
"1976-10-22",154,7,71,72.4,77.4,5,1.17,5.83,33.33,4.5,29.5
"1976-10-23",153,4,73,73.6,74.2,4,1.33,6.33,33.33,6.5,30.33
"1976-10-24",165,6,82,72.8,75.4,5.17,1.17,6.33,40,6.67,32
"1976-10-25",169,5,81,73.8,72,7,1.5,11.5,51.67,10.33,43.5
"1976-10-26",143,9,74,80,32.6,8.83,2.5,10.33,63.33,4.17,59.5
"1976-10-27",167,11,85,79.2,20.2,9.83,2.5,10.33,58.33,4.67,51.67
"1976-10-28",163,10,78,81.4,30.4,11.33,2.33,13,66.67,5.5,60.17
"1976-10-29",133,3,67,76.4,49.2,10.67,2.5,13.83,60,7.5,65.33
"1976-10-30",187,6,99,75.4,56.6,10.67,3,13.83,65,11.33,53.17
"1976-10-31",167,7,91,81.6,44,10.17,2.67,13.67,70,13.67,60.67
"1976-11-01",183,6,96,89.6,29.8,13.33,4.17,18.33,66.67,10.33,70.5
"1976-11-02",162,3,97,93.8,24.6,13,3,17.5,63.33,7.83,57.67
"1976-11-03",174,2,98,93.4,25.4,13.67,3.33,19.83,66.67,10,58.33
"1976-11-04",138,8,71,94.4,20.2,14.33,2.5,16.83,70,8.5,64.67
"1976-11-05",172,9,82,90.4,24.2,16.67,2,16.33,75,7.5,60.33
"1976-11-06",178,9,92,85,40.8,14.5,2.67,19.83,71.67,12.83,61.5
"1976-11-07",150,9,69,86,42.6,13.17,3.17,22,70,18.17,58
"1976-11-08",169,9,87,88.2,31.8,14.17,2.83,22.33,65,9.33,67
"1976-11-09",146,7,78,80.2,53,13.33,4.33,20.33,70,13.67,75
"1976-11-10",168,9,88,74.4,66.6,12.5,4,21.5,63.33,15,70.33
"1976-11-11",151,3,88,68.2,71.4,5.17,1.67,7,35,3.33,36.83
"1976-11-12",161,7,85,64.6,69.2,8.5,1.5,6.33,43.33,3.67,46.33
"1976-11-13",147,5,73,66.8,72.4,8.67,1.67,7.83,46.67,4.83,53
"1976-11-14",145,7,71,63.2,87.2,5.83,1.5,6.67,46.67,2.67,53.17
"1976-11-15",163,3,95,75.4,63,11.83,3.5,16.5,60,6,63.5
"1976-11-16",173,13,91,85.4,39.4,11.5,4.33,17,70,6,61.33
"1976-11-17",157,6,83,83.8,40.6,13.67,3.33,15.33,73.33,5.5,65.83
"1976-11-18",168,8,70,82.8,47.4,13.67,2.83,19.5,80,8.5,65.33
"1976-11-19",146,5,71,78,56.4,15.33,3.5,20.83,80,8.83,73.33
"1976-11-20",181,6,98,74.6,68.4,11.5,3.67,22.5,71.67,11.5,64.5
"1976-11-21",160,5,88,73.8,70.8,9.33,3.17,13,65,12.17,63
"1976-11-22",170,8,82,74.6,70.4,14.17,3.17,26.33,78.33,11.17,80.33
"1976-11-23",148,4,90,76,65.6,17.33,4.83,28.5,88.33,10.33,87.33
"1976-11-24",180,4,91,78,55.2,18.67,3.33,20.83,96.67,8.5,82
"1976-11-25",152,8,82,70.2,71.2,13.5,4.17,13.67,90,8.5,65.5
"1976-11-26",156,6,80,66.4,70.4,7.83,2.33,9.33,51.67,4.67,50.17
"1976-11-27",168,4,87,63.8,11.8,6,1.67,5.67,36.67,3.67,80.67
"1976-11-28",155,4,74,65,21.4,7.5,2.5,6,45,3,64.5
"1976-11-29",164,11,85,71.2,22.4,10.5,2.5,12.67,61.67,3.17,70.17
"1976-11-30",155,3,96,78.2,24.6,12.33,2.5,9.67,56.67,3.5,62.83
"1976-12-01",171,6,90,82,19,11,2.33,12.5,56.67,4,69.83
"1976-12-02",172,8,92,79.2,23.4,13.17,2.33,10.83,66.67,4,66.67
"1976-12-03",167,11,92,78.8,30.4,18.83,3.5,15.5,83.33,5.17,79.83
"1976-12-04",193,11,97,68.6,66.4,15.67,3.67,14,81.67,5.33,78.33
"1976-12-05",158,9,69,71.6,58.2,9.83,2.67,10.33,53.33,5.83,61.33
"1976-12-06",153,8,93,73,35.4,13.83,3.67,13.5,71.67,3.83,84
"1976-12-07",166,8,86,77.6,27.8,15,3.83,13.83,70,4.5,70.5
"1976-12-08",149,5,87,76,36,16.17,3.83,17.83,81.67,4.67,82.67
"1976-12-09",162,10,86,67,64,14.5,2.17,14.33,78.33,3.67,78.83
"1976-12-10",138,6,83,70,53,14.67,3,12.67,61.67,4.5,76.17
"1976-12-11",152,13,73,76,29,11.17,3.17,9.83,60,4.33,65.33
"1976-12-12",164,6,83,77.8,26.4,12.5,3,9.17,68.33,4.83,69.67
"1976-12-13",165,7,89,74.8,31.2,15.5,3.17,18.17,71.67,4,81.33
"1976-12-14",159,9,95,77,37,16.17,2.67,16.5,88.33,3,77.33
"1976-12-15",187,11,92,79.2,28.2,14.83,3.17,19.17,73.33,3.17,80
"1976-12-16",176,7,103,80,15.6,16.5,3,15.33,76.67,3.17,79.5
"1976-12-17",160,9,71,75,29.6,11.17,3.17,11.83,68.33,3,64.5
"1976-12-18",184,8,90,68.8,56.2,12.17,2.17,11.83,60,4.17,66.17
"1976-12-19",197,9,99,68.8,63.6,12,2.33,11.5,68.33,6.33,67.33
"1976-12-20",194,5,103,69.6,60.4,11.83,4,17.5,68.33,5.17,76
"1976-12-21",144,5,90,72.8,23.2,11,2.5,10,60,4.17,63.67
"1976-12-22",151,8,77,71.2,22.8,13.33,2.17,11.17,61.67,3.83,71.33
"1976-12-23",185,13,97,66,41.6,13.83,3.17,14,70,2.83,79.83
"1976-12-24",173,1,93,64.6,54,13.83,3.17,14.33,71.67,5.33,102.67
"1976-12-25",178,5,108,74.4,29.4,11.17,2.5,12.17,76.67,5.67,91.67
"1976-12-26",170,9,94,77,17.6,12.5,2.5,8.33,70,3.33,60.67
"1976-12-27",188,7,113,69.8,42.8,14,2.67,12.83,78.33,3.33,82
"1976-12-28",171,8,91,73.6,42.2,14.5,3.17,19,80,4.67,94.5
"1976-12-29",186,8,91,63.2,70.6,12,2.67,15,75,5,85.67
"1976-12-30",176,11,91,56.2,92.2,9,1.83,7.83,46.67,1.83,53
"1976-12-31",166,6,90,60.8,80.6,7,2,5.67,45,2.5,51.17
"1977-01-01",214,16,107,62.4,75.2,8,3.17,6,50,3,51.67
"1977-01-02",154,8,76,55.4,91,6.5,2.17,5.33,48.33,2.67,50.67
"1977-01-03",166,11,85,62.8,49.4,6.67,1.83,4.83,43.33,3.33,43.33
"1977-01-04",173,13,95,60.6,61,10.5,2.33,8.17,53.33,2.67,59.5
"1977-01-05",178,10,95,54.8,77.4,8.67,1.67,6.67,46.67,1.83,51.17
"1977-01-06",173,13,105,51.4,87.8,4,0.83,4.33,25,2.17,31.33
"1977-01-07",171,9,94,54.2,85.2,6,1.5,4.83,36.67,2.33,36.33
"1977-01-08",160,9,79,61,60,7.17,2,8,55,3.33,54.17
"1977-01-09",161,3,85,62.4,56.4,7.17,1.5,7.33,45,4.5,52.67
"1977-01-10",192,13,94,61,56.4,11.33,2.5,11.5,58.33,3.67,74.17
"1977-01-11",190,9,104,69.4,45,12.33,2.33,12.83,70,3.5,74.5
"1977-01-12",169,11,84,63.2,66.2,11.5,2.17,10.17,60,2.83,64.33
"1977-01-13",154,6,93,63.6,69.8,11.17,2.83,12.5,61.67,4.17,68.67
"1977-01-14",191,14,105,69.4,56,14.33,3.33,13.5,80,4.33,93.33
"1977-01-15",173,7,79,70,40.8,12.5,2.5,11.33,63.33,4.17,65
"1977-01-16",183,9,104,77.4,35.6,8.5,2.83,10.67,58.33,4.67,55.67
"1977-01-17",183,9,88,81.8,18.2,12,2.33,10.83,58.33,4.17,69.5
"1977-01-18",153,9,78,80.2,31,14.5,3.83,16.67,65,2.67,77.83
"1977-01-19",183,11,99,76.2,44.2,11.67,4.5,18,70,2.67,82
"1977-01-20",187,8,105,67.8,57.8,13,4.17,21.67,78.33,2.33,81
"1977-01-21",156,5,76,66,75.8,9.17,3.5,12.5,55,3.83,62
"1977-01-22",188,10,105,65.6,72.2,9,3.5,12.17,73.33,4.33,63.83
"1977-01-23",169,8,73,68,69,8,3,9.5,61.67,6,55.83
"1977-01-24",158,8,92,73.6,43,9,2.33,10.67,68.33,2.5,60.17
"1977-01-25",169,9,96,69.8,41.8,8.33,3.5,11.5,50,1.83,50.17
"1977-01-26",179,2,89,69.2,60.8,7.83,1.67,9.67,46.67,3.33,44.17
"1977-01-27",149,5,77,68.6,62,9.33,3,16.5,61.67,2.33,61.67
"1977-01-28",142,7,69,65.2,74.2,10.33,3.17,21.83,76.67,2.67,71.33
"1977-01-29",145,6,67,67.8,73.2,10,2.17,12.83,80,4.5,65.83
"1977-01-30",155,2,92,73.6,54.8,9.17,3.33,12.5,65,5.17,61.17
"1977-01-31",163,7,86,70.4,55.2,10.67,3.83,15.17,68.33,4.5,76.5
"1977-02-01",154,14,77,62.4,74.6,9.67,2.17,11.17,56.67,3.5,66.33
"1977-02-02",165,4,90,67.6,59.8,10.67,3.33,14.17,75,5.5,72.33
"1977-02-03",150,1,74,72.2,38.6,10.67,2.33,13.17,58.33,3.67,63.17
"1977-02-04",171,8,89,75.6,34.6,10.83,2.67,10.5,61.67,4.33,67.83
"1977-02-05",167,6,92,73.6,38.8,11.17,3.5,14,75,5.83,79.83
"1977-02-06",175,3,88,74,52.8,12,3.83,16.17,80,10.33,72.17
"1977-02-07",182,9,100,78.8,44.2,12,3.67,23.17,83.33,8.83,67
"1977-02-08",153,8,86,69,62.2,12,4.33,20.67,78.33,6,77.83
"1977-02-09",165,5,79,68,63,8.33,3.5,12,73.33,3.67,54.5
"1977-02-10",169,7,76,77.2,37,10.33,3.5,12.5,51.67,4.17,54.33
"1977-02-11",161,12,83,78.4,36.8,12.17,4,21,73.33,8,70.33
"1977-02-12",168,7,84,85.6,26.4,11.67,3.17,18.67,75,10.5,57
"1977-02-13",184,5,80,83.2,33.2,10.17,3.17,14.67,71.67,11.33,50.67
"1977-02-14",157,4,77,80.6,50.8,12.17,5.5,26.5,101.67,9.5,79.17
"1977-02-15",175,6,86,86.4,33,11.33,3,17.33,76.67,7.33,70.83
"1977-02-16",151,5,80,85.8,32.4,10.5,4.33,19.83,73.33,9.67,62.17
"1977-02-17",157,6,78,77.8,55,12.67,5.17,24.17,75,11.67,72.83
"1977-02-18",166,11,79,73,67.6,13.17,4.83,27.83,86.67,10.5,73.33
"1977-02-19",151,9,84,76.6,65.2,8.67,3.83,22.17,63.33,13,54.5
"1977-02-20",179,13,80,71.8,67.6,8,3.33,17.83,63.33,9.17,41.5
"1977-02-21",132,5,70,68.8,77.2,5.5,2.5,10.17,60,5.33,40.33
"1977-02-22",148,6,79,70.4,38,3.17,1.17,6.17,33.33,3.5,23.33
"1977-02-23",160,5,92,56.6,86.2,6.67,1.83,7.33,50,1.83,50.33
"1977-02-24",151,4,86,54.8,80.2,6,1.33,7,53.33,2.17,42.67
"1977-02-25",163,6,82,65.6,37.6,4.5,1.17,6.83,40,4,35.5
"1977-02-26",137,8,75,68.4,39.8,7,1.33,10.33,51.67,6.17,49.5
"1977-02-27",154,7,86,75.2,36.2,7.67,1.17,11.67,65,8.33,49.17
"1977-02-28",157,6,89,74.4,39.2,7.83,1.5,13.67,58.33,6.33,51.17
"1977-03-01",169,7,94,60.2,30,4,0.5,4.83,33.33,3.5,26.83
"1977-03-02",133,6,69,63.6,27,3.83,0.83,4.83,28.33,3.83,30.33
"1977-03-03",172,13,76,63.2,42.6,6.33,1.5,8.67,38.33,3.67,50.33
"1977-03-04",169,4,88,69.6,27.2,7.17,2.67,10.33,50,2.67,56.5
"1977-03-05",172,6,83,72.2,23.8,7.5,1.5,8.83,53.33,3.33,48.5
"1977-03-06",177,9,94,74.8,27.6,7.67,1.5,9.17,65,5.83,44.67
"1977-03-07",165,3,84,75.8,30,10,2.5,17.67,71.67,4.67,64
"1977-03-08",193,10,97,71.8,52,10.67,4,21.83,75,7.67,70.83
"1977-03-09",166,9,78,65.6,72.2,5.83,1.17,8.5,50,5.5,42
"1977-03-10",174,12,87,68.8,26,4,1.83,6.67,36.67,3.33,30.17
"1977-03-11",170,7,86,69.8,18.8,8.17,3.5,10.17,60,4.17,54.5
"1977-03-12",165,13,78,69,45,7.5,2.5,10.67,65,6.33,43.67
"1977-03-13",162,11,92,63,43.2,3,1.17,6,31.67,3.83,28.33
"1977-03-14",174,9,90,62.2,40.8,4.83,1.33,7,40,3.83,35.83
"1977-03-15",168,11,75,63.6,52.4,5.17,1.5,8.33,51.67,3.83,37
"1977-03-16",160,14,73,57.2,74.8,4.17,0.83,6.17,40,3.17,32.33
"1977-03-17",164,6,81,60.4,66,5.17,1.83,9,43.33,3.67,39.33
"1977-03-18",159,9,84,65.2,56.2,7.67,2.83,9.67,48.33,4.5,49.67
"1977-03-19",179,11,88,67.6,56.8,6.33,2.33,9.83,45,5.67,46.17
"1977-03-20",181,14,100,67.6,67,6.83,2.67,10,58.33,8,45.33
"1977-03-21",174,7,92,78.8,48.6,8,3,17.67,55,9.83,56.67
"1977-03-22",153,10,85,76,56.8,8,2.5,16,63.33,8.17,58
"1977-03-23",187,11,100,62.6,75.6,2.67,1.17,6,26.67,4.83,23.17
"1977-03-24",170,14,82,59.2,68.2,2.83,0.83,4.83,28.33,2.83,19.5
"1977-03-25",175,11,81,52.4,78,4.5,1,6.33,30,2.67,32.33
"1977-03-26",167,6,96,66.2,62.4,5.83,2,7.83,43.33,4.67,37.5
"1977-03-27",174,9,101,66,74.4,5.17,2.17,6,43.33,5.5,29.17
"1977-03-28",180,10,98,64.2,63,3.33,1.17,6.17,28.33,4.83,28.5
"1977-03-29",167,8,83,64.2,39.6,5.5,1.17,7.83,40,4.5,34.5
"1977-03-30",159,10,85,59.2,57.6,5.5,1,6.5,41.67,3.5,36.83
"1977-03-31",157,12,80,59.8,58,4.83,1.33,7,43.33,3.83,37.67
"1977-04-01",166,9,87,60.8,66.2,4.17,1.33,7.17,41.67,4.33,31.5
"1977-04-02",188,7,106,62.8,68.4,5,1.17,6.17,36.67,3.33,34.83
"1977-04-03",163,4,86,66.2,63.8,6,1.67,7.5,46.67,6.83,36.83
"1977-04-04",188,9,100,74.4,54.2,5.17,4,11.5,50,9.83,42.33
"1977-04-05",170,9,97,78.4,53.6,7,2.83,13.17,63.33,13.17,49.17
"1977-04-06",155,10,80,79,54.4,8,3.33,18,70,10.33,57.5
"1977-04-07",169,8,92,73.2,71.8,4.5,3.5,13.67,41.67,9.83,39.17
"1977-04-08",174,9,94,69.2,68.4,3.33,2.83,8,36.67,8.5,40.67
"1977-04-09",176,14,90,66,68.4,3.67,1.67,6.17,43.33,6,26.83
"1977-04-10",161,10,82,67,61.4,4,1.83,6.33,40,8.83,24.5
"1977-04-11",171,8,84,67.2,68.2,4.33,1.5,7.33,38.33,6.67,25.83
"1977-04-12",172,12,89,73.2,66.6,6,3.17,11.83,45,9.5,39.83
"1977-04-13",163,4,82,68.4,75.6,4.67,2.83,10,45,7.67,35.5
"1977-04-14",181,10,98,69.2,69.8,4.5,2.17,8.33,35,7.33,27.17
"1977-04-15",166,7,83,72.6,72.2,4.83,2.33,10.5,46.67,9.83,36.83
"1977-04-16",151,7,74,71.8,73.8,3,3,8.33,26.67,10.5,27.33
"1977-04-17",174,8,95,72.4,74,2.67,3,6.5,28.33,9.83,28.33
"1977-04-18",169,9,93,69.2,70.8,3.67,2.83,8.33,31.67,10.5,32
"1977-04-19",152,4,90,76.8,52.2,5.17,2.83,9.5,41.67,6.5,38
"1977-04-20",157,8,81,76.6,54.6,5.17,3,12.17,45,8.67,36.83
"1977-04-21",177,9,100,79.4,42,6.67,4.83,17.17,53.33,11.17,44.83
"1977-04-22",178,5,99,83,32,8.83,3.67,17.67,65,12.83,52.17
"1977-04-23",156,7,79,84.6,33.4,8,3.83,15.33,70,13.33,46.83
"1977-04-24",156,7,80,81.4,38.6,7.17,4.33,12,60,10.33,32.67
"1977-04-25",190,13,97,76,47.6,5.83,3.17,12.83,46.67,7,40.5
"1977-04-26",181,7,101,73.8,65.2,4.67,2.83,9,41.67,7.33,33.33
"1977-04-27",164,10,86,69.4,70,2.67,2.17,6.17,26.67,5.67,26.33
"1977-04-28",145,5,71,70.8,66,3,2.33,6.83,30,7,21
"1977-04-29",163,6,92,73.4,65.2,5,3.67,9.67,41.67,7.33,40
"1977-04-30",174,11,87,73,68.4,2.83,2.33,6.83,33.33,5.17,23.17
"1977-05-01",164,10,73,70.4,61.4,2.17,1.17,3.67,28.33,2.67,13.5
"1977-05-02",165,6,85,74,49.2,4.33,1.5,8.67,46.67,5.33,34.17
"1977-05-03",155,13,81,70.4,58.8,3.33,1.83,5,38.33,6.83,26
"1977-05-04",162,8,83,72,58.6,3.83,1.5,6.17,36.67,8.67,25
"1977-05-05",158,11,81,66.8,67.2,3.33,1.33,6.33,38.33,4,26.17
"1977-05-06",157,6,91,60.4,50.4,3.33,1.5,5.17,30,3.5,21.67
"1977-05-07",138,7,72,63,57.8,3.33,1.17,5.67,36.67,3.5,28.83
"1977-05-08",165,7,89,60,84.4,2.33,1.17,4.67,21.67,3,16.33
"1977-05-09",162,12,76,57.4,85.2,3.33,1,6.17,33.33,3.17,21.83
"1977-05-10",166,7,80,64.4,69.4,4.33,2,7,43.33,5,35.5
"1977-05-11",152,3,72,65.2,71.4,4.5,1.67,6.5,46.67,4,27.5
"1977-05-12",138,10,72,61.8,75.2,3,1.83,5.33,30,2.83,23.5
"1977-05-13",148,7,78,67.8,64.2,5.17,1,7.17,46.67,4.67,35.33
"1977-05-14",141,9,69,65,74.4,3.83,1.5,6,35,4.5,22.33
"1977-05-15",161,11,80,66.8,74.2,4.67,1,6,40,5.5,24
"1977-05-16",143,7,68,65.2,63.4,2.67,1.5,5.67,25,4,18.5
"1977-05-17",186,12,100,69.4,50.8,4.17,1.17,7,36.67,5,34.17
"1977-05-18",166,6,87,71.8,53.4,4.67,2.5,9,50,5.83,32.17
"1977-05-19",162,8,102,74.4,57,4,2.17,7.5,35,7,30.33
"1977-05-20",178,17,85,79.6,51.4,5.5,3,13,46.67,10.17,47
"1977-05-21",154,5,73,76.8,63.2,5,3.83,9.33,48.33,10.33,32
"1977-05-22",181,9,96,71.4,73.8,2.33,1.83,4.83,35,6.5,19.33
"1977-05-23",165,9,93,62.4,78.8,3.67,1.17,6.33,26.67,3.67,23.83
"1977-05-24",142,8,78,65.4,73,3,1.33,4.5,26.67,3.67,18.33
"1977-05-25",151,5,88,69.2,66,3.67,1.67,5.83,33.33,5.17,28.83
"1977-05-26",159,9,91,71,61.8,4.67,1.83,8.17,40,6.17,29.33
"1977-05-27",150,12,82,73.2,67.8,4,2.67,8.33,36.67,7.5,30.33
"1977-05-28",152,5,75,73,71.2,3.67,2.33,7.17,38.33,10,22.5
"1977-05-29",177,13,88,73.4,72.4,3.67,2.5,7.33,40,10.67,20.5
"1977-05-30",162,7,83,79.8,67.6,4,3.17,8.17,45,17.33,25.33
"1977-05-31",188,5,91,81.2,68.2,5,3.5,12,43.33,17.5,44.5
"1977-06-01",164,6,80,79.6,69.2,5.17,4.33,13.17,41.67,15.5,46.83
"1977-06-02",137,6,79,80.2,65.2,5.17,4.33,13.83,45,15.83,41.83
"1977-06-03",171,9,79,79.4,66.8,4.33,4,12.17,38.33,14.17,36.83
"1977-06-04",151,6,83,81.2,66.4,4.5,4.5,11.83,45,19.33,36
"1977-06-05",157,10,68,83.8,69.4,3.5,3.5,9.5,35,12.33,26.83
"1977-06-06",156,8,78,78,79.2,4,2.83,8.5,30,9.17,32.33
"1977-06-07",153,6,78,75.6,79.8,3.5,1.83,8,26.67,9.33,33.83
"1977-06-08",161,7,69,72.6,82,3.5,2.17,8.17,28.33,7.83,30
"1977-06-09",163,12,80,68.4,80.4,3,1.33,5.83,25,3.67,21.83
"1977-06-10",160,5,81,73.2,63.8,3.33,1.83,5.5,28.33,5.5,21.83
"1977-06-11",146,7,69,73.4,68,3.83,1.83,6,38.33,8.5,29.5
"1977-06-12",155,6,74,73.4,69,3.5,2.17,6.33,35,8.5,22.5
"1977-06-13",174,4,79,72.8,67.2,3.67,2.17,7,31.67,7.5,25.83
"1977-06-14",153,10,79,75.6,57.4,3.17,1.67,7.17,28.33,10.17,24.17
"1977-06-15",154,7,79,77.8,57,5,3,11,41.67,10.83,37.67
"1977-06-16",142,5,72,80.8,57.4,4.33,2.5,11.17,40,10.33,35.67
"1977-06-17",149,7,68,79.4,54.4,4.67,3,12,40,9,36.83
"1977-06-18",168,9,78,79,57.8,4.33,2,9,43.33,10,24.83
"1977-06-19",173,7,88,75,64.2,2.33,1.33,5.5,25,8.5,18.17
"1977-06-20",176,6,95,74.2,66.2,3.5,1.33,8,30,8.83,31.67
"1977-06-21",151,8,67,76.2,68.4,3.83,2.33,8,31.67,9.33,32.5
"1977-06-22",117,5,64,77.8,68.8,3.33,2.33,9.17,28.33,12.83,36
"1977-06-23",162,8,85,79.2,69.4,4.17,2.83,9.33,31.67,14.83,38.33
"1977-06-24",168,8,90,82.8,67.2,4.33,4.17,12,36.67,15.83,73.5
"1977-06-25",131,8,61,78.8,70,3.67,3.67,10.17,36.67,15.5,46.67
"1977-06-26",165,5,73,80.2,62,3.33,3.17,9.5,36.67,11,30.17
"1977-06-27",155,6,77,81.4,59.6,3.67,3.67,11.33,33.33,8.5,34.67
"1977-06-28",144,6,83,82,57.2,4.67,3.5,11.33,43.33,9,39.33
"1977-06-29",166,6,95,85,55.2,4.67,4,11.5,50,9.83,44.17
"1977-06-30",150,5,77,84.4,56.2,4.33,3.67,12,53.33,10.33,39.5
"1977-07-01",139,5,61,82.6,61.6,3.5,2.67,10.5,40,11.33,37.17
"1977-07-02",174,9,90,84.2,59.6,4.33,1.83,10.67,45,9.67,27.17
"1977-07-03",150,8,60,81.4,67,3.17,2.17,5.5,31.67,6,19
"1977-07-04",128,12,59,77.2,71.6,2.67,1.33,5.5,28.33,4.83,18.5
"1977-07-05",157,4,81,79.2,62,3.5,2.33,8.33,30,8.83,28.67
"1977-07-06",145,5,84,85.2,52.2,5,3.5,14.83,48.33,15.5,42.5
"1977-07-07",163,9,85,83.6,57.4,5.5,3.5,11.67,50,10.67,41
"1977-07-08",151,5,73,84.4,58.2,5.17,3.67,13.5,50,11.83,40.33
"1977-07-09",130,6,67,81.6,57.8,4.33,3.17,12.17,48.33,12.5,35.5
"1977-07-10",166,11,94,83.2,59.6,3.33,3.33,10.17,40,10.17,25.17
"1977-07-11",163,5,85,79.8,67,3.67,2.17,9.5,36.67,9.5,34.17
"1977-07-12",150,11,57,79.8,66,3.67,2.67,9.17,30,10.33,38.17
"1977-07-13",139,6,73,79.6,65.2,3.5,3.5,8.67,30,9.83,32.5
"1977-07-14",152,7,89,80.6,66,4.17,3.33,10.33,40,11.33,36
"1977-07-15",134,5,68,83.8,62.8,4.5,3.33,11.83,33.33,12.17,36.5
"1977-07-16",153,3,67,87.8,55.8,3.67,3.33,10.67,40,13.83,28.67
"1977-07-17",161,5,83,87.6,49.8,4,3.5,8.67,51.67,9.17,24.67
"1977-07-18",152,5,64,85.2,59.8,3.67,3.83,11.83,46.67,7.33,39.17
"1977-07-19",161,10,77,80.8,65.6,3.67,2.5,8.33,31.67,6.17,33.33
"1977-07-20",161,14,83,82,65.8,3.5,2.33,9.5,30,8.83,35.5
"1977-07-21",158,6,87,85.8,64.2,4.67,3.17,14.83,40,14.5,48.17
"1977-07-22",170,11,78,88,62,5.83,3.67,16.17,50,18.5,48.33
"1977-07-23",155,8,79,86,69.4,3.83,3,10.17,36.67,12.83,30.67
"1977-07-24",146,1,72,87.6,63.2,3.33,2.83,8.17,40,14.83,25.83
"1977-07-25",154,11,75,91.6,51.8,6.5,3.17,17,60,12.17,52.33
"1977-07-26",179,9,87,97.2,37.6,7.5,3.67,20.83,68.33,16.67,75.17
"1977-07-27",169,3,86,94.2,41.8,8.83,3.5,21.33,73.33,14.33,61.67
"1977-07-28",143,4,79,92.6,45.4,6.5,4.33,15.67,65,18.83,52.67
"1977-07-29",170,4,86,91.8,48.6,8.33,4.17,19.33,65,21,59
"1977-07-30",174,6,89,88.2,58.6,5.17,3,11.83,56.67,13.5,34.33
"1977-07-31",170,6,79,87.2,61.4,5,2.83,8.67,53.33,11.33,25.5
"1977-08-01",169,4,88,88.4,59.6,4.83,2.67,11.5,48.33,13.33,46.17
"1977-08-02",162,3,87,89.4,58.4,5.5,3.33,13,48.33,14,46.33
"1977-08-03",136,5,67,89.2,61,5.17,3,11.5,46.67,12.83,44.5
"1977-08-04",148,6,72,87.4,62.8,4.67,3.17,13.67,45,12.33,45.17
"1977-08-05",163,7,85,85.4,64,4.67,2.67,10,40,9.17,34.5
"1977-08-06",174,5,87,85.8,64,3.67,3.17,8.83,45,11.5,27.67
"1977-08-07",159,8,76,85.6,61.6,3.67,3,8.17,46.67,12.33,25
"1977-08-08",146,7,70,85.2,55.8,5.5,2.83,12,55,10.67,46.67
"1977-08-09",158,6,80,81,64.6,4.17,2.83,10.17,41.67,12.17,36.5
"1977-08-10",175,6,92,82.4,63.8,4.5,2.83,11,36.67,15.17,48.83
"1977-08-11",125,6,59,84,62.2,5,3.33,13.83,45,14.5,44.33
"1977-08-12",142,5,71,83.4,63.4,4.33,2.83,11.17,35,11.83,37.83
"1977-08-13",152,5,62,82.8,59.6,4.33,2.5,9.17,45,11.17,26.5
"1977-08-14",134,5,66,86.8,51.6,4.67,3.5,11.83,58.33,13.83,29.83
"1977-08-15",173,5,86,90.4,47,8.5,5.5,16.67,58.33,14.33,64
"1977-08-16",185,9,91,87,62.6,9.83,3.5,20,66.67,7.67,65.83
"1977-08-17",152,8,75,72,93,5,1.17,6.67,50,1.5,32.17
"1977-08-18",130,5,69,80.2,82.6,4.67,1.67,7.67,35,10,30.33
"1977-08-19",160,8,78,86.2,69.4,6.67,3,14.67,48.33,14.33,46.17
"1977-08-20",160,8,71,89.2,59.4,6,3.83,12,60,17.5,38.5
"1977-08-21",157,5,70,82,67,3.5,2.5,6.67,43.33,8.67,21.67
"1977-08-22",173,10,85,81.2,73.8,4.67,2.67,10.5,50,9.17,40.5
"1977-08-23",146,8,73,80.6,70.6,3.83,2.67,7.83,30,8.67,28.67
"1977-08-24",160,6,79,81.8,66,4,2,8.33,30,10.33,31.83
"1977-08-25",170,5,73,80.2,66.4,5.67,2.5,11.17,63.33,11.5,45
"1977-08-26",161,8,74,79,72,4.33,2.33,8.5,36.67,8.17,30.33
"1977-08-27",152,9,66,81,68.8,3.17,1.5,7,30,11.5,19.83
"1977-08-28",152,9,74,83.2,69.6,3.67,2.5,8,38.33,15.83,22.83
"1977-08-29",169,8,82,81.6,74.4,6,2.83,13,50,15.83,44.33
"1977-08-30",130,10,60,80.6,74.4,3.33,1.33,7.17,30,9.67,33.83
"1977-08-31",157,8,72,78.6,69.2,3.83,1.5,7.17,30,8.67,26.83
"1977-09-01",158,8,74,79.4,70.2,4.17,1.5,8.33,41.67,9,33.17
"1977-09-02",140,9,64,80.8,68.2,5.17,2.17,9.83,48.33,8.17,38.33
"1977-09-03",158,10,69,82.4,68.8,4,2.33,8.67,36.67,14.17,36
"1977-09-04",144,4,59,87.2,59.2,5.5,4.17,14.33,60,15.5,34
"1977-09-05",151,6,65,90.4,54.6,5.83,3,12.83,60,15.5,36.17
"1977-09-06",198,15,92,92.2,46,8,3.17,16.33,50,12.33,58.17
"1977-09-07",172,8,88,93.4,44,8.5,2.67,16.83,61.67,12.17,62.67
"1977-09-08",124,6,55,90.4,49.8,8.17,4.17,19.17,71.67,13.5,58.33
"1977-09-09",147,10,72,83.4,62.2,6.17,3.5,16.17,50,10.83,50.67
"1977-09-10",154,6,73,80.6,70.8,3.67,2.83,8.5,35,7,30
"1977-09-11",164,6,87,78.4,70.8,2.83,2.83,6.83,35,6.33,20.33
"1977-09-12",152,7,74,77.6,67.4,3.33,2.67,7,35,7,27.33
"1977-09-13",143,10,75,76.6,71.6,3.67,1.83,7.33,38.33,7.67,30.17
"1977-09-14",142,3,72,74.4,72.8,5.17,1.67,7.5,43.33,6.67,39.5
"1977-09-15",141,3,74,73.4,74.4,6,2,7.83,53.33,7.17,40
"1977-09-16",151,8,66,71.6,66.2,5.67,1.5,4.83,41.67,3.17,34.33
"1977-09-17",133,10,64,74.2,62.6,4.67,1.33,5.17,40,6.5,22.83
"1977-09-18",138,10,51,78.2,59.4,4.83,1.5,6.33,43.33,8.5,23.67
"1977-09-19",165,7,83,76.8,62.4,5.17,1.17,9.33,48.33,5.83,35.67
"1977-09-20",147,8,72,76.6,66.6,5.83,1.33,7.83,40,5.33,45.17
"1977-09-21",140,8,60,81.6,58,7.5,2.67,13.83,55,11.33,57.17
"1977-09-22",165,10,81,76.2,67.2,5,2.67,9.83,45,8.33,38.5
"1977-09-23",134,5,71,75.6,62.6,5.83,3,14.67,46.67,6,44.33
"1977-09-24",172,6,82,83,51.6,7.17,3.5,15.17,63.33,15,42.67
"1977-09-25",142,5,64,79,64.8,6.17,1.33,9.5,56.67,4.5,27.17
"1977-09-26",144,9,73,76.2,76.2,3.17,1.17,4.33,35,3.17,33.17
"1977-09-27",178,12,91,76,75.6,4,1.33,6.67,36.67,5.5,34.83
"1977-09-28",166,7,79,77,74,4.83,2.17,11,41.67,11,40.17
"1977-09-29",161,6,86,73.8,77.2,4.5,1.67,7.17,41.67,4.33,32.17
"1977-09-30",150,10,68,77.4,67.8,7.67,1.83,9.33,55,10.5,44
"1977-10-01",163,8,80,83,59.4,9,3.17,13.83,63.33,17.67,46.33
"1977-10-02",178,8,85,80.2,68,6.33,3.33,11,60,15.33,33.83
"1977-10-03",160,7,75,80.8,64.4,8.83,2.83,15,66.67,12,66.67
"1977-10-04",157,5,86,83.4,55.2,9.67,3.5,19.33,61.67,12.67,64.17
"1977-10-05",131,8,55,87,45.2,12,3.67,19.33,70,12.5,77
"1977-10-06",151,11,69,83.2,48,8.83,3.17,15.17,61.67,6.33,56
"1977-10-07",131,2,65,87.8,45.2,11,2.5,13.5,66.67,9.67,63.67
"1977-10-08",154,9,82,84.8,53.4,10,3.17,16.17,85,12.83,53
"1977-10-09",159,3,79,79.2,70.2,4.67,1.83,7.17,48.33,8.17,26
"1977-10-10",175,5,86,77.8,67.8,4.33,2.5,9.17,43.33,10,48.83
"1977-10-11",160,8,84,81.8,68.8,5,2.67,12.17,38.33,13,46.17
"1977-10-12",151,7,72,84,59,9.83,3,16.5,63.33,11,72
"1977-10-13",172,4,82,82.6,61.8,11.5,4.33,22,81.67,11.83,71.83
"1977-10-14",160,4,85,83.2,61.6,10.67,3.67,19.83,76.67,13.67,92.83
"1977-10-15",157,4,70,84.6,59,9.5,3.17,19,75,16.17,56.17
"1977-10-16",152,4,72,79.4,70.4,6.17,2.33,12.67,61.67,18.5,40.5
"1977-10-17",181,8,87,79,75.6,7.17,3.67,15.83,55,15.67,74.17
"1977-10-18",147,7,73,75.4,77.6,5.83,3.5,16,41.67,12.33,59
"1977-10-19",156,8,79,68.6,75.2,4,1.33,6.17,36.67,2.83,43.5
"1977-10-20",146,5,59,67.8,76,5.83,1.33,7.83,48.33,3,52
"1977-10-21",160,9,82,72.6,72.6,8.83,1.33,9.67,55,7,54.83
"1977-10-22",154,5,78,79.4,67.2,8.67,2.17,12.33,63.33,9.83,57.33
"1977-10-23",158,6,78,81.8,70.6,8.83,2.67,10.17,71.67,10.67,39.83
"1977-10-24",176,5,91,81.6,64.6,12.17,3.67,21,80,13,74.17
"1977-10-25",172,9,89,84,64.2,14.17,3.67,22.33,76.67,14.5,80.67
"1977-10-26",158,8,77,78,73,12.83,4.83,22,85,11.67,81.17
"1977-10-27",146,3,78,73,66.4,5.5,1.83,6,35,4.33,32
"1977-10-28",138,8,65,73.2,67,6.17,2,7.83,35,5.5,41.67
"1977-10-29",136,6,66,70.4,68.4,6.67,1.5,6.33,41.67,4,36.67
"1977-10-30",179,10,90,72.4,62.6,8.5,1.83,5.83,56.67,5.17,49.17
"1977-10-31",159,7,78,72.2,64.4,8.83,2.5,12.33,63.33,6.5,58.33
"1977-11-01",176,5,90,85.6,45.2,13.5,3.33,19.17,66.67,7.67,66
"1977-11-02",154,2,73,87.2,31,14.83,3.5,21.5,81.67,10.17,77.5
"1977-11-03",154,6,76,81.6,47.4,14.5,2.83,17.5,85,8.67,63.5
"1977-11-04",156,5,82,74.2,67.6,6.83,1.67,8.5,41.67,5,40.17
"1977-11-05",164,5,88,67,75.6,3.33,1.17,5.67,30,3.33,24.5
"1977-11-06",140,6,75,71.4,39.6,2.67,0.83,4.33,25,2.83,20.33
"1977-11-07",162,12,89,72,54.8,10,2.17,10.83,56.67,4.33,56.67
"1977-11-08",162,8,94,75,58,11.5,2.5,13.67,66.67,6.67,65
"1977-11-09",179,11,100,80.6,27.8,11.67,3,12.67,76.67,4.33,76.67
"1977-11-10",164,9,88,83.8,16.4,10.83,2.17,10.67,61.67,3.33,53.33
"1977-11-11",145,8,71,72,38.8,13.17,3.5,24.83,76.67,4.5,69.5
"1977-11-12",171,7,86,80.4,37.4,12.33,3.5,20,80,8.33,72.5
"1977-11-13",174,8,93,70.6,65.2,11.5,2.67,16.17,83.33,6,72
"1977-11-14",183,8,98,78.2,57.2,14,3.83,22.83,85,9.17,73.5
"1977-11-15",140,11,57,83.2,42.8,15,4,21.5,85,8.5,88.67
"1977-11-16",143,7,74,83.6,33.4,18.83,4.17,31.33,98.33,11.5,82.33
"1977-11-17",169,9,81,78,50.8,15.67,5.17,28.17,100,10.67,85.17
"1977-11-18",133,6,74,65.4,69.6,5.67,2,8.83,41.67,4.17,35
"1977-11-19",163,8,81,64.6,59.8,5.33,1.17,6.83,38.33,3.67,41.67
"1977-11-20",140,5,68,65.6,50.8,6.67,1,7.5,41.67,3.67,52.83
"1977-11-21",156,8,98,68.4,57.8,9,2.5,12,53.33,4.17,58
"1977-11-22",154,8,74,68.6,61.8,9.67,2.33,14.17,58.33,3.33,61.5
"1977-11-23",165,7,95,75,56.6,16.67,3.33,21,76.67,5.67,75.5
"1977-11-24",151,10,85,87.8,23,8,1.83,10.67,63.33,5.67,45.17
"1977-11-25",153,5,88,92.8,25.8,14.83,2.67,16.33,85,5.67,55
"1977-11-26",172,5,92,86.8,30,12.5,2.67,17.67,95,9,54.67
"1977-11-27",188,17,98,81.8,45.6,4.83,2.33,12,48.33,6.83,37.5
"1977-11-28",176,13,81,84.2,41.8,10,2.83,15.5,60,5.83,60.83
"1977-11-29",157,11,82,86.4,36.6,14.17,2.5,13.67,81.67,3.83,81.5
"1977-11-30",140,3,63,82.4,30.8,13.17,4.17,23,81.67,4.5,72.33
"1977-12-01",161,9,78,81.8,32.8,13.83,3.17,19,80,4.33,61.67
"1977-12-02",168,6,88,80.6,36.8,17.33,5,28,90,8,86.67
"1977-12-03",180,8,95,77.6,48.6,17,5.17,29,111.67,11,85.83
"1977-12-04",162,11,89,72.2,64.6,13.5,5.17,26.83,103.33,11.83,78.67
"1977-12-05",165,4,94,76.4,63.2,16.67,5.17,31.17,96.67,12.17,97.83
"1977-12-06",165,4,82,77,63.8,17.5,4.67,30.67,100,11.33,100.17
"1977-12-07",158,6,78,66.8,74,14.5,6.33,30.33,95,5.5,84.5
"1977-12-08",173,13,93,68.8,73.2,12,2.83,20.17,66.67,6.5,80.33
"1977-12-09",176,8,89,67.8,76.8,13.17,4.17,22.83,80,4.33,88.17
"1977-12-10",165,2,78,70,75.6,12.83,3.67,22.17,91.67,8.67,79.17
"1977-12-11",157,6,72,65,72.4,8,3,11.33,48.33,6.83,58.5
"1977-12-12",188,7,99,65.6,70.4,11.33,2.5,13.17,63.33,6.17,67.83
"1977-12-13",155,10,84,76.2,53,15.5,4.33,22.83,80,5.83,87
"1977-12-14",176,11,84,74.8,53,15.17,5.5,31,98.33,8.17,89.5
"1977-12-15",174,11,90,65.2,79.2,11.33,2.33,15.83,68.33,1.5,58.17
"1977-12-16",155,5,89,67.4,70.6,9.17,3,14,60,4,56.83
"1977-12-17",175,13,82,61,84.6,7.67,2.5,10.17,55,1.5,50.17
"1977-12-18",163,15,69,62.8,70.6,6.5,1.5,6.17,45,2.67,46.5
"1977-12-19",158,8,73,66.4,45.2,9.5,1.83,10.17,53.33,1.83,69.17
"1977-12-20",187,11,100,69.8,14.6,6.67,1.33,7.5,45,1.67,48
"1977-12-21",199,13,101,64.4,32.8,6.67,1.5,6.5,40,2.5,46.5
"1977-12-22",193,9,100,68.2,66.2,7.33,1.5,8,45,1.33,49.17
"1977-12-23",161,7,92,65.2,85.8,7,1.33,7,45,1.17,45.33
"1977-12-24",162,7,85,69.2,78.2,9.5,1.83,10.5,63.33,1.5,65.17
"1977-12-25",187,8,101,69.8,65.6,7.33,1.33,8.67,56.67,1.33,48.83
"1977-12-26",156,11,87,60.8,93.6,3.17,0.83,4,35,1.5,29.67
"1977-12-27",179,7,99,64.2,93.2,5.5,1.5,4.5,35,0.83,31.33
"1977-12-28",181,15,80,62.4,91.6,6.67,1.5,5,45,1.5,30.6
"1977-12-29",171,8,76,65.8,88,7.17,1,6,51.67,1.67,42.4
"1977-12-30",176,11,94,64.8,83.2,7.5,1,7,50,3,40.6
"1977-12-31",167,6,91,60.6,81.2,9,1.67,9.83,60,1.17,54.6
"1978-01-01",199,12,111,66.4,67.8,9.5,1.83,10.83,65,4,66
"1978-01-02",178,13,93,65.2,66.4,10.25,2.67,13.17,63.67,2.33,69.8
"1978-01-03",178,9,99,57,83.8,10.83,2,12.33,71.33,1.17,77
"1978-01-04",197,13,100,61,87.4,10.83,0.83,6,50,1.33,51
"1978-01-05",179,19,84,63.4,83,10.17,0.67,9.17,50.5,1.33,59.6
"1978-01-06",172,6,84,62.6,89.8,7.33,1,6.17,41.5,2.5,36.8
"1978-01-07",161,13,78,71.4,71,10.17,1.33,11.83,52.17,3.67,47
"1978-01-08",168,10,90,73.2,52.4,8.75,1.83,10.83,53.83,4,56.2
"1978-01-09",171,10,92,58.2,86,8.17,1.17,8.83,64.17,1.17,59.8
"1978-01-10",187,12,90,59.8,84.6,7.67,1.17,6.17,39,2.17,46.4
"1978-01-11",187,9,105,65.6,77.2,7.83,1.83,10.17,44.83,2.33,49
"1978-01-12",174,19,89,64.4,72.4,12.17,2,12,65.67,1.33,62.4
"1978-01-13",184,17,93,70.6,64.8,12,2.83,17,69.83,2.33,73.2
"1978-01-14",167,10,92,59.6,89.6,7.67,1.5,11.33,57.33,2,47.4
"1978-01-15",183,14,98,61.2,77.4,6.17,0.5,5.17,46.67,3,42.8
"1978-01-16",177,10,98,58.6,90.6,5.67,0.67,6.33,38,1.67,35.6
"1978-01-17",199,14,107,64.2,77.8,8.33,0.83,6.67,49.83,2.33,44.8
"1978-01-18",226,10,127,63,77.6,8.67,1.5,8.5,49.5,2.33,52.4
"1978-01-19",199,14,89,62.6,78.4,5,1,5.83,32.5,2.17,33.2
"1978-01-20",182,18,86,66.6,69.6,10.17,2,11.5,55.83,3.5,58.8
"1978-01-21",183,15,97,68.2,58.4,10.83,2.5,12.83,70.17,5,61.2
"1978-01-22",188,16,97,64.8,68.4,8.67,3,11.5,66.67,5.5,54.2
"1978-01-23",203,14,119,64,54.8,8.83,2.67,9,64,3,56
"1978-01-24",188,13,91,63.8,24.8,9,3,10,51.83,2.5,66.8
"1978-01-25",207,15,108,66.6,46.2,11.5,2.17,14,72.67,3,78
"1978-01-26",202,14,109,69.4,47.8,14,3.5,19.83,84.17,4.33,85
"1978-01-27",215,20,107,75.6,42,12.33,3.33,16.17,79,2.67,78
"1978-01-28",201,17,101,74.8,47.2,10,2.33,15,65.5,3.17,56.2
"1978-01-29",182,11,98,74,53.8,9.83,3.5,21.5,68.17,6.33,59.8
"1978-01-30",184,6,112,61.6,80.6,9.33,2.67,18,72.67,3,55
"1978-01-31",181,16,96,61,82.2,6.67,2,7.17,41.67,1.67,44
"1978-02-01",170,11,88,65.8,73.4,9,1.83,12,64.67,5,62
"1978-02-02",174,14,100,66.4,75.4,9.5,3,17,62,7.17,65.4
"1978-02-03",189,16,88,77.6,44.2,13.67,3.67,22.67,72.17,4.67,74
"1978-02-04",195,12,106,76.4,35.4,9,1.67,11,58.5,2.5,47.2
"1978-02-05",173,11,93,61.8,84.4,4.33,1.83,5.67,27.33,1.5,33.2
"1978-02-06",187,11,100,65.6,82.6,4.67,1.17,4.83,34.83,2.33,25.2
"1978-02-07",166,14,86,62.4,88.6,9,1.33,5.83,47,2,45.6
"1978-02-08",192,20,105,64.8,74.4,9.5,2,8.17,54.5,2.33,52.6
"1978-02-09",204,17,102,62,90.6,5,1.33,3.83,31.33,1.17,22.8
"1978-02-10",160,13,77,58.4,64.4,2.67,0.83,4.5,26.5,2.67,19
"1978-02-11",189,12,100,58.6,57,4.33,1,5.5,36.83,2.83,28.4
"1978-02-12",162,13,85,56.6,71.6,5.67,0.83,5.17,38.67,2,36.2
"1978-02-13",194,15,100,58.4,76.2,6.67,1.17,7.33,43,2.5,45
"1978-02-14",185,18,89,63,60.2,9,1.83,10.33,44.33,3.67,61.4
"1978-02-15",170,11,100,62,64.2,9.5,1.83,8.67,61.17,3.67,59.4
"1978-02-16",164,8,96,65.4,44.8,4.83,1.67,8.67,39.5,3.5,36.6
"1978-02-17",185,8,105,67.6,47,8.67,2.17,10.17,48.33,4.17,53.8
"1978-02-18",195,11,100,69.6,36.8,6,1.33,9.67,54.67,4.33,42
"1978-02-19",192,15,96,71.4,41.4,6.83,1.83,11,64.67,5.83,43.8
"1978-02-20",209,14,105,74,44.2,7,2,11.83,69.67,6.83,48.8
"1978-02-21",169,6,93,78,50.2,9.83,2.5,14.5,65.17,7.17,63.2
"1978-02-22",174,13,88,80.4,38.4,9.33,2.17,10.83,60.17,6.17,51.8
"1978-02-23",193,9,103,72,61.8,10.33,2.67,14.83,75.67,5.83,53
"1978-02-24",172,13,87,65.2,76,6.67,2.67,14.83,48.5,6.5,53.8
"1978-02-25",185,12,92,63,73.8,6.5,2.67,11,52.33,6.5,40.6
"1978-02-26",158,7,91,64.2,77.4,5.83,2.67,10.83,57.17,5.17,36.6
"1978-02-27",152,8,80,61.2,81.4,5.83,1.17,6,38.5,1.5,33.2
"1978-02-28",161,10,81,64.8,93.4,4.17,0.83,4.67,33.5,2,23.4
"1978-03-01",166,10,80,61.2,94.4,3.83,0.83,4.83,28,2.67,19.2
"1978-03-02",180,11,93,60.4,92.4,5.17,1,5.83,36.83,2.83,30.6
"1978-03-03",176,11,95,62.8,87.6,5.67,1.33,7,44.67,1.83,32.6
"1978-03-04",175,10,76,62.4,92.8,2.83,0.83,4.83,30.17,2.67,20.2
"1978-03-05",170,10,90,62.2,82,5.17,1,5.33,45.33,2.83,33
"1978-03-06",173,10,86,66.2,74.2,7,1.33,9.83,52.17,5.17,43.2
"1978-03-07",162,13,83,72.4,70.6,7.67,2.67,16.33,55.5,7.5,52.4
"1978-03-08",155,7,82,70,73.8,8.67,3.5,19.17,67.17,6.67,56.6
"1978-03-09",169,15,89,62.4,80.4,5.5,1.17,6.5,47,2.67,36.8
"1978-03-10",182,8,99,63,74.8,6,1.5,8,46.5,3,34.6
"1978-03-11",170,12,80,59.6,80,3.17,1,5.33,36.83,2.5,21.6
"1978-03-12",173,17,79,64,59.6,2.5,1,4.33,36.83,3,21
"1978-03-13",163,6,82,67.6,55.8,7,2.17,9,49.33,4.67,43.8
"1978-03-14",200,10,113,69.8,61.8,8.17,2.33,15.17,62.33,6.33,58.2
"1978-03-15",169,11,90,83,38.6,8.17,2.17,12.33,56.67,6.67,52.6
"1978-03-16",171,9,92,90.2,21,5.5,1.67,9.67,51.67,3,41
"1978-03-17",160,11,80,88,24.6,11.17,2.83,13.83,67.83,4.33,46.4
"1978-03-18",193,11,111,75.2,43.2,7.5,2.5,10.83,58.5,3.33,34.8
"1978-03-19",150,12,80,71.2,67.6,2.5,1.5,5.33,43.33,5.83,16.2
"1978-03-20",164,10,91,68.4,75.8,5.5,2.5,13.33,42.17,3.67,41.4
"1978-03-21",152,7,87,66.2,79.6,4.17,1.67,7.83,35.83,2.5,26.2
"1978-03-22",187,4,101,65.4,81.6,3.67,1.33,5.67,34.83,2.33,25.8
"1978-03-23",169,9,85,68.2,69.4,4.5,1,5.83,51.75,3.67,28.4
"1978-03-24",181,12,83,74.6,65.4,8.5,2.33,14.17,77,7.5,40.2
"1978-03-25",179,14,85,86.2,44.2,9.17,2.67,13,66.5,8.33,40
"1978-03-26",153,5,85,81.6,54.4,6.83,3.5,13.67,65.5,14,36
"1978-03-27",182,9,91,71.6,73,5,3.17,11.33,47.67,9.5,40.2
"1978-03-28",157,6,88,73.4,68.2,4.17,2.5,11.33,38.17,11.17,37.6
"1978-03-29",158,11,85,64.6,78.8,3.83,1.5,7,30.33,3.83,30
"1978-03-30",158,6,85,66,76.8,6.17,1.33,6.83,40,1.83,37.6
"1978-03-31",163,9,73,66.8,67,4.67,1.5,5.83,28.83,3.5,25.2
"1978-04-01",179,9,104,68,63.6,2.33,1.67,5.17,53.5,3.83,16
"1978-04-02",177,10,98,66.2,62.8,3.67,1.83,5.17,37.5,3.67,23.83
"1978-04-03",176,8,93,67.4,64,4.83,1.83,6,48.83,4,30.67
"1978-04-04",163,7,83,61.8,71.6,3.5,1.83,6.17,34.5,3,20.67
"1978-04-05",173,11,86,69,57.2,4.33,1.83,9,42.83,7,30.33
"1978-04-06",159,15,90,64.4,67.8,4.67,1.83,7.33,43.33,3.33,29.83
"1978-04-07",152,7,88,60.2,59,3.67,1.83,5.83,36.67,3.5,30.33
"1978-04-08",161,9,79,60.6,66,4.83,1.83,8.5,39.67,3.17,30.33
"1978-04-09",156,4,80,68.2,67.6,6.5,1.67,10.67,52.33,6.17,39
"1978-04-10",172,12,83,72.4,70.8,5,3,10.83,58.17,13.5,35.83
"1978-04-11",159,13,79,69.6,79.8,5.67,2.83,11.17,56.5,9.67,46.33
"1978-04-12",148,15,71,65,79.4,3.83,2.33,8,34.67,4.33,33.83
"1978-04-13",139,9,78,65.4,73,3.33,1.67,6.5,31,3.33,28
"1978-04-14",170,10,91,66.4,68.2,2.83,2.33,6.33,32.67,2.5,19.83
"1978-04-15",175,10,94,62,82.8,2.5,1.33,5.83,28.33,3,19.33
"1978-04-16",171,6,93,63,59.4,3.17,1,5,39.33,4.17,16.83
"1978-04-17",181,14,91,69.4,57.4,5.33,1.83,8.83,45.17,7,36.33
"1978-04-18",159,9,86,76.4,49.6,5.5,3.33,12.67,59.33,10.83,52.83
"1978-04-19",181,9,86,72,67.4,4.5,2.83,9.83,43.83,8.67,39.83
"1978-04-20",154,7,75,68.2,68.6,3.33,2.17,5.5,30.33,4.83,25.33
"1978-04-21",159,7,73,67.8,50.8,3.5,1.67,6,41,4.67,23.17
"1978-04-22",164,12,82,73.2,47.8,5,2.67,7.5,57.5,8.83,30.83
"1978-04-23",168,10,76,77.6,47.4,6.33,2.83,8.83,64.5,11.17,30.17
"1978-04-24",181,15,98,71,60,5.83,3.5,14.5,53.17,6.17,47.17
"1978-04-25",175,16,76,64.8,77.6,4.17,1.67,6.5,37.5,2.83,27.17
"1978-04-26",163,10,76,67,68,3.67,1.33,5.5,37.17,3.67,24.5
"1978-04-27",162,9,82,71,67.6,4.67,1.83,9.33,40.67,7.17,30.67
"1978-04-28",169,8,76,73.2,69,5,2.67,10.33,45.33,10.33,47.67
"1978-04-29",163,8,68,70,72,2.83,2.17,6.17,24.33,5.67,19.33
"1978-04-30",138,8,75,65.6,74.8,2.83,2,5.83,29.33,4.67,16.83
"1978-05-01",156,9,90,68.8,61.2,4.5,2.17,8,38,4.33,35.83
"1978-05-02",141,7,70,71,66.6,4.33,2,7.5,42.67,7.83,34.33
"1978-05-03",143,11,58,70,74.4,4,2.67,9.17,41.5,9.67,37.5
"1978-05-04",171,16,78,66.4,81,3.5,1.67,7.5,32.17,6.67,34.83
"1978-05-05",152,7,76,69.2,69,3.5,1.5,6.83,30.17,7.17,35
"1978-05-06",156,8,90,76.6,42.6,4.33,2.17,8,37.83,8.33,34.33
"1978-05-07",161,8,78,80.2,41,4.83,2.33,7.83,39.83,9.5,25.83
"1978-05-08",163,18,80,86.4,30.8,7,3,13.33,48.83,11.83,50.33
"1978-05-09",161,13,78,83.6,41.6,6.33,2.83,12.5,49.33,12.5,46.17
"1978-05-10",156,7,83,73,66,3.33,2,7.67,27.5,6.17,30.83
"1978-05-11",175,11,90,75.2,62,3.83,2.5,9.5,33.33,10.33,33
"1978-05-12",154,9,81,92.6,45.4,7,4.33,15.5,60.17,16.33,54.67
"1978-05-13",167,12,79,91,47.4,6.83,5,15.67,63.5,19.33,42.5
"1978-05-14",174,13,80,82,60.8,3.67,3.17,9.17,44.83,9.83,24.83
"1978-05-15",158,8,83,75.2,63.6,3,2.67,7.33,28.5,6.5,26.67
"1978-05-16",149,10,73,80,41.4,4.17,2,8.17,40.17,7.5,34.33
"1978-05-17",158,10,95,87.4,21.2,6.67,2.17,12.33,54,7.83,47.33
"1978-05-18",167,12,71,90.2,26.8,6.5,2.83,13.33,64.67,12.5,55
"1978-05-19",170,11,87,86.6,41,6.67,3.83,16.5,55,15.33,54.17
"1978-05-20",166,9,84,76.8,67.4,3.33,2.5,10,36,12,29.17
"1978-05-21",153,6,78,73.6,68.4,2.17,3,5.67,28.83,11.5,21
"1978-05-22",151,8,83,72.4,65,3,2.5,7,25.83,7.83,24
"1978-05-23",146,8,67,69.8,59.6,2.67,1.67,5.83,28.5,5.83,19.5
"1978-05-24",164,9,68,71,51.6,4.17,1.33,8,44.17,7.33,33.17
"1978-05-25",135,9,64,70.6,55.8,5,1.67,8.5,46.5,7.67,38.5
"1978-05-26",141,11,74,71.8,57.8,4.17,1.67,8,42.67,8.67,35.5
"1978-05-27",147,5,69,80.4,53.2,4.67,3.17,11.17,55,12.33,29.83
"1978-05-28",153,8,76,93,36.2,5.67,2.83,10.33,73.5,13,31.67
"1978-05-29",186,11,82,98.2,30.2,4.67,3.17,8.33,58.5,13.67,32.83
"1978-05-30",144,6,79,82.2,59.8,5.33,2.83,10.5,40,7.17,43
"1978-05-31",171,11,85,74.6,67.8,3.17,1.67,6.5,25.83,6.17,25
"1978-06-01",155,8,79,71.2,67.6,3.33,1.33,6.33,27.67,5.67,25.33
"1978-06-02",119,0,62,73,63.2,3.5,1.17,7.5,29.5,9.17,31.17
"1978-06-03",157,9,70,76,65.6,3.83,1.5,7,42.67,12.5,28.5
"1978-06-04",189,8,94,76,69.8,3,1.83,6.33,36.83,12.83,23.17
"1978-06-05",166,17,82,75.6,72.8,3.33,2.17,8.67,31.83,12.83,33.17
"1978-06-06",158,5,93,82.4,68.2,4.33,2.67,9.83,39.33,18.33,43.67
"1978-06-07",134,9,75,82.8,70.6,4.33,2.67,9.33,35.33,21.33,49.67
"1978-06-08",139,8,67,85,69.6,5,2.83,12,39.17,22.83,50.33
"1978-06-09",162,8,81,84,66.4,5.67,3,11.67,43.33,22.17,53.5
"1978-06-10",159,6,81,76.6,71.2,2.67,1.17,5.5,27,13.83,25.33
"1978-06-11",160,10,72,80,64.6,3,2,7.5,25.67,13.33,21.33
"1978-06-12",141,8,79,86.8,50.6,5.67,3.83,15.83,44.67,18,59.83
"1978-06-13",164,16,81,90.6,42.4,6,3.17,16.33,52.5,23.5,53
"1978-06-14",155,7,78,82.6,50.8,3.83,2,10,40.67,8,35.33
"1978-06-15",144,9,74,81,56.8,3.33,1.67,8.67,36.83,11.67,31.5
"1978-06-16",157,9,80,81.2,50.6,5.33,2.33,11.33,43.17,13.17,40.33
"1978-06-17",166,5,73,89.4,41,5.83,2.33,12.5,57,20.5,36.17
"1978-06-18",159,8,78,86.2,45,4,2,10.67,52.67,13,29
"1978-06-19",166,5,79,87.6,40.4,6.67,2.5,17,62,12,50
"1978-06-20",149,7,85,87.6,46.4,6.17,3,13.33,54.33,15.67,45
"1978-06-21",154,4,63,89.4,47.6,5.17,3,14.83,51,22,43
"1978-06-22",182,13,84,88.8,49.2,5.33,2.67,15.33,53,16.17,45.67
"1978-06-23",169,2,88,93.6,41.8,6.33,3,16,67.33,28.33,59.67
"1978-06-24",157,11,74,88.8,41,5.17,2.33,12.33,55.83,14.83,36.17
"1978-06-25",146,2,76,83,51.4,3.33,2.33,6.83,42.5,11.67,19.83
"1978-06-26",154,8,74,76.6,67,2.83,1.67,5.5,43.17,8.33,24.83
"1978-06-27",148,5,73,73.6,66.8,2.83,1.83,4.83,30,4.67,22.17
"1978-06-28",157,6,73,76,67.2,3.33,1.67,6.33,33,8.33,25.33
"1978-06-29",139,6,59,77.2,68,3.33,1.83,8,36.5,7.83,29
"1978-06-30",158,7,76,80.4,63.4,4.67,2.5,8.33,41,10.5,38.17
"1978-07-01",156,3,84,80.4,57.2,3.17,1.83,7.67,47.67,11,29.5
"1978-07-02",171,7,85,80.4,54.8,3.17,2,6.33,43.33,11.17,22
"1978-07-03",139,13,68,79.6,59.2,3.5,1.83,5.83,35.83,9.5,33
"1978-07-04",155,5,83,80,62.8,3.17,1.83,6.67,40,8.17,29.5
"1978-07-05",158,10,74,77.8,66.2,3.83,1.83,7.83,34.5,9.67,38.5
"1978-07-06",135,11,68,81.4,65.8,4.33,2.5,9.83,45,14.67,46
"1978-07-07",155,9,74,82.2,65,4.33,2.5,7.83,39.33,15.17,44.5
"1978-07-08",173,5,92,85.4,60,4.5,2.33,10.33,46.33,15.17,47.5
"1978-07-09",163,8,73,82,61.4,3.33,1.83,7.5,37.5,15.33,31
"1978-07-10",166,10,84,81.2,65,3.83,2.17,9.33,32.67,12.67,44.5
"1978-07-11",158,11,72,80.6,66.2,3.83,2,9.5,35.5,15.83,42
"1978-07-12",162,8,80,86,52.2,5.5,2.67,12.5,49.5,15.67,57.5
"1978-07-13",171,5,85,94.4,42.4,6.67,4.17,18.33,70.67,22,74
"1978-07-14",161,12,79,96.4,43.8,7.33,3.67,18,62.17,24.83,81
"1978-07-15",190,13,100,98.4,43,6.17,3.67,17.17,57.83,22.83,48
"1978-07-16",175,19,82,90.6,54.6,3.33,3.67,7.5,35.17,13.83,22
"1978-07-17",162,5,87,83.4,67.2,4.33,2.33,10.33,38.67,13.33,44
"1978-07-18",156,8,84,84.2,67.4,4.67,3.33,12.33,38.17,15.67,49.5
"1978-07-19",173,7,76,82.8,67.4,5.17,2.83,12.5,38.17,17.5,52.5
"1978-07-20",162,7,69,84,61.4,5.17,3,16.33,46.5,14.83,55
"1978-07-21",155,7,76,82.6,64,6.17,3.83,14.83,44,15,73.5
"1978-07-22",161,6,63,84.6,62.4,5.33,2.67,15.83,56.67,17.17,44
"1978-07-23",136,7,65,86.2,59.8,4.5,2.33,12.67,40,15.17,32.5
"1978-07-24",168,6,85,86,61.8,5.17,2.33,16,40.83,14.83,53.5
"1978-07-25",146,12,79,86.8,64.6,5.17,2.33,11.83,36.17,16.67,38.5
"1978-07-26",159,7,73,87.2,55.8,6,2.33,14,44.17,14.33,54.5
"1978-07-27",160,11,79,87.6,58.6,4.33,3.17,12,41.67,14.33,51
"1978-07-28",162,5,77,87.6,59,5.83,2.67,14,48.83,15.83,65.5
"1978-07-29",143,4,67,84.2,65.8,4.33,2.33,10.5,43.5,15.67,45
"1978-07-30",165,5,78,85.4,63.6,3.33,2.5,7.83,35,16.67,35
"1978-07-31",161,3,79,81.2,70.2,5,2.33,12.5,37.83,15.33,59
"1978-08-01",142,6,66,84.2,69.6,4.17,2.17,9.67,31.67,13.17,42
"1978-08-02",177,6,83,82,69.6,3.67,1.67,10.5,32.67,12.17,52.5
"1978-08-03",151,6,68,82,73.4,4.17,1.83,10,33.83,13.67,45
"1978-08-04",167,10,79,90.2,66.6,4.67,2.67,12.17,34.17,18,60.5
"1978-08-05",160,10,87,91.6,61.6,4,2.83,9.83,40.5,18.67,44
"1978-08-06",162,7,69,92,61,3.33,3,9.17,39.67,17.5,27
"1978-08-07",173,15,80,87.8,62.6,4.67,2.33,12.33,38.33,14.33,50.5
"1978-08-08",163,10,61,84.4,72,3.33,1.83,8.67,31.67,12.67,41.5
"1978-08-09",178,12,93,85.2,70.4,4,1.67,9.33,37.67,11.33,44.5
"1978-08-10",153,4,74,85.2,70.4,4.5,1.5,10,31.17,11.17,59
"1978-08-11",180,5,76,82.4,73.4,4.33,1.5,9.5,29,11.33,44.5
"1978-08-12",177,11,86,81.4,70.4,2.67,1.33,6.33,26.17,9.83,26.5
"1978-08-13",161,5,84,80.2,70.6,2.17,1,5.5,24.67,10,17
"1978-08-14",151,7,80,81.4,64.8,3.5,1.33,6.83,30,9.83,37.5
"1978-08-15",174,9,78,83.8,63.6,4.67,1.83,10.83,41.17,12.33,52
"1978-08-16",128,3,70,81.2,61.4,5.83,2.5,12.17,42.17,10.67,58.5
"1978-08-17",164,9,79,79.8,63.8,4.67,2.67,11.17,41,10.17,53.5
"1978-08-18",174,8,86,82.4,58.2,5.33,2.5,13.33,42.83,11.33,67
"1978-08-19",153,3,78,82.4,60.6,4.33,2.17,10.5,39.17,14.5,39
"1978-08-20",161,7,79,84.4,58.2,4.5,2.5,8.83,39.17,13.67,25
"1978-08-21",160,11,82,81.4,63,4.5,2.5,11,40.67,9.83,49.5
"1978-08-22",149,6,75,80.4,62.2,4.33,2.67,11.67,35,12,48.5
"1978-08-23",141,8,59,80.8,58.6,3.83,1.5,9,39.17,8.83,36.5
"1978-08-24",153,7,71,81.4,54.6,6.17,2.5,13.17,48.5,11,76.5
"1978-08-25",139,5,72,80.2,58.2,5.67,2.17,10.67,46.33,10.17,57
"1978-08-26",170,5,77,81.2,63.4,5.33,2,9.67,49.33,12.5,40.5
"1978-08-27",184,5,95,84,62.8,4.83,2.17,8.67,49.83,14.5,31
"1978-08-28",179,6,99,87.6,61.2,6.5,2.83,13,55,16.83,71
"1978-08-29",156,7,82,84.6,68.4,4.83,3.17,12.5,37.83,15.5,48
"1978-08-30",161,6,74,83.2,69.6,4.33,2.17,11,33.33,16.33,47.5
"1978-08-31",154,10,73,85.6,63.8,5.33,3.17,12,42.67,22.83,64
"1978-09-01",177,10,86,84.2,68.2,6,2.67,14.17,52.33,18.5,58.5
"1978-09-02",170,3,87,86.6,62.4,3.33,2.33,9.67,39,15.83,37.5
"1978-09-03",157,2,62,89.8,53.6,3.67,3,9.83,47.5,15.83,29
"1978-09-04",160,9,86,90.8,49.2,3.67,3.33,9.5,46,11.83,26.5
"1978-09-05",166,12,85,79.6,74.4,4.83,2.5,9.17,37.83,2.17,49
"1978-09-06",149,6,69,76.6,82,3.67,1.5,5.17,31.33,3.33,33
"1978-09-07",154,7,69,78.8,60.4,4.5,1.5,7.33,39.5,9.67,42
"1978-09-08",159,8,78,81,58.6,7,1.5,9.33,53.67,11.17,58.5
"1978-09-09",174,5,77,78.6,68,5,1.33,7,41.33,8.17,27.5
"1978-09-10",166,7,82,78.2,73.6,4,1.67,6.17,42.83,9,27
"1978-09-11",162,7,78,79.6,67.4,4.83,2,7.33,38.67,8.5,42
"1978-09-12",146,6,75,75.8,78,5.17,1.17,7.83,42.83,7.67,37.5
"1978-09-13",137,4,66,72.4,81.4,4,1.5,6.33,29.67,5.83,39.5
"1978-09-14",163,1,82,73.4,72.6,3.83,1.17,5.67,29.67,4.83,29.5
"1978-09-15",167,9,82,76.2,69.4,5.67,1.67,8.83,41.83,7,40.5
"1978-09-16",165,7,76,77,70.2,3.17,2,5.83,28.33,10.33,24
"1978-09-17",149,9,70,73.4,73.8,2,1.17,4.17,23.33,6,21
"1978-09-18",173,11,86,77.8,50,5.33,1.17,6.33,47.67,5.17,23.5
"1978-09-19",162,9,78,85,19.2,6,1.17,7.83,40.5,6.5,51.5
"1978-09-20",179,2,93,88.2,17.4,6.83,1.5,7.67,52.67,6.83,49
"1978-09-21",163,6,79,92.2,18.8,9.5,1.67,12.5,60.17,7.83,40
"1978-09-22",167,16,83,95,21.4,10.33,2.17,19.33,64.17,18.83,50
"1978-09-23",181,9,86,103,22,9.17,1.83,16,64.33,12.83,30.5
"1978-09-24",172,10,93,105.6,23.6,6.33,2.17,10.33,77.67,16.67,36
"1978-09-25",239,9,108,104.8,26.4,11,2.5,19.67,71.33,16.5,60
"1978-09-26",185,13,96,100.6,31.6,12.5,2.83,21.83,73.5,22,74
"1978-09-27",180,11,97,94.8,44.6,10.17,3.67,20.33,65.67,20.67,84
"1978-09-28",181,7,102,96.6,45.4,9.83,4,25.5,76.83,24.67,102
"1978-09-29",191,6,88,93.4,49,11.5,3.33,26.67,74.5,23.5,98
"1978-09-30",158,13,77,85.4,68,5.5,2.33,16.5,46.83,15,101
"1978-10-01",172,9,92,82,77.2,4.67,2.33,11.17,36.83,15,33
"1978-10-02",183,10,96,80.2,77.6,4.33,2.17,13.5,32.17,13.67,49.5
"1978-10-03",151,8,72,83,74.6,5.67,2.67,17.83,36.17,19.5,65.5
"1978-10-04",155,11,76,79.8,76.2,6,1.83,20.67,41,18.33,78
"1978-10-05",160,5,78,79.2,79,5.33,1.5,17.17,35.67,16.5,59
"1978-10-06",152,7,74,81.4,75,6.83,2.33,20,40,20.17,74
"1978-10-07",158,13,76,82,74.8,6.17,2.83,17.33,57.33,19.33,64.5
"1978-10-08",174,5,90,82.2,73.6,4.33,1.67,13,42.33,12.83,28.5
"1978-10-09",137,10,69,86,61.6,9.17,1.67,19,60.33,10.83,73
"1978-10-10",167,6,90,86.6,56.4,10.83,2.33,17,61,9.5,81.5
"1978-10-11",183,6,94,87.8,58.8,11,2.33,19.17,73,15,84.5
"1978-10-12",157,6,72,86.8,59.6,12,3.83,28.33,72,19.33,87
"1978-10-13",146,7,62,88.4,64.8,12.33,3.67,29.67,73.17,15.5,93.5
"1978-10-14",170,8,88,86,66.8,9,3.67,21.5,65,20.17,70.5
"1978-10-15",165,10,74,83.4,62.8,8,2.5,15.67,64.5,16.33,47
"1978-10-16",159,8,71,77,74.2,7.33,2.5,17.67,60.83,10.17,63
"1978-10-17",149,6,77,75.8,70.8,3.67,1.5,7.5,37.33,6.67,40
"1978-10-18",142,4,67,77,71.4,8,2,14,50.17,6.67,61
"1978-10-19",170,6,79,83,54,11.67,3,22.67,66.67,6.67,66.5
"1978-10-20",161,8,82,75.6,77,6.67,1.83,9.67,40,8.17,44
"1978-10-21",159,9,73,73.6,77.8,5.17,1.5,7.67,51.5,9.33,35.5
"1978-10-22",136,5,61,78,67,6,1.17,8.17,47,9.33,44
"1978-10-23",161,5,78,88,18.4,9.83,2.83,9.17,57.67,4.33,57.5
"1978-10-24",152,4,85,76.8,65.4,10.67,1.5,9,66.5,5.17,61
"1978-10-25",168,11,81,73.8,74.4,5.67,1.17,6.67,39.33,5.33,39.5
"1978-10-26",173,8,93,77.4,71.4,9.83,2,13.5,63,9.5,68
"1978-10-27",169,10,75,78.2,68.2,10,2.5,20.67,57.5,11.17,78.5
"1978-10-28",181,11,82,77.2,75.4,9.5,3.83,18.83,67.5,16.67,62.5
"1978-10-29",184,7,85,72.6,79.2,4.33,3.33,10.33,35.33,16.5,44.5
"1978-10-30",150,7,72,66,76,4.5,1.33,8.33,38.83,5.33,44.5
"1978-10-31",156,9,79,68.8,68,6.83,1.17,6.83,51.83,4.33,45.5
"1978-11-01",171,7,92,68.4,66.2,6.83,1,8.17,46.33,4.67,43.5
"1978-11-02",165,11,82,70.6,58.6,7.33,1.5,10.67,48.17,5,51
"1978-11-03",142,7,73,80.8,47,12.67,2,15.17,65,7.5,58
"1978-11-04",198,12,89,83.4,52.4,13.17,3.5,20.5,84.5,10.83,63
"1978-11-05",164,10,77,71,75.8,12.17,1.67,15.17,69,6.5,59.5
"1978-11-06",167,8,76,82.2,62.2,13.5,5,25.83,79.5,8.5,111.5
"1978-11-07",176,15,86,82.8,61.4,13.67,3,20,80.67,11,94
"1978-11-08",158,3,88,82,58.4,16.5,4,25,97.17,11.67,110.5
"1978-11-09",159,2,86,70.8,76.4,8.33,1.33,12.17,38,7.5,52.5
"1978-11-10",152,7,77,62.4,82.6,3.17,1.33,5.67,25.33,4.33,28
"1978-11-11",187,11,83,56.6,73.6,3.83,1.33,4.5,28.67,2.83,28.5
"1978-11-12",166,3,96,58.6,66,6.33,1,6.5,42.5,4.5,41.5
"1978-11-13",159,9,68,53.2,82.2,6.5,1,6.17,41.17,2.67,33.5
"1978-11-14",181,5,104,62.2,71,9.5,1.17,9.67,58.83,3.5,46.5
"1978-11-15",165,12,83,66.4,50.6,8.83,1.83,10.67,58.17,4,50
"1978-11-16",167,7,75,68.2,54.2,10.83,3.17,14,59.5,5.33,73.5
"1978-11-17",186,8,88,68.6,62.6,12,3,14.67,70,5.5,73.5
"1978-11-18",186,13,85,73.6,48.6,13.17,2.17,13.67,71.67,6.17,58.5
"1978-11-19",160,10,74,68.8,66.6,11.67,3,13.33,76.17,7.17,51
"1978-11-20",178,11,78,63.6,75.6,6.5,2,8.83,45.5,4.67,45.5
"1978-11-21",186,15,84,57.4,91.2,8.33,1.33,5,47,1.83,48
"1978-11-22",159,8,71,58,90,8,1,5.83,50.17,2.5,32
"1978-11-23",166,11,84,68.8,65.2,8.17,1.5,5.5,52.33,3.83,28
"1978-11-24",168,8,80,65.8,59.8,6.5,1.5,6.5,53.5,2.67,53.5
"1978-11-25",138,4,62,63,73.6,5.33,1.17,5.17,37.67,3,26.5
"1978-11-26",172,11,81,63.8,71.4,6.67,1.5,6.83,52.5,5,37.5
"1978-11-27",190,17,94,68.2,52.2,11,2.17,9.83,59.83,4,54
"1978-11-28",159,8,78,68.4,42.8,10.83,2.33,9.5,58.33,3.67,59
"1978-11-29",168,6,87,68.2,58.2,11.67,2,14.67,74.67,4.83,76.5
"1978-11-30",179,4,101,71,65.8,15.67,4.17,23.5,84.83,6.67,93
"1978-12-01",181,18,93,58.6,89.6,12.67,2.5,15.5,83.17,3.5,79.5
"1978-12-02",185,5,92,64.6,49.2,7.33,1,5.83,44.33,3.5,37
"1978-12-03",169,7,81,65.2,40.6,7.33,1.33,8.17,50.33,4.17,38
"1978-12-04",173,9,95,67.6,45.6,12.17,2.33,10.67,67.83,3.83,64
"1978-12-05",164,4,91,60.4,62,11.17,2,9.83,62,4,55.5
"1978-12-06",199,9,107,53.6,20.4,3.67,1,4.33,27,2.83,28
"1978-12-07",164,17,80,52,22.6,6.83,1.67,6.33,37.5,2.67,62.5
"1978-12-08",162,8,85,53.8,25,8.67,1.83,9,50.17,3,59
"1978-12-09",177,11,77,61.4,25.4,8.5,2,8.33,37.83,2.83,46.5
"1978-12-10",199,16,97,74.6,30.4,8.33,2,8.17,30.75,3.33,40.5
"1978-12-11",178,12,100,77,32,14,2.83,10.67,59.83,3.5,55
"1978-12-12",164,6,86,71.6,39.4,15.5,3,15.83,89.5,3,74.5
"1978-12-13",167,7,94,75.6,33,13.67,2.33,12.67,70.5,3,45.5
"1978-12-14",189,7,107,74.2,35.4,13.5,2.83,16.5,72.67,3.5,70.5
"1978-12-15",173,19,82,66.8,49,18.33,3,22.83,88.67,3.17,95
"1978-12-16",180,12,93,66.6,48.6,14.83,3,18.83,82.33,3.17,59.5
"1978-12-17",212,17,103,57,98.2,3,1.17,6,28.17,2.5,23
"1978-12-18",197,9,99,52.6,92.4,4.5,1.17,6.17,42.33,1.67,38.5
"1978-12-19",188,14,105,53.8,75.4,6.67,1.33,6.67,35.67,2.17,35
"1978-12-20",176,13,93,60.8,58.6,9.33,3.33,8.83,58.33,2.83,55.5
"1978-12-21",161,12,83,65.4,49,15,2.33,11.17,73.17,2.67,91
"1978-12-22",215,15,111,67.4,54.6,14.5,2.83,16.83,85.33,3,75.5
"1978-12-23",199,14,89,64.6,66.6,15.33,3.67,21.17,81.83,3.83,69.5
"1978-12-24",223,21,113,66.2,62.6,14.33,3.83,18.5,83.83,4,55.5
"1978-12-25",209,13,114,63.6,72.2,13,4.17,22.17,84.5,5,86.5
"1978-12-26",197,10,105,62.4,75,14.33,4.83,29.83,87.33,4,120
"1978-12-27",226,16,125,59.4,80.6,9.5,2.5,17.83,55.67,4.67,89
"1978-12-28",167,9,96,57.8,75,9.5,2.33,11.83,67.83,3.17,77.5
"1978-12-29",180,12,95,63,70.8,8.83,1.83,11.67,61,3,51
"1978-12-30",214,15,116,64.6,61.2,8,1.83,8,61.17,4.33,43.5
"1978-12-31",188,7,107,63.8,39,10.5,1.67,11.17,62.67,4,42.5
"1979-01-01",195,17,91,65.6,28.4,10.83,1.5,9.33,73.17,3.33,54
"1979-01-02",190,12,106,63,16.8,4.83,1.17,5.83,39,1.83,37.5
"1979-01-03",158,12,90,68.8,23.2,12,2.5,12,59.33,1.67,65.5
"1979-01-04",188,13,96,66.6,34.4,12.83,3.5,15.83,67.83,1.67,57.5
"1979-01-05",191,11,101,55.4,86.8,3.83,1.33,6.67,31,1.83,24.5
"1979-01-06",172,3,95,63.8,70.2,6.17,1.17,6,43.83,2.33,37.5
"1979-01-07",186,5,91,63.4,74.2,7.5,1.5,7.33,56.5,2.5,29.5
"1979-01-08",193,14,81,64,76.6,11.17,1.83,14,67.33,3.33,51.5
"1979-01-09",186,13,100,62.6,78.4,6,1.5,5.67,41.5,2.17,55
"1979-01-10",166,9,76,64.8,70.6,11.5,2,14.33,62,3.17,81
"1979-01-11",184,7,95,63.8,74.8,12.33,2.67,19.33,73.17,2.83,87.5
"1979-01-12",179,12,87,65.6,65.8,7.33,2,10.67,53.33,2.33,63
"1979-01-13",214,13,104,69,38,7.67,1.67,9.5,50.5,2.83,50
"1979-01-14",163,12,75,56.6,59.2,5.67,1.33,5.5,52.67,1.83,23.5
"1979-01-15",170,21,78,54.6,89,5.33,1,5.5,32.83,2,38
"1979-01-16",168,12,84,62.2,72.2,5.5,0.67,5.83,32.83,1.5,42
"1979-01-17",177,4,101,62,66.8,6.17,1.5,8.17,33.67,2.17,39.5
"1979-01-18",186,11,91,54.2,74.4,8.83,1,6.67,49.33,2.17,46.5
"1979-01-19",167,9,79,59.8,65.6,10.67,2.17,10.83,56.5,3,53.5
"1979-01-20",147,11,69,65.2,50.6,10.17,1.67,13.5,82,3.5,51
"1979-01-21",177,6,95,62,53,8,1.5,11.67,70.83,1.83,28
"1979-01-22",183,6,101,60.6,70.2,10.17,1.17,11.17,73.67,3.33,57
"1979-01-23",181,7,98,64.2,65,11.67,2.17,12.67,63.83,3.17,57.5
"1979-01-24",181,11,83,64.6,51,9.67,1.67,11.33,61,2.67,53.5
"1979-01-25",165,2,89,56.4,45.6,5,1.33,6.83,44.5,2.83,32
"1979-01-26",188,12,81,58.8,37.2,6.83,1.5,6.83,43.83,2.83,51.5
"1979-01-27",164,4,83,58.4,47.4,7.5,1.5,8.17,57.17,3.17,48
"1979-01-28",173,7,83,52,52.8,5.67,0.83,6,51,3,32.5
"1979-01-29",197,7,104,53,45.2,7.5,1.67,8.67,41.83,3,47
"1979-01-30",165,8,98,49.6,60.6,4,1.5,6.67,27.33,2.17,40.5
"1979-01-31",189,8,101,55.6,78,5.17,1.5,6.83,33.67,2.67,30
"1979-02-01",194,10,100,55.2,72,5.67,1.33,6,33.67,2.67,28
"1979-02-02",183,11,102,49,81.4,4.5,1.17,6.17,35.33,1.83,27.5
"1979-02-03",198,8,96,62.4,37.4,5.67,1.17,6.83,44.5,3.5,52.5
"1979-02-04",179,9,102,66.2,32.2,5.83,1.5,8.17,45.67,3.33,57
"1979-02-05",181,9,105,67.8,39,8.67,1.83,8.17,59.5,3,53.5
"1979-02-06",174,8,85,65.8,56,9.83,2,14.17,70,4.5,65.5
"1979-02-07",187,10,109,66.4,63.2,11.5,3.67,20,72,5.17,101
"1979-02-08",179,9,93,68.6,66.2,13.17,3.83,22.33,96.5,4.83,119
"1979-02-09",177,4,89,67.4,64.2,14.17,4.83,26.17,88.83,6.33,107.5
"1979-02-10",193,8,99,71,57,12,3.33,21,68.5,5.5,70.5
"1979-02-11",164,6,89,70.6,63,10.83,4.67,23.33,80.83,9,81.5
"1979-02-12",190,12,106,72.4,55.4,13.67,4.33,20.17,83,8.17,100.5
"1979-02-13",169,7,101,66.8,53.4,12.67,3,15.5,68.67,5.5,72
"1979-02-14",180,11,91,60.2,70.8,5.67,1.33,6,35.5,2.83,47
"1979-02-15",184,11,85,60,70.4,6,1.83,10.67,49.33,3.5,36
"1979-02-16",150,7,84,59.8,73.2,6.17,1.5,9.33,55.17,2.83,45
"1979-02-17",185,12,84,67,61.8,7,1.5,10.5,70.17,5.5,35
"1979-02-18",185,5,99,68,59.4,8.33,1.5,9.83,78.17,6.5,40.5
"1979-02-19",187,8,94,60.8,75,6.17,0.83,8.33,73.17,3.17,42
"1979-02-20",174,9,89,57,80.6,4.67,1.5,6,43.5,2.33,33.5
"1979-02-21",166,9,84,57.2,78.8,4.33,0.83,6.5,35.5,2.67,29.5
"1979-02-22",171,8,77,58.8,68.8,6.17,1,8.17,31.83,3.67,45
"1979-02-23",179,12,87,60.2,68.8,4.83,1.5,6,33.83,3,36.5
"1979-02-24",170,6,87,69.6,53.2,7,1.5,8,46.17,3.17,36
"1979-02-25",182,8,90,70.6,43.2,6.33,1.5,7,60.33,4.5,33
"1979-02-26",157,8,74,60.6,70.4,6,1,7.83,47.33,3.33,45.5
"1979-02-27",174,10,92,66,52.4,6.5,1.83,8.83,41.17,4.17,71.5
"1979-02-28",181,10,98,65,61.4,6.33,1.5,9.67,52.33,5.17,59.5
"1979-03-01",154,12,87,55.8,70.8,3.17,1,6.17,26,3,39
"1979-03-02",147,8,74,60.8,52,6.17,1.17,6.33,43,3.67,45
"1979-03-03",188,10,93,65,55,7.17,2,10.17,53.17,5.5,53
"1979-03-04",193,17,89,72.6,58.2,8.17,2,8.17,70.17,7.5,55
"1979-03-05",188,11,101,79.2,39.6,9.17,1.83,10.5,72.5,6.17,59.5
"1979-03-06",171,12,86,83,30.8,9.67,2.5,11.33,63.83,6,78.5
"1979-03-07",170,5,90,82,37.6,9.17,2,16.33,62.5,10.83,66.5
"1979-03-08",159,9,86,72.6,66,6.83,2.83,17,61,9.5,82
"1979-03-09",174,11,83,67,71.2,5.17,1.83,12.67,33.17,6.33,65
"1979-03-10",195,8,98,72.6,63.4,4.83,2.5,11.17,36.5,8.83,43.5
"1979-03-11",180,9,89,72.6,59.8,5.33,1.83,8.67,55.17,9.33,45
"1979-03-12",169,9,88,71.2,62.6,6.83,2,14.83,60.67,7.67,73
"1979-03-13",156,6,83,61.4,79.6,4.17,1.17,6,31,1.67,42
"1979-03-14",141,5,73,63.8,72.8,4.67,1.33,6.33,39,2.17,48
"1979-03-15",165,12,81,62.6,73.2,7,1.5,7.33,49.67,2.5,54
"1979-03-16",160,7,71,60.6,62.8,4.17,1.5,5,38.33,3,33.5
"1979-03-17",185,9,98,60.8,66.2,3.5,1.33,5.83,39.5,3.5,24
"1979-03-18",190,12,99,58.4,74.4,3.83,1.33,5.5,42.33,3.17,25
"1979-03-19",176,10,92,57,73.6,3.33,1.17,6.17,37.33,2.33,23.5
"1979-03-20",196,12,105,61.6,67.4,5.33,1.33,6.5,53.67,2.67,39.5
"1979-03-21",158,9,89,58.6,69.2,5.33,1.17,6,46.5,3,37.5
"1979-03-22",150,9,70,64.2,57.8,4.5,1.33,7,43.17,3.67,36
"1979-03-23",158,7,73,67.6,55.4,5.5,1.17,8.67,44.83,5.17,41.5
"1979-03-24",160,11,97,70,58,6.33,1.67,10.83,52.33,6.67,37.5
"1979-03-25",172,9,87,68.2,67.8,6,1.67,8.17,55.17,6.67,42
"1979-03-26",158,11,88,65.4,65.4,2.83,1.17,6.33,25.33,4.83,30.5
"1979-03-27",173,6,90,62.8,86,3.83,1,5.17,25.67,2.83,23.5
"1979-03-28",153,9,75,60.6,69,2.5,1,5.17,24.5,3.17,26.5
"1979-03-29",133,6,61,60.2,73.2,4,1.67,7,31.83,2.67,31
"1979-03-30",174,7,101,62.6,67.6,4.83,1.33,7.5,44.5,4.5,42.5
"1979-03-31",174,6,85,72.6,56,4.17,1.17,6.67,36.17,6,30
"1979-04-01",172,5,77,71.8,47.8,4.33,1.17,6,45.5,7.67,27.5
"1979-04-02",180,10,97,71.6,52,4.67,1.5,9.67,49.5,4.83,57.5
"1979-04-03",182,10,93,73.8,44.4,5,1.5,9.33,34.17,6.5,41.5
"1979-04-04",174,14,80,78.8,41.4,5.83,2.17,14.5,54.33,11.5,62
"1979-04-05",197,15,99,79.8,45.6,5.67,1.67,15,52.5,13.67,67.5
"1979-04-06",159,4,98,68.6,67.2,4.33,1.67,8.83,38.17,6.17,37
"1979-04-07",171,12,78,66.6,62.8,2.83,1,6.67,30.67,4.5,17
"1979-04-08",160,9,86,69.4,67.8,3.17,1.33,7.5,35,7.17,22
"1979-04-09",195,7,87,65.8,70.4,3.33,1.17,7.33,37,4.83,34.5
"1979-04-10",167,8,87,69.4,35,3,0.83,4.17,22,4.33,23.5
"1979-04-11",183,9,101,69.8,53.2,3.33,1,6.83,25.17,4,32.5
"1979-04-12",168,15,74,75.8,57.6,6.67,1.5,10.83,43.5,9,52.5
"1979-04-13",153,9,82,80.2,49.6,7.17,2.17,16.5,61.33,13.83,62.5
"1979-04-14",189,9,102,77.8,55.6,7,2.17,15.67,61.5,17,49
"1979-04-15",176,11,90,73.6,65.8,4.5,2.33,11,38.17,13.33,29
"1979-04-16",173,3,85,67.8,71.2,3.83,1.67,8,27.83,8.67,35
"1979-04-17",142,5,72,66.4,58.6,3.17,1.17,6.17,26.17,4.33,31.5
"1979-04-18",159,6,82,66.4,47.2,3.83,1.33,6.83,31.83,5.5,31.5
"1979-04-19",165,3,91,71.8,43.6,4.83,1.17,10,36,7.17,45
"1979-04-20",144,7,66,76.2,44.4,7,2.67,15.17,47,9.67,67.5
"1979-04-21",157,8,81,76.6,41.2,6.5,2.83,14.5,48.67,12.17,51
"1979-04-22",181,7,94,71.8,53.4,4.83,2,10,42.17,8.5,40
"1979-04-23",178,10,87,70.2,52.4,2.83,0.83,6,33.5,5.17,39.5
"1979-04-24",162,7,87,71.6,51.4,4.17,1.83,8,34,8.5,36.5
"1979-04-25",163,6,80,77.4,44.4,4.67,2.5,12,43.33,10.67,51.5
"1979-04-26",177,8,92,78.4,42.8,5,1.83,11.83,43.83,5.83,54.5
"1979-04-27",172,13,88,71.4,68,3.5,1.17,6,31.5,4.67,33
"1979-04-28",153,9,77,70.6,66,3.33,1.17,7.67,38.83,8.83,23
"1979-04-29",165,13,81,72,67.6,4.17,1.17,6.67,37,11.83,23
"1979-04-30",162,11,82,66.2,68.4,3.17,1.17,6.83,27.5,5.33,32.5
"1979-05-01",147,5,78,66.6,65.6,3.5,1,5.83,29.83,5,35.5
"1979-05-02",143,7,72,67.2,65.2,3.83,1.17,7.17,26.67,5,36.5
"1979-05-03",176,11,92,71.4,64.4,3.67,1.17,7.17,31.5,9.17,40
"1979-05-04",163,10,84,74.8,65.4,4.67,2,11.17,40.67,14.17,59.5
"1979-05-05",181,8,93,68.2,76,3.5,1.17,7.17,34.33,9,35
"1979-05-06",145,10,71,68.8,64.4,2.33,1,4.17,19.83,7.5,18
"1979-05-07",183,8,82,66.4,61.2,3,1.17,5.83,27.5,5.5,35
"1979-05-08",172,13,86,67.2,46.6,2.83,0.83,4.67,30.33,4.67,38.5
"1979-05-09",169,10,87,70.8,41.6,3,1.33,7,28.5,5.17,45.5
"1979-05-10",171,8,80,75.6,42,5,1.17,11,40,7.5,41.5
"1979-05-11",170,4,89,86.2,26.2,7,1.67,13.67,49.83,12.5,53
"1979-05-12",179,15,96,93.4,20.2,5.33,1.5,10.5,51.67,10.83,36
"1979-05-13",195,14,86,97,15.2,4.67,1.33,8,56.67,12.67,19.5
"1979-05-14",177,6,90,86.2,37,6.17,2.33,14.17,50.5,14.33,73
"1979-05-15",185,9,86,74.4,64,3.17,1.17,7.33,26,10.5,47
"1979-05-16",178,11,85,70.4,64.6,2.33,1.33,5.5,24.83,7.33,36
"1979-05-17",156,8,82,73.8,62,3,1.33,6.67,25,9,52
"1979-05-18",165,6,98,72.2,62.2,3.33,2,7,32,8.33,47.5
"1979-05-19",157,10,81,72.4,66.6,2.83,1.67,5.17,27,10.67,25
"1979-05-20",145,9,77,67.4,72.2,2,1.17,4.5,24.67,6.5,18.5
"1979-05-21",175,8,91,72.6,62.6,3.17,1.5,7.33,27.5,7,36.5
"1979-05-22",176,11,80,81,57,5.33,1.5,10.5,39,19.33,54.5
"1979-05-23",173,9,92,81.2,58.6,6,2.17,12.17,42.17,16.33,67
"1979-05-24",173,6,92,74.6,68,3.83,1.5,5.83,27,10,38
"1979-05-25",248,11,80,77.2,64.2,3.33,1.33,6.83,24.67,11.17,42.5
"1979-05-26",165,10,83,76,68,2.5,1.33,5.17,25.33,14.33,25
"1979-05-27",167,10,86,68.8,77.4,2.33,0.33,3.5,23.67,7,17.5
"1979-05-28",172,8,91,70.6,63.4,2.5,0.83,3.17,22.33,5.5,15.5
"1979-05-29",155,8,81,71,60.6,2.83,1,5.17,24.83,6.33,32
"1979-05-30",180,8,89,72.2,66,3.33,1,5.83,32,7.33,37
"1979-05-31",167,9,77,72,66.8,2.67,1,5.17,35,6.17,44
"1979-06-01",131,5,71,75,65.2,4.33,0.83,5.5,34.83,10.5,53.5
"1979-06-02",178,10,83,73.6,64.8,3,0.67,4.5,22.67,11.5,25.5
"1979-06-03",169,4,84,74.4,70.6,3,0.83,5.33,28.33,10.67,22.5
"1979-06-04",152,7,70,73.8,70.8,3.5,1.33,7,25.5,11.83,58
"1979-06-05",155,4,75,74.2,71.2,3.33,1.33,6,27.17,12.83,42
"1979-06-06",154,8,77,67.8,80.6,3.83,1.33,6.33,25.17,7.83,36.5
"1979-06-07",148,6,78,67.8,72.2,3.33,1.33,4.83,24.5,3.5,31
"1979-06-08",164,5,85,85.4,49.6,4.83,2,7.5,35.17,8,39.5
"1979-06-09",172,7,68,95.6,24.2,5.83,1.83,10.67,47.83,9.83,43.5
"1979-06-10",167,8,84,103,15,5.5,1.17,9,53.17,11.33,34
"1979-06-11",205,5,109,104.2,19.6,6.33,1.5,14.17,52.83,19.5,41.5
"1979-06-12",189,7,113,100.2,26.8,5.5,2,14.83,43.17,15.5,69
"1979-06-13",208,8,111,94.4,30.4,5.83,3.17,16.67,46.83,14.33,79
"1979-06-14",149,6,74,86.6,38.6,4.67,2.83,13.33,42.17,10.83,61
"1979-06-15",177,11,81,82.6,46.8,4.67,2.17,10.33,42,10.33,67.5
"1979-06-16",170,8,84,76.4,58.8,2.33,0.83,4.83,28.83,10.83,22
"1979-06-17",138,3,68,70.4,63.2,2.5,0.5,4.17,24.67,5.5,32
"1979-06-18",157,7,76,74,58.6,2.5,1.17,5.17,35.67,6.83,26
"1979-06-19",154,11,76,82.2,51,3.17,1.67,6.33,32,8.33,38.5
"1979-06-20",141,6,82,79,57.4,3.33,1.67,6,38.33,8,42
"1979-06-21",145,7,77,77.4,60.8,3.33,1.83,8,31,10.17,49
"1979-06-22",159,8,69,79.4,60.6,4.17,1.67,8.33,44,12,43.5
"1979-06-23",155,8,80,80,62.8,4.17,2,6.5,44,14.17,28
"1979-06-24",148,8,66,78,67.6,3,1.17,5,28.67,12.5,27
"1979-06-25",160,9,83,80.6,64.2,4.33,1.5,8.67,30.83,13.5,50.5
"1979-06-26",164,5,88,88.8,48,6.33,2.67,16.5,50.67,18.17,72
"1979-06-27",155,7,89,94.4,40.2,7.17,2.67,18.83,60.17,24.83,67
"1979-06-28",156,8,84,92,40.2,7.33,3.33,18.5,61.83,16.33,79
"1979-06-29",162,4,67,90.4,44,6.17,2.67,14.17,49.17,16.67,65
"1979-06-30",167,7,74,85.2,51.8,3.83,2,10.33,35.83,13.67,28
"1979-07-01",176,8,92,78,60.8,2.5,0.83,6.83,25.5,7.83,12
"1979-07-02",151,4,73,71.4,64,2.5,0.67,5.5,21.33,5,26
"1979-07-03",151,6,85,73.6,62.8,2.83,1,5.83,24.33,5,27
"1979-07-04",139,8,66,76.4,62,2.83,1,4.83,29.67,8.17,24.5
"1979-07-05",169,4,101,77.8,60.8,3.17,1.67,7.67,29,8.5,45.5
"1979-07-06",154,7,74,80,58.4,3.83,1.67,9.17,36,10.33,53
"1979-07-07",173,9,85,85.4,50,4.83,2.5,11.17,45,14.67,46
"1979-07-08",155,12,74,90.4,42.4,4.67,2.33,11,52,18.17,39
"1979-07-09",153,8,89,88.2,44.6,6.67,3.17,17.83,58.83,17.67,91.5
"1979-07-10",168,13,84,86.4,47.8,4.67,2.83,10.5,46.67,16,57
"1979-07-11",143,7,71,81.8,57.4,3.83,1.17,10.17,38.5,11.33,46.5
"1979-07-12",162,17,78,84.2,60.4,3.83,1.83,9.5,39.33,14.67,50
"1979-07-13",181,9,90,75.8,73,3.33,1.17,6.83,30.17,7.33,37.5
"1979-07-14",148,7,66,83.8,63.4,3.17,1.5,7.67,27.17,13.5,34
"1979-07-15",168,9,82,83.8,64.8,2.67,1,4.5,25.5,13.83,26
"1979-07-16",153,6,78,84.8,61,4.83,2.33,10.83,39,14.67,56.5
"1979-07-17",159,8,75,91.4,53.2,5.5,3,15.83,46.5,24,70.5
"1979-07-18",157,3,84,90.2,52.6,5.5,2.5,15.17,47.17,20,73.5
"1979-07-19",134,13,65,88.2,61,5.83,2.5,14.5,38.83,12.33,65.5
"1979-07-20",132,5,68,79.2,65.8,3.67,2,7.83,36.5,6.5,57.5
"1979-07-21",171,11,88,83.2,61.2,2.5,1.33,5.5,31.83,9.67,28.5
"1979-07-22",136,11,69,82,60.4,2.67,1,4.83,29.67,8.83,21.5
"1979-07-23",139,12,65,85.8,57.4,6.17,2.33,14.5,50.17,16,74
"1979-07-24",163,8,82,84.4,64.2,4.17,2,10.83,33.17,17,46
"1979-07-25",161,6,81,83.6,64.2,3.67,2.5,11.83,31.17,15,52.5
"1979-07-26",153,5,77,82,64,3.83,3,11.67,32.67,14.5,51.5
"1979-07-27",166,11,74,83.4,59.2,4.5,2.67,12.33,35.83,14.17,50
"1979-07-28",147,8,65,86.4,55.2,4.17,1.83,11.67,43,16,59
"1979-07-29",172,1,76,85,57.6,3.83,1.83,10.33,41.33,16,34
"1979-07-30",168,9,76,84.4,62,3.67,2.67,11.33,33.83,15.83,47.5
"1979-07-31",149,9,67,90.8,52.8,5.83,2.33,17.17,42.83,16.5,72
"1979-08-01",142,0,74,83.6,56,4.83,2.83,16.33,42.17,12,59
"1979-08-02",140,3,69,81.2,63.4,3.67,2.17,9.67,30.5,14.83,50
"1979-08-03",140,11,67,81.2,65.2,3.67,1.83,8,30.17,12.5,43
"1979-08-04",153,9,73,83.4,63.4,3.83,2.17,9,33.5,18.17,35
"1979-08-05",142,8,67,86.4,61.2,4.33,1.83,7.5,41.5,14.83,34
"1979-08-06",160,11,84,87.4,51.6,3.83,2.17,9.83,33.33,9,51.5
"1979-08-07",154,6,87,87.2,51.4,5.67,2.67,12.83,46.83,9,80
"1979-08-08",135,15,62,88,51.4,5.17,3,10.83,38.67,7.17,65.5
"1979-08-09",148,8,72,90.2,47.2,6.83,2.33,13.5,49.67,12.67,79.5
"1979-08-10",167,9,79,84.2,58.6,4,2.5,11.67,39.83,12,53
"1979-08-11",139,7,70,81.8,66,3.5,2,8.5,34.67,12.83,32.5
"1979-08-12",161,8,80,74.2,73.8,3,1.5,5.33,31.17,7,20.5
"1979-08-13",169,9,72,76.8,67.8,3.17,1,6.67,29.33,8,39.5
"1979-08-14",155,6,77,80.2,63,5.17,1.83,8,39.5,10.83,47
"1979-08-15",163,8,81,80.6,63.6,4.5,2.33,9.67,35.5,12.67,53.5
"1979-08-16",166,11,83,83.4,63,3.17,2.33,9.17,36.83,12.17,60.5
"1979-08-17",145,8,74,81.2,69.2,2.83,1.83,8.33,30.5,11.5,51.5
"1979-08-18",163,12,66,78,70,2.33,1.67,5.83,27.67,12.17,28.5
"1979-08-19",163,3,81,78,71.6,1.67,1,3.5,24.67,9.33,17
"1979-08-20",163,10,74,78.8,64.8,2.67,1,6,25.67,8.17,33.5
"1979-08-21",159,11,76,82.2,60.2,3.5,1.83,8.17,34.33,9.83,42.5
"1979-08-22",137,4,70,87,49.8,6,2,11.83,51.67,12.5,64.5
"1979-08-23",150,10,68,90.2,42.8,6.83,2.83,16.67,56.33,18.83,71
"1979-08-24",160,7,82,90.6,45.2,7.5,2.33,17.33,56.33,18.83,103.5
"1979-08-25",160,9,79,86.4,53.8,6.17,3.33,14.83,60.17,18.17,54
"1979-08-26",169,5,84,84.4,62,4.67,2,10,40.5,16.67,30
"1979-08-27",167,4,82,85,62.2,6.33,2.67,14.83,48.67,15.33,62.5
"1979-08-28",158,8,74,75.4,69.2,3.5,0.83,5.83,25.67,6.67,41.5
"1979-08-29",133,9,67,76.4,68.8,3.33,1,6,28,5,29
"1979-08-30",154,7,74,81.2,64.2,4.5,1.5,8.67,37.83,9,59.5
"1979-08-31",147,4,72,81.2,64.8,4.5,2.33,9.17,44.33,13,48
"1979-09-01",165,8,75,81.8,63.8,2.67,1.33,6.17,31.17,17,27.5
"1979-09-02",159,7,67,85.2,60.6,3.5,2.5,8.67,42.83,17.17,30.5
"1979-09-03",153,7,74,87,54.4,4,1.83,9.67,50.5,14,37
"1979-09-04",170,12,90,85.8,57,5.83,2.5,12,51.5,12.33,80.5
"1979-09-05",167,9,89,86.2,59.4,4.67,2,12,46.5,15.67,59
"1979-09-06",170,10,79,82.4,65.2,4,2.33,11.83,36.5,14.5,57.5
"1979-09-07",169,8,89,87.4,64.4,5.17,1.83,14.17,47.5,21,64
"1979-09-08",150,6,75,97,47.4,6.83,2.67,15.17,65.5,24.83,66.5
"1979-09-09",196,6,74,96.8,45.6,7.33,2.67,15,79.33,25.83,48
"1979-09-10",163,7,80,94.8,52,6.83,3.33,14.67,51.17,24.17,60.5
"1979-09-11",158,8,75,94.2,55,7.33,2.67,18.33,56.5,28.83,65.5
"1979-09-12",157,8,78,89,60.6,6.5,3.17,17.83,54.83,24.17,63
"1979-09-13",158,10,80,91.6,55.4,8.17,3.5,17.67,60.5,20.5,73
"1979-09-14",200,5,95,92,50,9.5,3,18.17,64.67,19.17,55
"1979-09-15",168,7,80,97.2,32.8,9,2.17,19.33,65.67,18.33,75.5
"1979-09-16",170,7,88,92.8,30,6.83,2,11.83,53.17,12.5,36
"1979-09-17",197,4,108,92.6,34,8.67,2.33,20.5,53,12.33,48
"1979-09-18",155,10,68,96,34.8,9.67,2.83,18.33,62.33,22.33,57.5
"1979-09-19",181,10,89,95.6,39,9.67,2.67,23.83,71.67,23.83,57
"1979-09-20",183,12,83,88.6,56.4,7,2.67,16.17,59,13.5,67
"1979-09-21",172,15,83,87.2,63.8,6.17,2,13.83,47.33,15.67,52.5
"1979-09-22",153,9,76,89,55.2,5,1.33,10.83,49.67,18.17,50.5
"1979-09-23",171,11,83,86.4,64.2,4,1.67,7.67,43,14.5,31
"1979-09-24",183,8,85,81,66.6,2.83,1.5,8.5,35.33,8.67,47
"1979-09-25",152,8,70,85.4,48.6,4.5,1.33,12.67,39.33,8.5,60
"1979-09-26",162,11,84,87.6,43,7.33,2.67,17.83,59.33,11,68.5
"1979-09-27",154,9,78,82,57.4,5,2,10.5,45.67,9.67,56
"1979-09-28",146,7,69,79,62.4,4,1.33,9.67,36.67,7.5,48
"1979-09-29",157,8,87,76.6,64.6,2.67,1.17,6.5,31.67,4.67,30
"1979-09-30",145,6,79,77,66.2,3.17,1.33,6.17,40.83,8,22
"1979-10-01",174,11,93,78.6,58.8,6.17,1.67,9.33,43.33,8.33,52
"1979-10-02",139,8,65,86.8,49.2,6.83,1.33,11.5,44.17,9,61
"1979-10-03",146,11,74,85,50.2,9.5,2.67,22,61.33,8.17,98
"1979-10-04",130,7,68,86,52.8,10.17,3.33,21.33,59.33,14.5,101.5
"1979-10-05",159,9,73,84.8,55,8.67,2.33,14.83,53.67,11.83,76.5
"1979-10-06",166,6,84,82,61.2,7,2.17,13.17,61,14.83,64.5
"1979-10-07",142,8,63,77.8,70.8,5.5,2.17,10.5,46.33,10.83,31
"1979-10-08",160,9,83,75.4,65.8,4.83,1.5,7,42.17,7.17,43.5
"1979-10-09",176,4,88,77.6,62.4,6,1.67,9.67,48,10.17,42
"1979-10-10",137,9,69,77.6,66.2,7.5,2.5,13.5,48.5,10.17,70.5
"1979-10-11",161,9,79,76.2,65.2,6.67,2.33,13.17,43.67,8.5,59
"1979-10-12",134,9,72,76.2,64.4,5.33,2.67,11.67,47.5,10.67,53
"1979-10-13",172,12,76,75.6,70.8,3.17,1.33,7.33,36.5,6.83,31.5
"1979-10-14",171,13,83,75.6,73.4,2.33,0.67,4,31.5,3.67,18.5
"1979-10-15",169,10,83,75.6,71.6,5.67,0.83,7.33,43,5.17,43
"1979-10-16",160,12,81,71.8,73.8,4.67,1.67,9.33,40.83,4.17,40
"1979-10-17",144,7,71,70.4,76,4.33,1.5,10,43,6.67,54.5
"1979-10-18",151,9,83,71.4,70.6,4.5,1.67,8.67,34.5,6.17,43.5
"1979-10-19",147,4,79,69.6,76.2,5,1.33,6.83,44.83,3,51.5
"1979-10-20",143,8,56,68.8,74.2,4,1.33,5.17,32.83,3.83,27.5
"1979-10-21",146,12,72,71.8,54.6,5.5,1.17,7.5,42.83,6.67,31.5
"1979-10-22",165,5,81,78.2,47.2,9.33,1.67,14.83,56,7.33,52.5
"1979-10-23",176,11,88,80,47.2,11,2.17,21.17,63.5,9.17,81.5
"1979-10-24",155,3,82,77.8,54.4,11.33,3.33,20,67.17,13.67,90
"1979-10-25",165,7,82,74.8,61.8,11.83,2.33,18,65.17,9.17,115
"1979-10-26",181,11,70,74.6,71.4,7,1.83,12.33,45.67,6.83,59.5
"1979-10-27",166,9,90,75,69.6,7.5,1.5,16.83,55.17,11.67,58
"1979-10-28",161,9,79,73,66,7.5,1.67,11.83,59.67,7.83,48.5
"1979-10-29",163,12,77,76,25.8,2,0.5,4.83,25.67,3.83,27.5
"1979-10-30",155,10,76,75.4,23.4,8.17,1.67,9.5,52.5,4.17,76.5
"1979-10-31",149,3,72,70.8,50.6,8.67,1.67,11.83,52.17,5.33,59.5
"1979-11-01",187,7,112,75.2,55.6,9.5,2,14.5,56.17,6.67,71
"1979-11-02",171,9,101,78.2,39.6,10.67,2.5,19,62.17,10.33,70
"1979-11-03",192,13,104,70.2,55,9.83,1.83,13,67,7.67,65
"1979-11-04",174,9,84,65.8,64.8,5.33,0.83,5.17,41.67,3.83,38.5
"1979-11-05",166,10,78,76.6,41.8,9,1,11.67,52.33,4.83,62
"1979-11-06",160,11,76,75.6,43,9,2.17,15.83,53.5,6.33,78
"1979-11-07",156,10,74,65,66.8,6.17,1.5,9.67,51.67,2.67,49.5
"1979-11-08",146,7,74,67,63.8,5.33,1.17,8.5,33.17,3.5,43
"1979-11-09",176,11,93,67.2,66.8,7.33,1,9,51.83,4,72
"1979-11-10",177,11,79,69.6,67,8.83,1.67,13,58.33,8.17,69
"1979-11-11",184,9,98,68.8,67.8,8.67,2.33,13.67,65,10,69
"1979-11-12",180,7,97,81,42.8,10.33,1.83,16.17,65.5,6.67,51
"1979-11-13",186,12,103,82.2,28.4,10.83,2.33,14,61.33,4,59
"1979-11-14",171,12,84,80,32,13.17,2.67,18.5,72.33,3.67,73.5
"1979-11-15",167,6,90,82.6,29.6,12.67,2.17,17.5,72.17,4.67,64.5
"1979-11-16",178,10,86,79.6,33,11.83,2.83,21.17,66.83,4.5,81.5
"1979-11-17",173,11,82,67.4,71,8.67,1.33,11.33,64.17,3.17,57.5
"1979-11-18",164,4,62,67.8,61.4,5,1.17,5.33,46,3.83,39.5
"1979-11-19",175,9,99,66.8,28,2.67,1,5.33,24.67,3.17,31
"1979-11-20",168,11,90,66,27,6,1.33,9.33,41.83,2.67,58
"1979-11-21",163,8,79,66.4,24.2,10.83,1.5,10.5,63.17,2.83,62
"1979-11-22",204,12,101,67,28.6,9.33,1.17,10,74.67,2.83,63
"1979-11-23",219,7,114,66.2,46.8,9.5,1.5,12.67,80.33,2.67,68.5
"1979-11-24",206,8,104,73.2,50,7.17,2.5,12.5,66.67,4.5,63.5
"1979-11-25",176,7,86,71.4,63.6,5.17,1.67,11.17,53.83,5.17,41.5
"1979-11-26",183,7,92,65.8,73.2,7,2,9,57.67,2.33,42.5
"1979-11-27",183,5,104,71.4,63.4,9.5,1.67,11,61,4.5,62
"1979-11-28",160,10,73,78.6,22.6,8.17,2,9.67,60.17,2.83,57.5
"1979-11-29",171,13,80,77.2,16.6,9.5,1.5,11.67,70.83,3,58.5
"1979-11-30",187,12,96,82.8,20,14,1.83,12.83,73.33,3.17,67
"1979-12-01",195,14,95,81.4,21,11.33,1.33,11,62.67,3.67,43.5
"1979-12-02",184,6,96,76.2,25,11.33,1.17,12.17,59.33,3,46.5
"1979-12-03",156,12,82,81,26,10.67,2,15.67,51.17,3.33,56.5
"1979-12-04",194,14,113,88,17.8,12.33,2.17,13.17,56.67,3.17,58.5
"1979-12-05",187,14,102,87.6,20.6,13.5,2.5,14.5,58.67,4,89
"1979-12-06",171,6,83,85,20.6,14.83,2,18.17,74.33,4,72.5
"1979-12-07",168,14,71,81.4,26.4,14.33,2.33,18.33,69,5.17,90
"1979-12-08",189,15,88,77.6,34.6,10.83,2.67,15.67,57.17,5.17,61.5
"1979-12-09",192,10,96,72.4,59,10,2.33,18.67,62.5,5.83,59
"1979-12-10",159,12,81,61.6,75.2,6.17,2.5,12.83,55.17,1.83,49.5
"1979-12-11",172,6,83,65.8,53.2,6.5,1.83,11,49.67,3.5,56.5
"1979-12-12",181,10,85,68.4,20,12.33,2.17,13.67,58.5,3.33,92
"1979-12-13",154,7,75,73.2,33.2,14,2,19.5,71,2.83,87.5
"1979-12-14",170,7,95,76.6,25.2,15.17,2,19.17,91,3,71
"1979-12-15",200,8,102,76.4,23.4,11.83,3,16.17,86.5,4,58
"1979-12-16",187,3,110,77.2,34.2,13.67,2.67,19,94,4.33,78.5
"1979-12-17",190,16,97,80.8,29.2,14.67,3,22.5,76.17,3.5,79.5
"1979-12-18",173,8,92,75.8,33,13.5,3,20.33,82.33,3.83,75.5
"1979-12-19",172,9,92,68,51.2,11.83,3.17,19.17,76.67,2.33,93.5
"1979-12-20",174,2,100,66.2,61.4,11.5,2.33,17.83,64.33,3.17,83
"1979-12-21",182,15,95,59.4,87.4,5.17,1.17,6.5,52.67,1.33,52.5
"1979-12-22",174,10,80,62,46.8,3.67,1.5,4.83,34.33,2.83,29.5
"1979-12-23",171,10,77,60,50.8,8,1.5,7.83,50.83,2.83,38
"1979-12-24",202,9,100,61.8,61,6.5,1.17,6.5,44.67,2.83,45.5
"1979-12-25",193,11,114,62.8,78,3.33,0.33,5.5,39.33,3,34.5
"1979-12-26",215,16,100,65.2,55.4,5.5,0.67,7.67,59.33,2.5,70
"1979-12-27",183,12,109,64.2,62.6,9,1.5,10.67,61.67,2.67,69
"1979-12-28",187,8,99,67.2,38,8.17,2.17,9.83,53.67,2.17,47
"1979-12-29",184,9,91,69.8,30.6,7.83,1.67,9.5,55.67,2.67,45.5
"1979-12-30",194,10,103,69.2,39.8,8.5,1.83,11,68.33,2.5,63
"1979-12-31",210,10,105,72,57.4,8.33,2,12.83,67.33,1.67,95.5
