"bike_id","start_time","stop_time","start_station","start_lat","start_long","end_station","end_lat","end_long","type","birth_year","gender"
"26301","2018-02-26 19:11:03.707","2018-02-26 19:15:40.805","3186",40.7195861164717,-74.0431174635887,"3203",40.727595966,-74.044247311,"Subscriber",1986,"Male"
"26301","2018-02-27 07:52:49.151","2018-02-27 07:58:13.075","3203",40.727595966,-74.044247311,"3202",40.7272235,-74.0337589,"Subscriber",1979,"Male"
"26301","2018-02-27 12:03:27.596","2018-02-27 12:04:54.123","3202",40.7272235,-74.0337589,"3638",40.7242941,-74.0354826,"Subscriber",1963,"Male"
"26301","2018-02-27 13:53:51.997","2018-02-27 14:21:04.942","3638",40.7242941,-74.0354826,"3638",40.7242941,-74.0354826,"Subscriber",1984,"Male"
"26301","2018-02-27 14:30:42.847","2018-02-27 14:33:11.381","3638",40.7242941,-74.0354826,"3187",40.7211236,-74.03805095,"Subscriber",1980,"Male"
"26301","2018-02-27 16:31:04.002","2018-02-27 16:33:27.957","3187",40.7211236,-74.03805095,"3638",40.7242941,-74.0354826,"Subscriber",1980,"Male"
"26301","2018-02-27 17:37:12.586","2018-02-27 17:40:49.578","3638",40.7242941,-74.0354826,"3639",40.7192517,-74.034234,"Subscriber",1989,"Male"
"26301","2018-02-27 17:49:10.13","2018-02-27 17:55:03.029","3639",40.7192517,-74.034234,"3202",40.7272235,-74.0337589,"Subscriber",1962,"Male"
"26301","2018-02-27 18:21:57.964","2018-02-27 18:25:18.166","3202",40.7272235,-74.0337589,"3638",40.7242941,-74.0354826,"Subscriber",1992,"Male"
"26301","2018-02-27 22:08:55.336","2018-02-27 22:28:42.462","3638",40.7242941,-74.0354826,"3281",40.7459099663156,-74.0572714805603,"Subscriber",1981,"Male"
"26301","2018-02-28 08:19:37.379","2018-02-28 08:25:54.765","3281",40.7459099663156,-74.0572714805603,"3640",40.73367,-74.0625,"Subscriber",1972,"Male"
"26301","2018-02-28 18:17:07.157","2018-02-28 18:25:44.443","3640",40.73367,-74.0625,"3210",40.742677141,-74.051788633,"Subscriber",1988,"Male"
"26301","2018-03-01 10:27:57.018","2018-03-01 10:34:49.012","3210",40.742677141,-74.051788633,"3640",40.73367,-74.0625,"Subscriber",1986,"Male"
"26301","2018-03-03 04:12:49.664","2018-03-03 04:21:03.69","3640",40.73367,-74.0625,"3281",40.7459099663156,-74.0572714805603,"Subscriber",1978,"Male"
"26301","2018-03-03 18:18:47.06","2018-03-03 18:25:24.381","3281",40.7459099663156,-74.0572714805603,"3640",40.73367,-74.0625,"Subscriber",1978,"Male"
"26301","2018-03-04 03:46:27.083","2018-03-04 03:54:48.553","3640",40.73367,-74.0625,"3281",40.7459099663156,-74.0572714805603,"Subscriber",1978,"Male"
"26301","2018-03-04 17:18:45.39","2018-03-04 17:25:37.415","3281",40.7459099663156,-74.0572714805603,"3640",40.73367,-74.0625,"Subscriber",1978,"Male"
"26301","2018-03-05 00:08:53.291","2018-03-05 00:16:39.063","3640",40.73367,-74.0625,"3281",40.7459099663156,-74.0572714805603,"Subscriber",1978,"Male"
"26301","2018-03-05 07:49:36.989","2018-03-05 07:55:27.717","3281",40.7459099663156,-74.0572714805603,"3640",40.73367,-74.0625,"Subscriber",1979,"Male"
"26301","2018-03-05 18:41:57.491","2018-03-05 18:46:10.661","3640",40.73367,-74.0625,"3206",40.7311689,-74.0575736,"Subscriber",1981,"Male"
"26301","2018-03-05 21:05:46.689","2018-03-05 21:10:12.762","3206",40.7311689,-74.0575736,"3207",40.7376037,-74.0524783,"Subscriber",1983,"Male"
"26301","2018-03-06 08:37:44.138","2018-03-06 08:42:21.76","3207",40.7376037,-74.0524783,"3640",40.73367,-74.0625,"Subscriber",1985,"Male"
"26301","2018-03-06 18:29:41.06","2018-03-06 18:34:26.383","3640",40.73367,-74.0625,"3207",40.7376037,-74.0524783,"Subscriber",1980,"Male"
"26301","2018-03-06 22:05:39.957","2018-03-06 22:15:19.95","3207",40.7376037,-74.0524783,"3280",40.719282200707,-74.071261882782,"Subscriber",1990,"Male"
"26301","2018-03-08 10:25:57.001","2018-03-08 10:59:22.392","3280",40.719282200707,-74.071261882782,"3640",40.73367,-74.0625,"Subscriber",1953,"Female"
"26301","2018-03-10 00:27:24.23","2018-03-10 00:38:30.142","3640",40.73367,-74.0625,"3210",40.742677141,-74.051788633,"Subscriber",1995,"Female"
"26301","2018-03-10 09:08:31.449","2018-03-10 09:20:46.861","3210",40.742677141,-74.051788633,"3186",40.7195861164717,-74.0431174635887,"Subscriber",1995,"Female"
"26301","2018-03-11 08:57:02.638","2018-03-11 16:11:08.937","3207",40.7376037,-74.0524783,"3211",40.72152515,-74.046304543,"Customer",1982,"Male"
"26301","2018-03-12 06:58:12.045","2018-03-12 07:01:49.124","3211",40.72152515,-74.046304543,"3213",40.71848892,-74.047726625,"Subscriber",1991,"Male"
"26301","2018-03-12 07:07:39.186","2018-03-12 07:10:15.291","3213",40.71848892,-74.047726625,"3186",40.7195861164717,-74.0431174635887,"Subscriber",1962,"Female"
"26301","2018-03-12 08:16:31.772","2018-03-12 08:29:35.254","3269",40.7260117296463,-74.0503889322281,"3186",40.7195861164717,-74.0431174635887,"Subscriber",1985,"Female"
"26301","2018-03-12 18:00:45.445","2018-03-12 18:05:35.016","3186",40.7195861164717,-74.0431174635887,"3269",40.7260117296463,-74.0503889322281,"Subscriber",1986,"Female"
"26301","2018-03-13 08:16:25.083","2018-03-13 08:21:36.413","3269",40.7260117296463,-74.0503889322281,"3186",40.7195861164717,-74.0431174635887,"Subscriber",1978,"Male"
"26301","2018-03-13 16:57:11.519","2018-03-13 17:03:48.518","3267",40.7124188237569,-74.0385255217552,"3186",40.7195861164717,-74.0431174635887,"Subscriber",1989,"Male"
"26301","2018-03-13 17:45:16.493","2018-03-13 17:50:06.833","3186",40.7195861164717,-74.0431174635887,"3203",40.727595966,-74.044247311,"Subscriber",1977,"Female"
"26301","2018-03-13 19:34:40.123","2018-03-13 19:40:06.79","3203",40.727595966,-74.044247311,"3273",40.72165072488,-74.0428841114044,"Subscriber",1975,"Female"
"26301","2018-03-14 00:03:39.465","2018-03-14 00:07:44.939","3273",40.72165072488,-74.0428841114044,"3203",40.727595966,-74.044247311,"Subscriber",1978,"Unknown"
"26301","2018-03-14 08:21:59.047","2018-03-14 08:26:35.04","3203",40.727595966,-74.044247311,"3186",40.7195861164717,-74.0431174635887,"Subscriber",1971,"Male"
"26301","2018-03-14 11:48:13.315","2018-03-14 11:52:52.5","3211",40.72152515,-74.046304543,"3275",40.7183551982321,-74.0389144420624,"Subscriber",1973,"Male"
"26301","2018-03-15 08:41:33.221","2018-03-15 08:46:30.271","3275",40.7183551982321,-74.0389144420624,"3183",40.7162469,-74.0334588,"Subscriber",1982,"Male"
"26301","2018-03-15 12:27:07.085","2018-03-15 12:31:28.076","3183",40.7162469,-74.0334588,"3213",40.71848892,-74.047726625,"Subscriber",1986,"Male"
"26301","2018-03-16 06:49:11.44","2018-03-16 06:53:07.671","3213",40.71848892,-74.047726625,"3272",40.7233315864644,-74.0459525585174,"Subscriber",1962,"Male"
"26301","2018-03-16 07:04:35.654","2018-03-16 07:09:11.451","3272",40.7233315864644,-74.0459525585174,"3205",40.7165397809919,-74.0496379137039,"Subscriber",1956,"Male"
"26301","2018-03-18 10:35:01.038","2018-03-18 10:47:56.563","3205",40.7165397809919,-74.0496379137039,"3275",40.7183551982321,-74.0389144420624,"Subscriber",1980,"Male"
"26301","2018-03-18 18:58:13.798","2018-03-18 19:13:11.485","3275",40.7183551982321,-74.0389144420624,"3275",40.7183551982321,-74.0389144420624,"Subscriber",1989,"Male"
"26301","2018-03-18 22:19:25.436","2018-03-18 22:22:45.048","3275",40.7183551982321,-74.0389144420624,"3214",40.7127742,-74.0364857,"Subscriber",1989,"Male"
"26301","2018-03-19 16:40:51.465","2018-03-19 16:46:41.737","3214",40.7127742,-74.0364857,"3185",40.7177325,-74.043845,"Subscriber",1994,"Male"
"26301","2018-03-19 19:56:42.381","2018-03-19 20:00:56.541","3186",40.7195861164717,-74.0431174635887,"3203",40.727595966,-74.044247311,"Subscriber",1988,"Male"
"26301","2018-03-19 20:25:45.234","2018-03-19 20:28:04.238","3203",40.727595966,-74.044247311,"3203",40.727595966,-74.044247311,"Subscriber",1973,"Male"
"26301","2018-03-20 07:50:33.531","2018-03-20 07:57:11.704","3203",40.727595966,-74.044247311,"3639",40.7192517,-74.034234,"Subscriber",1966,"Male"
"26301","2018-03-20 18:05:34.783","2018-03-20 18:12:24.678","3639",40.7192517,-74.034234,"3202",40.7272235,-74.0337589,"Subscriber",1976,"Male"
"26301","2018-03-20 18:14:29.185","2018-03-20 18:18:22.556","3202",40.7272235,-74.0337589,"3639",40.7192517,-74.034234,"Subscriber",1990,"Male"
"26301","2018-03-20 21:15:12.02","2018-03-20 22:02:31.267","3639",40.7192517,-74.034234,"3199",40.7287448,-74.0321082,"Subscriber",1971,"Male"
"26301","2018-03-22 21:18:03.489","2018-03-22 21:25:10.943","3199",40.7287448,-74.0321082,"3272",40.7233315864644,-74.0459525585174,"Customer",1969,"Unknown"
"26301","2018-03-22 21:57:08.865","2018-03-22 22:00:02.067","3272",40.7233315864644,-74.0459525585174,"3269",40.7260117296463,-74.0503889322281,"Subscriber",1989,"Female"
"26301","2018-03-23 08:08:14.723","2018-03-23 08:12:29.381","3269",40.7260117296463,-74.0503889322281,"3186",40.7195861164717,-74.0431174635887,"Subscriber",1983,"Male"
"26301","2018-03-23 16:56:05.623","2018-03-23 17:01:16.373","3186",40.7195861164717,-74.0431174635887,"3205",40.7165397809919,-74.0496379137039,"Subscriber",1966,"Male"
"26301","2018-03-25 08:12:14.693","2018-03-25 08:20:17.693","3205",40.7165397809919,-74.0496379137039,"3211",40.72152515,-74.046304543,"Subscriber",1988,"Male"
"26301","2018-03-25 20:43:30.176","2018-03-25 20:45:41.235","3211",40.72152515,-74.046304543,"3205",40.7165397809919,-74.0496379137039,"Subscriber",1988,"Male"
"26301","2018-03-26 08:39:19.1","2018-03-26 08:43:34.216","3205",40.7165397809919,-74.0496379137039,"3186",40.7195861164717,-74.0431174635887,"Subscriber",1976,"Male"
"26301","2018-03-26 12:42:10.89","2018-03-26 13:08:47.599","3269",40.7260117296463,-74.0503889322281,"3216",40.6970299,-74.0969366,"Subscriber",1977,"Male"
"26301","2018-04-13 09:29:19.363","2018-04-13 09:37:16.084","3272",40.7233315864644,-74.0459525585174,"3214",40.7127742,-74.0364857,"Subscriber",1986,"Female"
"26301","2018-04-13 14:05:26.601","2018-04-13 14:16:00.54","3214",40.7127742,-74.0364857,"3209",40.7241765,-74.0506564,"Subscriber",1980,"Female"
"26301","2018-04-13 19:57:59.817","2018-04-13 20:11:26.75","3209",40.7241765,-74.0506564,"3209",40.7241765,-74.0506564,"Subscriber",1990,"Female"
"26301","2018-04-13 22:11:45.027","2018-04-13 23:01:52.442","3209",40.7241765,-74.0506564,"3213",40.71848892,-74.047726625,"Subscriber",1994,"Male"
"26301","2018-04-14 09:40:59.099","2018-04-14 09:48:45.159","3213",40.71848892,-74.047726625,"3183",40.7162469,-74.0334588,"Subscriber",1959,"Female"
"26301","2018-04-14 14:24:43.64","2018-04-14 14:36:23.221","3183",40.7162469,-74.0334588,"3203",40.727595966,-74.044247311,"Subscriber",1986,"Male"
"26301","2018-04-14 15:39:11.978","2018-04-14 15:50:59.566","3203",40.727595966,-74.044247311,"3184",40.7141454,-74.0335519,"Subscriber",1977,"Male"
"26301","2018-04-14 15:56:00.692","2018-04-14 15:57:43.966","3184",40.7141454,-74.0335519,"3183",40.7162469,-74.0334588,"Subscriber",1989,"Male"
"26301","2018-04-14 16:14:08.324","2018-04-14 16:42:19.994","3183",40.7162469,-74.0334588,"3220",40.7349610200095,-74.0595030784607,"Subscriber",1982,"Male"
"26301","2018-04-18 20:39:00.205","2018-04-18 20:45:11.649","3220",40.7349610200095,-74.0595030784607,"3207",40.7376037,-74.0524783,"Subscriber",1979,"Male"
"26301","2018-04-19 12:05:15.816","2018-04-19 12:10:39.79","3207",40.7376037,-74.0524783,"3195",40.7307426253066,-74.0637838840485,"Subscriber",1960,"Male"
"26301","2018-04-19 19:47:27.177","2018-04-19 19:50:32.495","3195",40.7307426253066,-74.0637838840485,"3194",40.7253399253558,-74.0676221251488,"Subscriber",1972,"Male"
"26301","2018-04-20 15:13:13.196","2018-04-20 15:16:36.287","3194",40.7253399253558,-74.0676221251488,"3195",40.7307426253066,-74.0637838840485,"Subscriber",1992,"Male"
"26301","2018-04-20 19:59:32.136","2018-04-20 20:05:58.548","3195",40.7307426253066,-74.0637838840485,"3280",40.719282200707,-74.071261882782,"Subscriber",1985,"Female"
"26301","2018-04-21 17:20:45.352","2018-04-21 17:29:37.142","3280",40.719282200707,-74.071261882782,"3195",40.7307426253066,-74.0637838840485,"Subscriber",1964,"Male"
"26301","2018-04-21 20:41:17.398","2018-04-21 20:47:32.14","3195",40.7307426253066,-74.0637838840485,"3280",40.719282200707,-74.071261882782,"Subscriber",1988,"Male"
"26301","2018-04-22 09:33:58.226","2018-04-22 09:37:21.5","3280",40.719282200707,-74.071261882782,"3194",40.7253399253558,-74.0676221251488,"Subscriber",1988,"Male"
"26301","2018-04-22 09:42:45.102","2018-04-22 09:48:46.218","3194",40.7253399253558,-74.0676221251488,"3185",40.7177325,-74.043845,"Subscriber",1988,"Male"
"26301","2018-04-22 13:07:24.577","2018-04-22 13:17:39.09","3185",40.7177325,-74.043845,"3276",40.7145840353589,-74.042817056179,"Customer",1987,"Female"
"26301","2018-04-22 14:36:17.901","2018-04-22 15:54:06.869","3276",40.7145840353589,-74.042817056179,"3186",40.7195861164717,-74.0431174635887,"Subscriber",1986,"Female"
"26301","2018-04-22 16:28:54.14","2018-04-22 16:52:59.795","3186",40.7195861164717,-74.0431174635887,"3184",40.7141454,-74.0335519,"Customer",1969,"Unknown"
"26301","2018-04-23 11:48:32.645","2018-04-23 12:11:25.18","3184",40.7141454,-74.0335519,"3184",40.7141454,-74.0335519,"Subscriber",1981,"Male"
"26301","2018-04-23 13:43:41.133","2018-04-23 14:00:10.513","3184",40.7141454,-74.0335519,"3183",40.7162469,-74.0334588,"Subscriber",1973,"Male"
"26301","2018-04-23 17:37:46.964","2018-04-23 17:42:03.551","3183",40.7162469,-74.0334588,"3275",40.7183551982321,-74.0389144420624,"Subscriber",1986,"Male"
"26301","2018-04-23 20:20:01.761","2018-04-23 20:22:43.804","3275",40.7183551982321,-74.0389144420624,"3681",40.7151776773203,-74.0376833081245,"Subscriber",1985,"Female"
"26301","2018-04-23 23:07:17.354","2018-04-23 23:11:28.651","3183",40.7162469,-74.0334588,"3276",40.7145840353589,-74.042817056179,"Subscriber",1994,"Male"
"26301","2018-04-24 06:09:19.165","2018-04-24 06:12:06.498","3276",40.7145840353589,-74.042817056179,"3186",40.7195861164717,-74.0431174635887,"Subscriber",1980,"Male"
"26301","2018-04-24 08:08:54.572","2018-04-24 08:14:53.638","3203",40.727595966,-74.044247311,"3186",40.7195861164717,-74.0431174635887,"Subscriber",1978,"Female"
"26301","2018-04-24 11:09:48.122","2018-04-24 11:14:21.089","3278",40.725685483629,-74.0487903356552,"3186",40.7195861164717,-74.0431174635887,"Subscriber",1982,"Female"
"26301","2018-04-24 18:58:52.912","2018-04-24 19:03:00.144","3186",40.7195861164717,-74.0431174635887,"3279",40.7216301426384,-74.0499678254128,"Subscriber",1986,"Male"
"26301","2018-04-25 07:11:13.953","2018-04-25 07:14:09.861","3279",40.7216301426384,-74.0499678254128,"3186",40.7195861164717,-74.0431174635887,"Subscriber",1977,"Female"
"26301","2018-04-25 19:43:05.147","2018-04-25 19:52:33.548","3275",40.7183551982321,-74.0389144420624,"3199",40.7287448,-74.0321082,"Subscriber",1986,"Male"
"26301","2018-04-26 08:19:25.318","2018-04-26 08:21:16.98","3199",40.7287448,-74.0321082,"3202",40.7272235,-74.0337589,"Subscriber",1980,"Female"
"26301","2018-04-26 11:07:25.705","2018-04-26 11:09:31.79","3202",40.7272235,-74.0337589,"3199",40.7287448,-74.0321082,"Subscriber",1986,"Male"
"26301","2018-04-26 13:53:35.041","2018-04-26 13:55:17.948","3199",40.7287448,-74.0321082,"3202",40.7272235,-74.0337589,"Subscriber",1980,"Female"
"26301","2018-04-26 17:25:09.688","2018-04-26 17:57:00.274","3202",40.7272235,-74.0337589,"3183",40.7162469,-74.0334588,"Subscriber",1984,"Female"
"26301","2018-04-26 18:11:40.514","2018-04-26 18:17:06.954","3183",40.7162469,-74.0334588,"3276",40.7145840353589,-74.042817056179,"Subscriber",1988,"Male"
"26301","2018-04-27 09:21:51.155","2018-04-27 09:31:42.372","3276",40.7145840353589,-74.042817056179,"3638",40.7242941,-74.0354826,"Subscriber",1982,"Male"
"26301","2018-05-07 22:21:06.555","2018-05-07 22:29:36.052","3195",40.7307426253066,-74.0637838840485,"3280",40.719282200707,-74.071261882782,"Subscriber",1953,"Female"
"26301","2018-05-08 10:13:56.242","2018-05-08 10:21:56.095","3280",40.719282200707,-74.071261882782,"3195",40.7307426253066,-74.0637838840485,"Subscriber",1953,"Female"
"26301","2018-05-08 17:56:41.874","2018-05-08 18:04:54.043","3195",40.7307426253066,-74.0637838840485,"3193",40.7246050998869,-74.0784059464931,"Subscriber",1984,"Male"
"26301","2018-05-10 06:31:19.829","2018-05-10 06:39:19.169","3193",40.7246050998869,-74.0784059464931,"3195",40.7307426253066,-74.0637838840485,"Subscriber",1984,"Male"
"26301","2018-05-10 18:03:14.643","2018-05-10 18:12:28.925","3195",40.7307426253066,-74.0637838840485,"3210",40.742677141,-74.051788633,"Subscriber",1984,"Male"
"26301","2018-05-11 10:57:29.453","2018-05-11 11:02:12.122","3210",40.742677141,-74.051788633,"3640",40.73367,-74.0625,"Subscriber",1978,"Male"
"26301","2018-05-11 17:58:45.016","2018-05-11 18:05:09.572","3640",40.73367,-74.0625,"3212",40.734785818,-74.050443636,"Subscriber",1986,"Female"
"26301","2018-05-12 18:02:32.008","2018-05-12 18:19:51.282","3212",40.734785818,-74.050443636,"3187",40.7211236,-74.03805095,"Customer",1996,"Male"
"26301","2018-05-17 07:30:52.006","2018-05-17 07:36:26.601","3187",40.7211236,-74.03805095,"3199",40.7287448,-74.0321082,"Subscriber",1992,"Female"
"26301","2018-05-17 22:32:56.27","2018-05-17 23:21:50.075","3199",40.7287448,-74.0321082,"3199",40.7287448,-74.0321082,"Customer",1986,"Male"
"26301","2018-05-18 17:43:35.214","2018-05-18 18:10:56.786","3199",40.7287448,-74.0321082,"3199",40.7287448,-74.0321082,"Subscriber",1977,"Female"
"26301","2018-05-20 11:10:31.765","2018-05-20 11:16:04.017","3199",40.7287448,-74.0321082,"3638",40.7242941,-74.0354826,"Subscriber",1994,"Female"
"26301","2018-05-20 11:39:14.438","2018-05-20 11:42:57.191","3638",40.7242941,-74.0354826,"3638",40.7242941,-74.0354826,"Subscriber",1989,"Female"
"26301","2018-05-20 11:51:39.094","2018-05-20 11:53:44.18","3638",40.7242941,-74.0354826,"3202",40.7272235,-74.0337589,"Subscriber",1989,"Female"
"26301","2018-05-20 12:02:04.863","2018-05-20 12:08:26.065","3202",40.7272235,-74.0337589,"3639",40.7192517,-74.034234,"Subscriber",1949,"Male"
"26301","2018-05-20 13:41:58.474","2018-05-20 13:53:43.577","3639",40.7192517,-74.034234,"3209",40.7241765,-74.0506564,"Customer",1992,"Male"
"26301","2018-05-20 20:05:31.948","2018-05-20 20:13:57.086","3209",40.7241765,-74.0506564,"3186",40.7195861164717,-74.0431174635887,"Subscriber",1989,"Male"
"26301","2018-05-20 20:25:21.45","2018-05-20 20:28:14.212","3186",40.7195861164717,-74.0431174635887,"3213",40.71848892,-74.047726625,"Subscriber",1962,"Male"
"26301","2018-05-21 06:39:53.714","2018-05-21 06:41:57.13","3213",40.71848892,-74.047726625,"3186",40.7195861164717,-74.0431174635887,"Subscriber",1970,"Male"
"26301","2018-05-23 08:53:31.666","2018-05-23 08:58:57.803","3276",40.7145840353589,-74.042817056179,"3183",40.7162469,-74.0334588,"Subscriber",1987,"Male"
"26301","2018-05-23 17:38:44.412","2018-05-23 17:44:49.659","3186",40.7195861164717,-74.0431174635887,"3269",40.7260117296463,-74.0503889322281,"Subscriber",1977,"Male"
"26301","2018-05-24 07:52:22.848","2018-05-24 07:57:16.946","3269",40.7260117296463,-74.0503889322281,"3273",40.72165072488,-74.0428841114044,"Subscriber",1987,"Male"
"26301","2018-05-24 08:26:33.117","2018-05-24 08:31:20.18","3273",40.72165072488,-74.0428841114044,"3183",40.7162469,-74.0334588,"Subscriber",1980,"Male"
"26301","2018-05-25 09:16:08.499","2018-05-25 09:26:24.61","3213",40.71848892,-74.047726625,"3183",40.7162469,-74.0334588,"Subscriber",1964,"Male"
"26301","2018-05-25 13:07:01.238","2018-05-25 13:12:04.589","3213",40.71848892,-74.047726625,"3184",40.7141454,-74.0335519,"Subscriber",1995,"Male"
"26301","2018-05-25 14:11:15.791","2018-05-25 14:15:48.562","3184",40.7141454,-74.0335519,"3267",40.7124188237569,-74.0385255217552,"Subscriber",1969,"Unknown"
"26301","2018-05-25 14:26:27.552","2018-05-25 14:30:11.034","3267",40.7124188237569,-74.0385255217552,"3183",40.7162469,-74.0334588,"Subscriber",1990,"Male"
"26301","2018-05-25 15:23:39.449","2018-05-25 15:27:36.804","3183",40.7162469,-74.0334588,"3267",40.7124188237569,-74.0385255217552,"Subscriber",1994,"Male"
"26301","2018-05-26 10:34:38.519","2018-05-26 10:36:52.396","3267",40.7124188237569,-74.0385255217552,"3184",40.7141454,-74.0335519,"Subscriber",1990,"Male"
"26301","2018-05-26 12:06:09.989","2018-05-26 12:53:21.576","3184",40.7141454,-74.0335519,"3184",40.7141454,-74.0335519,"Subscriber",1978,"Male"
"26301","2018-05-26 18:03:25.261","2018-05-26 18:59:46.43","3184",40.7141454,-74.0335519,"3192",40.7112423,-74.0557013,"Subscriber",1978,"Male"
"26301","2018-05-26 19:02:23.942","2018-05-26 19:15:19.674","3192",40.7112423,-74.0557013,"3184",40.7141454,-74.0335519,"Subscriber",1978,"Male"
"26301","2018-05-28 14:14:29.616","2018-05-28 14:46:08.56","3184",40.7141454,-74.0335519,"3183",40.7162469,-74.0334588,"Customer",1969,"Unknown"
"26301","2018-05-28 15:28:06.699","2018-05-28 15:40:26.278","3183",40.7162469,-74.0334588,"3638",40.7242941,-74.0354826,"Subscriber",1991,"Female"
"26301","2018-05-29 15:35:23.436","2018-05-29 15:58:56.009","3206",40.7311689,-74.0575736,"3199",40.7287448,-74.0321082,"Subscriber",1974,"Female"
"26301","2018-05-29 20:56:45.587","2018-05-29 21:04:45.629","3199",40.7287448,-74.0321082,"3203",40.727595966,-74.044247311,"Subscriber",1992,"Female"
"26301","2018-05-30 08:00:57.2","2018-05-30 08:05:42.776","3203",40.727595966,-74.044247311,"3186",40.7195861164717,-74.0431174635887,"Subscriber",1976,"Female"
"26301","2018-05-30 09:25:45.389","2018-05-30 09:32:07.51","3270",40.7252891078113,-74.0455716848373,"3202",40.7272235,-74.0337589,"Subscriber",1990,"Male"
"26301","2018-05-30 13:49:21.424","2018-05-30 13:54:34.802","3202",40.7272235,-74.0337589,"3639",40.7192517,-74.034234,"Subscriber",1980,"Male"
"26301","2018-05-31 07:58:54.689","2018-05-31 08:00:21.995","3639",40.7192517,-74.034234,"3183",40.7162469,-74.0334588,"Subscriber",1989,"Male"
"26301","2018-05-31 19:49:55.526","2018-05-31 19:57:16.281","3269",40.7260117296463,-74.0503889322281,"3205",40.7165397809919,-74.0496379137039,"Subscriber",1980,"Female"
"26301","2018-06-04 10:23:44.564","2018-06-04 10:29:10.14","3677",40.7275514673001,-74.0710607171059,"3195",40.7307426253066,-74.0637838840485,"Subscriber",1985,"Male"
"26301","2018-06-04 18:47:50.986","2018-06-04 18:55:11.322","3195",40.7307426253066,-74.0637838840485,"3280",40.719282200707,-74.071261882782,"Subscriber",1978,"Female"
"26301","2018-06-05 07:41:53.145","2018-06-05 07:49:48.929","3280",40.719282200707,-74.071261882782,"3195",40.7307426253066,-74.0637838840485,"Subscriber",1983,"Male"
"26301","2018-06-05 19:26:19.637","2018-06-05 19:34:02.764","3195",40.7307426253066,-74.0637838840485,"3194",40.7253399253558,-74.0676221251488,"Customer",1969,"Unknown"
"26301","2018-06-05 23:36:00.556","2018-06-05 23:38:14.841","3194",40.7253399253558,-74.0676221251488,"3679",40.722103786686,-74.0714550018311,"Subscriber",1993,"Male"
"26301","2018-06-06 08:46:54.79","2018-06-06 08:54:13.138","3679",40.722103786686,-74.0714550018311,"3195",40.7307426253066,-74.0637838840485,"Subscriber",1992,"Male"
"26301","2018-06-06 19:11:01.569","2018-06-06 19:19:06.156","3195",40.7307426253066,-74.0637838840485,"3210",40.742677141,-74.051788633,"Subscriber",1987,"Male"
"26301","2018-06-07 08:27:48.011","2018-06-07 08:30:16.164","3210",40.742677141,-74.051788633,"3210",40.742677141,-74.051788633,"Customer",1990,"Male"
"26301","2018-06-07 08:47:03.224","2018-06-07 08:54:32.982","3210",40.742677141,-74.051788633,"3640",40.73367,-74.0625,"Subscriber",1985,"Male"
"26301","2018-06-07 12:43:20.621","2018-06-07 12:54:10.825","3640",40.73367,-74.0625,"3206",40.7311689,-74.0575736,"Subscriber",1969,"Unknown"
"26301","2018-06-07 14:13:26.994","2018-06-07 14:24:39.052","3206",40.7311689,-74.0575736,"3210",40.742677141,-74.051788633,"Subscriber",1987,"Male"
"26301","2018-06-08 10:04:27.895","2018-06-08 10:25:41.709","3210",40.742677141,-74.051788633,"3211",40.72152515,-74.046304543,"Customer",1969,"Unknown"
"26301","2018-06-08 21:17:19.394","2018-06-08 21:25:53.201","3211",40.72152515,-74.046304543,"3202",40.7272235,-74.0337589,"Subscriber",1993,"Female"
"26301","2018-06-08 22:06:55.92","2018-06-08 22:13:32.752","3202",40.7272235,-74.0337589,"3203",40.727595966,-74.044247311,"Subscriber",1981,"Female"
"26301","2018-06-08 22:30:54.733","2018-06-08 22:37:42.539","3203",40.727595966,-74.044247311,"3209",40.7241765,-74.0506564,"Subscriber",1993,"Female"
"26301","2018-06-09 13:06:03.622","2018-06-09 13:10:54.369","3209",40.7241765,-74.0506564,"3186",40.7195861164717,-74.0431174635887,"Subscriber",1996,"Male"
"26301","2018-06-09 13:16:52.395","2018-06-09 13:20:49.082","3186",40.7195861164717,-74.0431174635887,"3276",40.7145840353589,-74.042817056179,"Subscriber",1985,"Female"
"26301","2018-06-09 17:49:44.019","2018-06-09 17:58:00.925","3276",40.7145840353589,-74.042817056179,"3203",40.727595966,-74.044247311,"Customer",1969,"Unknown"
"26301","2018-06-10 15:34:16.201","2018-06-10 15:49:12.437","3203",40.727595966,-74.044247311,"3201",40.737711,-74.066921,"Subscriber",1986,"Male"
"26301","2018-06-13 21:21:43.157","2018-06-13 21:27:44.27","3206",40.7311689,-74.0575736,"3225",40.7236589,-74.0641943,"Subscriber",1995,"Male"
"26301","2018-06-14 05:28:39.564","2018-06-14 05:37:44.444","3225",40.7236589,-74.0641943,"3183",40.7162469,-74.0334588,"Subscriber",1995,"Male"
"26301","2018-06-14 20:13:16.426","2018-06-14 20:26:33.662","3183",40.7162469,-74.0334588,"3203",40.727595966,-74.044247311,"Subscriber",1956,"Male"
"26301","2018-06-15 08:26:37.028","2018-06-15 08:30:17.913","3203",40.727595966,-74.044247311,"3186",40.7195861164717,-74.0431174635887,"Subscriber",1984,"Male"
"26301","2018-06-15 20:37:46.574","2018-06-15 20:43:24.32","3186",40.7195861164717,-74.0431174635887,"3270",40.7252891078113,-74.0455716848373,"Subscriber",1960,"Male"
"26301","2018-06-16 09:43:52.825","2018-06-16 09:47:53.816","3270",40.7252891078113,-74.0455716848373,"3186",40.7195861164717,-74.0431174635887,"Subscriber",1961,"Female"
"26301","2018-06-16 13:42:55.182","2018-06-16 13:56:53.725","3186",40.7195861164717,-74.0431174635887,"3270",40.7252891078113,-74.0455716848373,"Subscriber",1981,"Male"
"26301","2018-06-16 18:30:02.473","2018-06-16 18:47:37.846","3270",40.7252891078113,-74.0455716848373,"3198",40.7487159453802,-74.0404433012009,"Customer",1969,"Unknown"
"26301","2018-06-16 19:16:33.242","2018-06-16 19:39:00.262","3198",40.7487159453802,-74.0404433012009,"3202",40.7272235,-74.0337589,"Subscriber",1991,"Female"
"26301","2018-06-16 19:40:09.004","2018-06-16 19:58:36.546","3202",40.7272235,-74.0337589,"3220",40.7349610200095,-74.0595030784607,"Customer",1989,"Male"
"26301","2018-06-16 20:47:09.788","2018-06-16 21:06:44.473","3220",40.7349610200095,-74.0595030784607,"3198",40.7487159453802,-74.0404433012009,"Subscriber",1991,"Male"
"26301","2018-06-17 16:22:57.703","2018-06-17 16:25:51.007","3198",40.7487159453802,-74.0404433012009,"3196",40.7443187,-74.0439909,"Subscriber",1969,"Unknown"
"26301","2018-06-18 07:40:26.788","2018-06-18 07:43:01.283","3196",40.7443187,-74.0439909,"3198",40.7487159453802,-74.0404433012009,"Subscriber",1989,"Male"
"26301","2018-06-18 07:54:44.89","2018-06-18 08:03:08.782","3198",40.7487159453802,-74.0404433012009,"3281",40.7459099663156,-74.0572714805603,"Subscriber",1956,"Male"
"26301","2018-06-18 08:06:00.302","2018-06-18 08:27:12.951","3281",40.7459099663156,-74.0572714805603,"3183",40.7162469,-74.0334588,"Subscriber",1976,"Male"
"26301","2018-06-18 11:28:26.584","2018-06-18 11:35:36.503","3267",40.7124188237569,-74.0385255217552,"3213",40.71848892,-74.047726625,"Subscriber",1967,"Female"
"26301","2018-06-18 11:38:14.646","2018-06-18 11:40:25.675","3213",40.71848892,-74.047726625,"3186",40.7195861164717,-74.0431174635887,"Subscriber",1977,"Male"
"26301","2018-06-18 17:23:26.894","2018-06-18 17:29:53.809","3186",40.7195861164717,-74.0431174635887,"3209",40.7241765,-74.0506564,"Subscriber",1981,"Female"
"26301","2018-06-19 07:18:32.124","2018-06-19 07:22:28.564","3209",40.7241765,-74.0506564,"3186",40.7195861164717,-74.0431174635887,"Subscriber",1989,"Female"
"26301","2018-06-19 08:27:02.092","2018-06-19 08:32:16.828","3267",40.7124188237569,-74.0385255217552,"3275",40.7183551982321,-74.0389144420624,"Subscriber",1988,"Female"
"26301","2018-06-19 08:37:05.714","2018-06-19 08:41:57.43","3275",40.7183551982321,-74.0389144420624,"3214",40.7127742,-74.0364857,"Subscriber",1986,"Male"
"26301","2018-06-22 08:18:22.803","2018-06-22 08:25:27.803","3267",40.7124188237569,-74.0385255217552,"3186",40.7195861164717,-74.0431174635887,"Subscriber",1981,"Female"
"26301","2018-06-22 12:09:53.834","2018-06-22 12:17:56.497","3213",40.71848892,-74.047726625,"3214",40.7127742,-74.0364857,"Subscriber",1982,"Male"
"26301","2018-06-25 18:16:34.29","2018-06-25 18:22:24.703","3214",40.7127742,-74.0364857,"3186",40.7195861164717,-74.0431174635887,"Subscriber",1986,"Female"
"26301","2018-06-25 18:59:58.365","2018-06-25 19:04:13.156","3186",40.7195861164717,-74.0431174635887,"3276",40.7145840353589,-74.042817056179,"Subscriber",1980,"Male"
"26301","2018-06-26 17:21:22.989","2018-06-26 17:25:12.058","3276",40.7145840353589,-74.042817056179,"3186",40.7195861164717,-74.0431174635887,"Subscriber",1970,"Male"
"26301","2018-06-26 17:43:25.564","2018-06-26 17:49:07.363","3186",40.7195861164717,-74.0431174635887,"3276",40.7145840353589,-74.042817056179,"Subscriber",1965,"Male"
"26301","2018-06-27 08:11:50.882","2018-06-27 08:17:32.641","3276",40.7145840353589,-74.042817056179,"3184",40.7141454,-74.0335519,"Subscriber",1965,"Male"
"26301","2018-06-27 12:54:40.323","2018-06-27 14:05:01.908","3184",40.7141454,-74.0335519,"3184",40.7141454,-74.0335519,"Customer",1969,"Unknown"
"26301","2018-06-27 16:37:28.986","2018-06-27 16:40:19.538","3184",40.7141454,-74.0335519,"3267",40.7124188237569,-74.0385255217552,"Subscriber",1983,"Male"
"26301","2018-06-27 18:57:18.583","2018-06-27 19:00:08.151","3183",40.7162469,-74.0334588,"3639",40.7192517,-74.034234,"Subscriber",1992,"Male"
"26301","2018-06-27 20:34:20.422","2018-06-27 20:41:28.888","3639",40.7192517,-74.034234,"3186",40.7195861164717,-74.0431174635887,"Subscriber",1969,"Unknown"
"26301","2018-06-27 20:43:20.804","2018-06-27 20:46:18.11","3186",40.7195861164717,-74.0431174635887,"3213",40.71848892,-74.047726625,"Subscriber",1984,"Male"
"26301","2018-06-28 08:51:56.747","2018-06-28 08:54:18.753","3213",40.71848892,-74.047726625,"3186",40.7195861164717,-74.0431174635887,"Subscriber",1962,"Male"
"26301","2018-06-28 18:52:48.066","2018-06-28 18:57:11.784","3184",40.7141454,-74.0335519,"3276",40.7145840353589,-74.042817056179,"Subscriber",1987,"Male"
"26301","2018-06-28 19:53:55.026","2018-06-28 21:05:17.15","3276",40.7145840353589,-74.042817056179,"3276",40.7145840353589,-74.042817056179,"Subscriber",1991,"Male"
"26301","2018-06-29 09:15:59.218","2018-06-29 09:20:27.355","3276",40.7145840353589,-74.042817056179,"3186",40.7195861164717,-74.0431174635887,"Subscriber",1987,"Male"
"26301","2018-06-30 00:40:17.683","2018-06-30 00:45:16.918","3186",40.7195861164717,-74.0431174635887,"3270",40.7252891078113,-74.0455716848373,"Subscriber",1992,"Female"
"26301","2018-06-30 07:24:48.95","2018-06-30 07:27:51.557","3270",40.7252891078113,-74.0455716848373,"3186",40.7195861164717,-74.0431174635887,"Subscriber",1992,"Female"
"26301","2018-06-30 12:30:09.636","2018-06-30 12:41:29.704","3186",40.7195861164717,-74.0431174635887,"3273",40.72165072488,-74.0428841114044,"Subscriber",1965,"Male"
"26301","2018-06-30 14:13:52.711","2018-06-30 14:16:34.211","3273",40.72165072488,-74.0428841114044,"3203",40.727595966,-74.044247311,"Subscriber",1989,"Male"
"26301","2018-07-01 12:15:16.689","2018-07-01 12:19:24.995","3203",40.727595966,-74.044247311,"3273",40.72165072488,-74.0428841114044,"Subscriber",1956,"Male"
"26301","2018-07-01 12:49:32.559","2018-07-01 13:07:51.803","3273",40.72165072488,-74.0428841114044,"3199",40.7287448,-74.0321082,"Subscriber",1971,"Male"
"26301","2018-07-01 16:43:51.384","2018-07-01 17:05:33.639","3199",40.7287448,-74.0321082,"3267",40.7124188237569,-74.0385255217552,"Customer",1981,"Male"
"26301","2018-07-01 17:33:54.505","2018-07-01 17:39:58.311","3267",40.7124188237569,-74.0385255217552,"3187",40.7211236,-74.03805095,"Subscriber",1984,"Male"
"26301","2018-07-02 06:12:21.819","2018-07-02 06:16:36.815","3187",40.7211236,-74.03805095,"3183",40.7162469,-74.0334588,"Subscriber",1969,"Unknown"
"26301","2018-07-02 08:27:53.095","2018-07-02 08:31:34.515","3267",40.7124188237569,-74.0385255217552,"3183",40.7162469,-74.0334588,"Subscriber",1955,"Male"
"26301","2018-07-02 16:01:14.114","2018-07-02 16:07:04.434","3678",40.7257261374256,-74.0719592571259,"3195",40.7307426253066,-74.0637838840485,"Subscriber",1992,"Male"
"26301","2018-07-02 17:37:00.319","2018-07-02 17:43:03.902","3195",40.7307426253066,-74.0637838840485,"3678",40.7257261374256,-74.0719592571259,"Subscriber",1984,"Male"
"26301","2018-07-02 20:54:15.055","2018-07-02 20:59:28.421","3195",40.7307426253066,-74.0637838840485,"3280",40.719282200707,-74.071261882782,"Subscriber",1987,"Male"
"26301","2018-07-04 11:18:57.963","2018-07-04 11:25:24.464","3267",40.7124188237569,-74.0385255217552,"3211",40.72152515,-74.046304543,"Subscriber",1955,"Male"
"26301","2018-07-04 14:05:49.822","2018-07-04 14:10:34.717","3211",40.72152515,-74.046304543,"3187",40.7211236,-74.03805095,"Subscriber",1959,"Female"
"26301","2018-07-05 05:24:30.471","2018-07-05 05:29:42.121","3187",40.7211236,-74.03805095,"3203",40.727595966,-74.044247311,"Subscriber",1987,"Male"
"26301","2018-07-05 08:53:37.994","2018-07-05 08:58:00.235","3203",40.727595966,-74.044247311,"3186",40.7195861164717,-74.0431174635887,"Subscriber",1974,"Male"
"26301","2018-07-05 10:38:34.441","2018-07-05 10:42:59.638","3267",40.7124188237569,-74.0385255217552,"3186",40.7195861164717,-74.0431174635887,"Subscriber",1993,"Male"
"26301","2018-07-05 20:20:56.02","2018-07-05 20:24:52.278","3186",40.7195861164717,-74.0431174635887,"3203",40.727595966,-74.044247311,"Subscriber",1983,"Male"
"26301","2018-07-06 08:07:50.793","2018-07-06 08:12:55.276","3203",40.727595966,-74.044247311,"3186",40.7195861164717,-74.0431174635887,"Subscriber",1986,"Male"
"26301","2018-07-06 09:30:36.496","2018-07-06 09:35:37.793","3203",40.727595966,-74.044247311,"3186",40.7195861164717,-74.0431174635887,"Subscriber",1968,"Male"
"26301","2018-07-06 11:34:21.127","2018-07-06 11:39:06.869","3679",40.722103786686,-74.0714550018311,"3195",40.7307426253066,-74.0637838840485,"Subscriber",1973,"Female"
"26301","2018-07-06 15:03:01.795","2018-07-06 15:11:08.159","3195",40.7307426253066,-74.0637838840485,"3280",40.719282200707,-74.071261882782,"Subscriber",1960,"Male"
"26301","2018-07-10 13:26:19.069","2018-07-10 13:32:18.99","3280",40.719282200707,-74.071261882782,"3268",40.7134638266919,-74.0628585219383,"Subscriber",1960,"Male"
"26301","2018-07-10 14:46:59.705","2018-07-10 14:57:53.199","3268",40.7134638266919,-74.0628585219383,"3194",40.7253399253558,-74.0676221251488,"Subscriber",1960,"Male"
"26301","2018-07-11 08:11:09.435","2018-07-11 08:15:11.923","3194",40.7253399253558,-74.0676221251488,"3195",40.7307426253066,-74.0637838840485,"Subscriber",1970,"Male"
"26301","2018-07-11 08:48:56.184","2018-07-11 09:04:13.343","3195",40.7307426253066,-74.0637838840485,"3639",40.7192517,-74.034234,"Subscriber",1969,"Male"
"26301","2018-07-11 12:24:00.551","2018-07-11 12:30:05.347","3639",40.7192517,-74.034234,"3272",40.7233315864644,-74.0459525585174,"Subscriber",1976,"Male"
"26301","2018-07-11 19:40:47.115","2018-07-11 19:43:41.696","3272",40.7233315864644,-74.0459525585174,"3203",40.727595966,-74.044247311,"Subscriber",1968,"Male"
"26301","2018-07-11 20:13:02.934","2018-07-11 20:15:47.144","3203",40.727595966,-74.044247311,"3272",40.7233315864644,-74.0459525585174,"Subscriber",1982,"Male"
"26301","2018-07-11 20:17:56.678","2018-07-11 20:26:58.765","3272",40.7233315864644,-74.0459525585174,"3213",40.71848892,-74.047726625,"Subscriber",1982,"Male"
"26301","2018-07-11 21:06:35.681","2018-07-11 21:48:21.161","3213",40.71848892,-74.047726625,"3272",40.7233315864644,-74.0459525585174,"Subscriber",1959,"Female"
"26301","2018-07-12 00:46:52.108","2018-07-12 00:49:50.153","3272",40.7233315864644,-74.0459525585174,"3269",40.7260117296463,-74.0503889322281,"Subscriber",1979,"Male"
"26301","2018-07-12 08:27:52.492","2018-07-12 08:32:22.357","3269",40.7260117296463,-74.0503889322281,"3186",40.7195861164717,-74.0431174635887,"Subscriber",1984,"Male"
"26301","2018-07-12 09:00:24.892","2018-07-12 09:03:25.651","3270",40.7252891078113,-74.0455716848373,"3186",40.7195861164717,-74.0431174635887,"Subscriber",1975,"Male"
"26301","2018-07-12 09:21:17.662","2018-07-12 09:22:29.501","3278",40.725685483629,-74.0487903356552,"3278",40.725685483629,-74.0487903356552,"Subscriber",1974,"Female"
"26301","2018-07-12 09:22:38.742","2018-07-12 09:30:46.258","3278",40.725685483629,-74.0487903356552,"3205",40.7165397809919,-74.0496379137039,"Subscriber",1974,"Female"
"26301","2018-07-12 16:04:34.64","2018-07-12 16:52:36.268","3205",40.7165397809919,-74.0496379137039,"3276",40.7145840353589,-74.042817056179,"Customer",1969,"Unknown"
"26301","2018-07-12 17:04:32.533","2018-07-12 17:11:20.572","3276",40.7145840353589,-74.042817056179,"3213",40.71848892,-74.047726625,"Customer",1969,"Unknown"
"26301","2018-07-12 18:02:26.2","2018-07-12 18:14:26.462","3213",40.71848892,-74.047726625,"3206",40.7311689,-74.0575736,"Subscriber",1989,"Male"
"26301","2018-07-12 19:08:39.401","2018-07-12 19:16:50.138","3206",40.7311689,-74.0575736,"3212",40.734785818,-74.050443636,"Subscriber",1992,"Male"
"26301","2018-07-13 09:07:42.689","2018-07-13 09:14:40.093","3212",40.734785818,-74.050443636,"3198",40.7487159453802,-74.0404433012009,"Subscriber",1988,"Male"
"26301","2018-07-13 16:38:33.93","2018-07-13 20:14:18.504","3198",40.7487159453802,-74.0404433012009,"3198",40.7487159453802,-74.0404433012009,"Customer",1969,"Unknown"
"26301","2018-07-15 19:19:07.327","2018-07-15 19:40:31.117","3198",40.7487159453802,-74.0404433012009,"3185",40.7177325,-74.043845,"Customer",1969,"Unknown"
"26301","2018-07-16 00:07:57.464","2018-07-16 00:11:20.148","3185",40.7177325,-74.043845,"3481",40.71649,-74.04105,"Subscriber",1962,"Male"
"26301","2018-07-16 07:53:14.043","2018-07-16 11:45:46.773","3481",40.71649,-74.04105,"3638",40.7242941,-74.0354826,"Customer",1969,"Unknown"
"26301","2018-07-16 11:49:06.621","2018-07-16 13:28:38.11","3638",40.7242941,-74.0354826,"3481",40.71649,-74.04105,"Customer",1969,"Unknown"
"26301","2018-07-16 16:27:31.846","2018-07-16 17:00:35.109","3481",40.71649,-74.04105,"3199",40.7287448,-74.0321082,"Subscriber",1985,"Male"
"26301","2018-07-16 18:07:40.465","2018-07-16 18:10:34.364","3199",40.7287448,-74.0321082,"3202",40.7272235,-74.0337589,"Subscriber",1987,"Female"
"26301","2018-07-16 18:27:59.277","2018-07-16 18:34:26.874","3202",40.7272235,-74.0337589,"3203",40.727595966,-74.044247311,"Subscriber",1975,"Male"
"26301","2018-07-17 11:53:20.736","2018-07-17 11:56:37.921","3194",40.7253399253558,-74.0676221251488,"3679",40.722103786686,-74.0714550018311,"Subscriber",1994,"Male"
"26301","2018-07-18 07:05:12.942","2018-07-18 07:15:16.319","3679",40.722103786686,-74.0714550018311,"3213",40.71848892,-74.047726625,"Subscriber",1994,"Male"
"26301","2018-07-18 08:19:06.653","2018-07-18 08:21:50.283","3213",40.71848892,-74.047726625,"3186",40.7195861164717,-74.0431174635887,"Subscriber",1988,"Male"
"26301","2018-07-18 17:58:34.52","2018-07-18 18:06:11.807","3186",40.7195861164717,-74.0431174635887,"3481",40.71649,-74.04105,"Subscriber",1989,"Female"
"26301","2018-07-19 08:31:25.371","2018-07-19 08:39:03.469","3481",40.71649,-74.04105,"3202",40.7272235,-74.0337589,"Subscriber",1990,"Male"
"26301","2018-07-19 18:43:50.328","2018-07-19 18:46:41.91","3269",40.7260117296463,-74.0503889322281,"3272",40.7233315864644,-74.0459525585174,"Subscriber",1992,"Female"
"26301","2018-07-19 18:58:28.969","2018-07-19 19:01:23.878","3272",40.7233315864644,-74.0459525585174,"3278",40.725685483629,-74.0487903356552,"Subscriber",1992,"Female"
"26301","2018-07-19 19:25:21.666","2018-07-19 19:46:00.231","3278",40.725685483629,-74.0487903356552,"3183",40.7162469,-74.0334588,"Subscriber",1988,"Female"
"26301","2018-07-19 21:14:57.322","2018-07-19 21:41:52.873","3183",40.7162469,-74.0334588,"3183",40.7162469,-74.0334588,"Subscriber",1981,"Male"
"26301","2018-07-19 22:36:04.312","2018-07-19 22:49:48.317","3183",40.7162469,-74.0334588,"3192",40.7112423,-74.0557013,"Subscriber",1978,"Male"
"26301","2018-07-19 23:17:07.893","2018-07-19 23:29:59.254","3192",40.7112423,-74.0557013,"3183",40.7162469,-74.0334588,"Subscriber",1990,"Female"
"26301","2018-07-19 23:31:04.567","2018-07-19 23:37:12.301","3183",40.7162469,-74.0334588,"3214",40.7127742,-74.0364857,"Subscriber",1969,"Unknown"
"26301","2018-07-20 08:38:28.468","2018-07-20 08:42:12.624","3214",40.7127742,-74.0364857,"3183",40.7162469,-74.0334588,"Subscriber",1979,"Female"
"26301","2018-07-20 19:02:26.066","2018-07-20 19:07:24.128","3183",40.7162469,-74.0334588,"3187",40.7211236,-74.03805095,"Subscriber",1976,"Male"
"26301","2018-07-20 19:30:38.089","2018-07-20 19:34:14.204","3187",40.7211236,-74.03805095,"3183",40.7162469,-74.0334588,"Subscriber",1972,"Male"
"26301","2018-07-20 20:23:46.466","2018-07-20 20:27:30.828","3183",40.7162469,-74.0334588,"3187",40.7211236,-74.03805095,"Subscriber",1990,"Male"
"26301","2018-07-20 21:50:48.231","2018-07-20 21:54:43.044","3187",40.7211236,-74.03805095,"3186",40.7195861164717,-74.0431174635887,"Subscriber",1993,"Male"
"26301","2018-07-20 22:33:08.067","2018-07-20 22:39:28.618","3186",40.7195861164717,-74.0431174635887,"3481",40.71649,-74.04105,"Subscriber",1957,"Male"
"26301","2018-07-21 09:58:42.197","2018-07-21 10:02:56.08","3481",40.71649,-74.04105,"3184",40.7141454,-74.0335519,"Subscriber",1978,"Male"
"26301","2018-07-21 13:27:41.768","2018-07-21 14:21:48.881","3184",40.7141454,-74.0335519,"3214",40.7127742,-74.0364857,"Customer",1993,"Female"
"26301","2018-07-21 19:27:58.342","2018-07-21 19:31:09.705","3186",40.7195861164717,-74.0431174635887,"3279",40.7216301426384,-74.0499678254128,"Customer",1984,"Female"
"26301","2018-07-22 08:52:10.235","2018-07-22 08:57:29.322","3279",40.7216301426384,-74.0499678254128,"3213",40.71848892,-74.047726625,"Subscriber",1986,"Male"
"26301","2018-07-23 18:50:14.3","2018-07-23 18:57:37.93","3213",40.71848892,-74.047726625,"3225",40.7236589,-74.0641943,"Subscriber",1986,"Female"
"26301","2018-07-24 08:24:23.36","2018-07-24 08:35:10.117","3225",40.7236589,-74.0641943,"3183",40.7162469,-74.0334588,"Subscriber",1994,"Male"
"26301","2018-07-24 10:12:38.803","2018-07-24 10:17:30.546","3203",40.727595966,-74.044247311,"3186",40.7195861164717,-74.0431174635887,"Subscriber",1986,"Male"
"26301","2018-07-25 07:40:29.536","2018-07-25 07:44:35.34","3207",40.7376037,-74.0524783,"3640",40.73367,-74.0625,"Subscriber",1986,"Male"
"26301","2018-07-25 21:12:07.625","2018-07-25 21:18:59.491","3640",40.73367,-74.0625,"3207",40.7376037,-74.0524783,"Subscriber",1979,"Male"
"26301","2018-07-26 07:53:36.26","2018-07-26 08:09:59.806","3207",40.7376037,-74.0524783,"3202",40.7272235,-74.0337589,"Subscriber",1982,"Male"
"26301","2018-07-26 09:57:06.66","2018-07-26 10:00:29.883","3278",40.725685483629,-74.0487903356552,"3186",40.7195861164717,-74.0431174635887,"Subscriber",1987,"Male"
"26301","2018-07-26 11:41:16.63","2018-07-26 11:48:34.405","3211",40.72152515,-74.046304543,"3206",40.7311689,-74.0575736,"Subscriber",1963,"Male"
"26301","2018-07-26 13:01:41.427","2018-07-26 13:10:24.999","3206",40.7311689,-74.0575736,"3211",40.72152515,-74.046304543,"Subscriber",1963,"Male"
"26301","2018-07-26 19:37:50.687","2018-07-26 19:48:23.994","3211",40.72152515,-74.046304543,"3206",40.7311689,-74.0575736,"Subscriber",1973,"Male"
"26301","2018-07-27 10:04:59.818","2018-07-27 10:12:31.699","3206",40.7311689,-74.0575736,"3279",40.7216301426384,-74.0499678254128,"Customer",1969,"Unknown"
"26301","2018-07-27 10:23:17.622","2018-07-27 10:28:40.141","3279",40.7216301426384,-74.0499678254128,"3186",40.7195861164717,-74.0431174635887,"Subscriber",1987,"Female"
"26301","2018-07-27 12:32:18.181","2018-07-27 12:38:52.482","3225",40.7236589,-74.0641943,"3206",40.7311689,-74.0575736,"Subscriber",1986,"Male"
"26301","2018-07-29 15:35:50.115","2018-07-29 15:42:19.095","3206",40.7311689,-74.0575736,"3203",40.727595966,-74.044247311,"Subscriber",1988,"Female"
"26301","2018-07-30 07:58:52.361","2018-07-30 08:09:33.68","3203",40.727595966,-74.044247311,"3186",40.7195861164717,-74.0431174635887,"Subscriber",1973,"Male"
"26301","2018-07-30 18:47:55.964","2018-07-30 18:55:52.319","3186",40.7195861164717,-74.0431174635887,"3269",40.7260117296463,-74.0503889322281,"Subscriber",1974,"Male"
"26301","2018-07-30 19:52:21.587","2018-07-30 19:55:15.506","3186",40.7195861164717,-74.0431174635887,"3213",40.71848892,-74.047726625,"Subscriber",1984,"Male"
"26301","2018-07-30 21:09:59.971","2018-07-30 21:18:21.471","3213",40.71848892,-74.047726625,"3277",40.7143583687043,-74.0666109323502,"Subscriber",1989,"Male"
"26301","2018-07-31 17:56:41.471","2018-07-31 18:15:55.207","3277",40.7143583687043,-74.0666109323502,"3199",40.7287448,-74.0321082,"Subscriber",1986,"Male"
"26301","2018-07-31 23:07:11.99","2018-07-31 23:17:37.2","3199",40.7287448,-74.0321082,"3275",40.7183551982321,-74.0389144420624,"Subscriber",1992,"Female"
"26301","2018-08-01 09:36:19.599","2018-08-01 09:40:59.648","3275",40.7183551982321,-74.0389144420624,"3638",40.7242941,-74.0354826,"Subscriber",1976,"Female"
"26301","2018-08-01 17:42:21.802","2018-08-01 17:45:42.237","3638",40.7242941,-74.0354826,"3639",40.7192517,-74.034234,"Subscriber",1981,"Male"
"26301","2018-08-01 17:56:49.209","2018-08-01 18:13:36.237","3639",40.7192517,-74.034234,"3186",40.7195861164717,-74.0431174635887,"Subscriber",1978,"Female"
"26301","2018-08-01 18:13:56.564","2018-08-01 18:16:23.246","3186",40.7195861164717,-74.0431174635887,"3279",40.7216301426384,-74.0499678254128,"Subscriber",1981,"Male"
"26301","2018-08-01 18:44:35.62","2018-08-01 19:22:37.2","3279",40.7216301426384,-74.0499678254128,"3211",40.72152515,-74.046304543,"Customer",1969,"Unknown"
"26301","2018-08-01 19:55:30.462","2018-08-01 20:07:49.203","3211",40.72152515,-74.046304543,"3202",40.7272235,-74.0337589,"Subscriber",1980,"Female"
"26301","2018-08-01 20:43:51.883","2018-08-01 20:48:15.067","3202",40.7272235,-74.0337589,"3187",40.7211236,-74.03805095,"Subscriber",1978,"Male"
"26301","2018-08-01 21:49:31.236","2018-08-01 22:05:19.85","3187",40.7211236,-74.03805095,"3187",40.7211236,-74.03805095,"Subscriber",1988,"Male"
"26301","2018-08-02 05:24:22.771","2018-08-02 06:44:41.12","3187",40.7211236,-74.03805095,"3277",40.7143583687043,-74.0666109323502,"Subscriber",1987,"Female"
"26301","2018-08-02 06:59:19.948","2018-08-02 07:08:47.3","3277",40.7143583687043,-74.0666109323502,"3186",40.7195861164717,-74.0431174635887,"Subscriber",1984,"Female"
"26301","2018-08-02 08:04:55.236","2018-08-02 08:08:00.591","3270",40.7252891078113,-74.0455716848373,"3273",40.72165072488,-74.0428841114044,"Subscriber",1970,"Male"
"26301","2018-08-02 22:49:55.338","2018-08-02 22:52:59.96","3273",40.72165072488,-74.0428841114044,"3278",40.725685483629,-74.0487903356552,"Subscriber",1985,"Male"
"26301","2018-08-03 06:21:35.998","2018-08-03 06:24:54.338","3278",40.725685483629,-74.0487903356552,"3186",40.7195861164717,-74.0431174635887,"Subscriber",1985,"Male"
"26301","2018-08-03 07:52:16.445","2018-08-03 08:03:39.507","3207",40.7376037,-74.0524783,"3202",40.7272235,-74.0337589,"Subscriber",1993,"Male"
"26301","2018-08-03 09:15:21.452","2018-08-03 09:17:29.667","3270",40.7252891078113,-74.0455716848373,"3211",40.72152515,-74.046304543,"Subscriber",1992,"Female"
"26301","2018-08-03 09:21:07.367","2018-08-03 09:23:03.665","3211",40.72152515,-74.046304543,"3186",40.7195861164717,-74.0431174635887,"Subscriber",1977,"Male"
"26301","2018-08-03 13:41:45.287","2018-08-03 13:46:07.179","3186",40.7195861164717,-74.0431174635887,"3276",40.7145840353589,-74.042817056179,"Subscriber",1969,"Unknown"
"26301","2018-08-03 15:54:15.286","2018-08-03 15:58:32.633","3276",40.7145840353589,-74.042817056179,"3187",40.7211236,-74.03805095,"Subscriber",1991,"Male"
"26301","2018-08-03 18:20:06.194","2018-08-03 18:25:00.414","3187",40.7211236,-74.03805095,"3209",40.7241765,-74.0506564,"Subscriber",1989,"Male"
"26301","2018-08-03 19:09:19.273","2018-08-03 19:14:43.061","3209",40.7241765,-74.0506564,"3203",40.727595966,-74.044247311,"Subscriber",1989,"Male"
"26301","2018-08-03 19:35:01.575","2018-08-03 19:37:59.988","3203",40.727595966,-74.044247311,"3272",40.7233315864644,-74.0459525585174,"Subscriber",1980,"Male"
"26301","2018-08-05 09:34:52.814","2018-08-05 09:41:01.977","3207",40.7376037,-74.0524783,"3269",40.7260117296463,-74.0503889322281,"Subscriber",1989,"Male"
"26301","2018-08-06 08:22:10.918","2018-08-06 08:27:42.377","3269",40.7260117296463,-74.0503889322281,"3186",40.7195861164717,-74.0431174635887,"Subscriber",1986,"Male"
"26301","2018-08-06 09:02:16.714","2018-08-06 09:06:23.548","3186",40.7195861164717,-74.0431174635887,"3183",40.7162469,-74.0334588,"Subscriber",1989,"Male"
"26301","2018-08-06 13:43:37.126","2018-08-06 13:47:11.112","3203",40.727595966,-74.044247311,"3211",40.72152515,-74.046304543,"Subscriber",1974,"Male"
"26301","2018-08-06 14:38:54.215","2018-08-06 14:43:41.321","3211",40.72152515,-74.046304543,"3205",40.7165397809919,-74.0496379137039,"Subscriber",1988,"Male"
"26301","2018-08-06 19:44:49.639","2018-08-06 19:50:11.217","3186",40.7195861164717,-74.0431174635887,"3276",40.7145840353589,-74.042817056179,"Subscriber",1991,"Female"
"26301","2018-08-06 20:27:06.352","2018-08-06 20:30:52.236","3183",40.7162469,-74.0334588,"3267",40.7124188237569,-74.0385255217552,"Subscriber",1985,"Male"
"26301","2018-08-07 06:31:37.569","2018-08-07 06:36:36.595","3267",40.7124188237569,-74.0385255217552,"3183",40.7162469,-74.0334588,"Subscriber",1983,"Male"
"26301","2018-08-07 08:37:00.973","2018-08-07 08:39:48.07","3272",40.7233315864644,-74.0459525585174,"3186",40.7195861164717,-74.0431174635887,"Subscriber",1956,"Female"
"26301","2018-08-07 17:53:21.068","2018-08-07 17:55:26.793","3186",40.7195861164717,-74.0431174635887,"3213",40.71848892,-74.047726625,"Subscriber",1989,"Male"
"26301","2018-08-07 20:25:54.554","2018-08-07 20:33:12.008","3195",40.7307426253066,-74.0637838840485,"3212",40.734785818,-74.050443636,"Subscriber",1986,"Female"
"26301","2018-08-09 08:27:03.599","2018-08-09 08:33:59.856","3212",40.734785818,-74.050443636,"3640",40.73367,-74.0625,"Subscriber",1991,"Female"
"26301","2018-08-09 19:55:59.388","2018-08-09 20:04:57.812","3640",40.73367,-74.0625,"3212",40.734785818,-74.050443636,"Subscriber",1990,"Male"
"26301","2018-08-10 09:48:26.87","2018-08-10 09:59:19.329","3212",40.734785818,-74.050443636,"3186",40.7195861164717,-74.0431174635887,"Subscriber",1989,"Female"
"26301","2018-08-10 18:04:10.271","2018-08-10 18:09:50.247","3186",40.7195861164717,-74.0431174635887,"3267",40.7124188237569,-74.0385255217552,"Subscriber",1990,"Male"
"26301","2018-08-10 20:33:56.095","2018-08-10 20:42:55.216","3639",40.7192517,-74.034234,"3186",40.7195861164717,-74.0431174635887,"Subscriber",1957,"Male"
"26301","2018-08-10 20:54:30.541","2018-08-10 20:58:56.862","3186",40.7195861164717,-74.0431174635887,"3278",40.725685483629,-74.0487903356552,"Subscriber",1990,"Female"
"26301","2018-08-11 21:03:42.871","2018-08-11 21:09:25.409","3278",40.725685483629,-74.0487903356552,"3203",40.727595966,-74.044247311,"Subscriber",1978,"Female"
"26301","2018-08-11 23:13:51.534","2018-08-11 23:24:58.481","3203",40.727595966,-74.044247311,"3273",40.72165072488,-74.0428841114044,"Subscriber",1988,"Male"
"26301","2018-08-11 23:50:15.581","2018-08-12 00:00:19.957","3273",40.72165072488,-74.0428841114044,"3203",40.727595966,-74.044247311,"Subscriber",1989,"Female"
"26301","2018-08-12 11:03:57.052","2018-08-12 11:16:10.504","3203",40.727595966,-74.044247311,"3184",40.7141454,-74.0335519,"Subscriber",1977,"Male"
"26301","2018-08-12 12:00:17.757","2018-08-12 12:28:29.926","3184",40.7141454,-74.0335519,"3267",40.7124188237569,-74.0385255217552,"Subscriber",1985,"Male"
"26301","2018-08-12 12:50:56.125","2018-08-12 13:15:11.868","3267",40.7124188237569,-74.0385255217552,"3184",40.7141454,-74.0335519,"Customer",1969,"Unknown"
"26301","2018-08-12 14:25:37.642","2018-08-12 14:29:45.261","3184",40.7141454,-74.0335519,"3276",40.7145840353589,-74.042817056179,"Subscriber",1964,"Female"
"26301","2018-08-12 15:26:41.09","2018-08-12 15:31:09.696","3276",40.7145840353589,-74.042817056179,"3185",40.7177325,-74.043845,"Subscriber",1987,"Male"
"26301","2018-08-12 20:32:11.435","2018-08-12 20:33:39.147","3185",40.7177325,-74.043845,"3186",40.7195861164717,-74.0431174635887,"Subscriber",1978,"Male"
"26301","2018-08-13 07:31:02.98","2018-08-13 07:34:31.293","3267",40.7124188237569,-74.0385255217552,"3184",40.7141454,-74.0335519,"Subscriber",1969,"Unknown"
"26301","2018-08-13 16:34:54.613","2018-08-13 16:40:48.493","3184",40.7141454,-74.0335519,"3185",40.7177325,-74.043845,"Subscriber",1983,"Male"
"26301","2018-08-13 18:53:03.016","2018-08-13 19:04:34.45","3185",40.7177325,-74.043845,"3185",40.7177325,-74.043845,"Subscriber",1984,"Male"
"26301","2018-08-13 22:29:19.176","2018-08-13 22:34:33.877","3185",40.7177325,-74.043845,"3279",40.7216301426384,-74.0499678254128,"Subscriber",1996,"Female"
"26301","2018-08-14 09:18:14.097","2018-08-14 09:21:54.33","3279",40.7216301426384,-74.0499678254128,"3185",40.7177325,-74.043845,"Subscriber",1980,"Male"
"26301","2018-08-14 11:17:47.953","2018-08-14 11:19:48.095","3185",40.7177325,-74.043845,"3481",40.71649,-74.04105,"Subscriber",1988,"Male"
"26301","2018-08-14 11:41:48.629","2018-08-14 11:43:53.507","3481",40.71649,-74.04105,"3185",40.7177325,-74.043845,"Subscriber",1988,"Male"
"26301","2018-08-14 12:19:34.335","2018-08-14 12:23:13.358","3185",40.7177325,-74.043845,"3273",40.72165072488,-74.0428841114044,"Subscriber",1973,"Male"
"26301","2018-08-14 13:14:59.177","2018-08-14 13:35:17.876","3273",40.72165072488,-74.0428841114044,"3220",40.7349610200095,-74.0595030784607,"Subscriber",1968,"Male"
"26301","2018-08-15 20:58:46.304","2018-08-15 21:08:12.629","3640",40.73367,-74.0625,"3210",40.742677141,-74.051788633,"Subscriber",1990,"Male"
"26301","2018-08-16 10:55:39.504","2018-08-16 11:09:18.666","3210",40.742677141,-74.051788633,"3638",40.7242941,-74.0354826,"Subscriber",1981,"Male"
"26301","2018-08-16 14:00:05.306","2018-08-16 14:03:28.804","3638",40.7242941,-74.0354826,"3639",40.7192517,-74.034234,"Subscriber",1982,"Male"
"26301","2018-08-16 16:14:11.377","2018-08-16 16:18:55.134","3639",40.7192517,-74.034234,"3202",40.7272235,-74.0337589,"Subscriber",1990,"Male"
"26301","2018-08-16 16:53:55.317","2018-08-16 17:15:12.42","3202",40.7272235,-74.0337589,"3207",40.7376037,-74.0524783,"Subscriber",1982,"Male"
"26301","2018-08-17 08:23:39.404","2018-08-17 08:39:22.523","3207",40.7376037,-74.0524783,"3202",40.7272235,-74.0337589,"Subscriber",1982,"Male"
"26301","2018-08-17 16:47:32.311","2018-08-17 17:01:01.587","3202",40.7272235,-74.0337589,"3214",40.7127742,-74.0364857,"Subscriber",1993,"Male"
"26301","2018-08-17 17:37:36.074","2018-08-17 17:48:49.414","3214",40.7127742,-74.0364857,"3269",40.7260117296463,-74.0503889322281,"Subscriber",1980,"Male"
"26301","2018-08-18 13:44:41.088","2018-08-18 13:48:43.838","3269",40.7260117296463,-74.0503889322281,"3211",40.72152515,-74.046304543,"Subscriber",1985,"Male"
"26301","2018-08-18 14:24:02.242","2018-08-18 14:32:28.381","3211",40.72152515,-74.046304543,"3270",40.7252891078113,-74.0455716848373,"Subscriber",1978,"Male"
"26301","2018-08-18 17:15:08.767","2018-08-18 18:38:54.907","3270",40.7252891078113,-74.0455716848373,"3213",40.71848892,-74.047726625,"Customer",1969,"Unknown"
"26301","2018-08-20 08:48:52.015","2018-08-20 08:57:50.382","3213",40.71848892,-74.047726625,"3214",40.7127742,-74.0364857,"Subscriber",1987,"Female"
"26301","2018-08-21 10:25:02.707","2018-08-21 10:28:22.566","3214",40.7127742,-74.0364857,"3183",40.7162469,-74.0334588,"Subscriber",1989,"Male"
"26301","2018-08-21 17:59:56.645","2018-08-21 18:03:38.897","3183",40.7162469,-74.0334588,"3267",40.7124188237569,-74.0385255217552,"Subscriber",1990,"Male"
"26301","2018-08-22 05:54:13.115","2018-08-22 05:57:06.957","3267",40.7124188237569,-74.0385255217552,"3184",40.7141454,-74.0335519,"Subscriber",1961,"Male"
"26301","2018-08-22 06:43:00.128","2018-08-22 06:49:26.951","3184",40.7141454,-74.0335519,"3202",40.7272235,-74.0337589,"Subscriber",1981,"Male"
"26301","2018-08-22 17:20:35.13","2018-08-22 17:27:02.48","3187",40.7211236,-74.03805095,"3278",40.725685483629,-74.0487903356552,"Subscriber",1992,"Male"
"26301","2018-08-22 18:40:17.064","2018-08-22 18:47:21.248","3639",40.7192517,-74.034234,"3186",40.7195861164717,-74.0431174635887,"Subscriber",1965,"Male"
"26301","2018-08-22 18:48:23.682","2018-08-22 18:50:26.699","3186",40.7195861164717,-74.0431174635887,"3211",40.72152515,-74.046304543,"Subscriber",1982,"Male"
"26301","2018-08-22 19:30:36.839","2018-08-22 19:56:16.681","3211",40.72152515,-74.046304543,"3638",40.7242941,-74.0354826,"Customer",1969,"Unknown"
"26301","2018-08-22 19:58:49.253","2018-08-22 20:21:40.744","3638",40.7242941,-74.0354826,"3272",40.7233315864644,-74.0459525585174,"Customer",1969,"Unknown"
"26301","2018-08-22 20:22:48.552","2018-08-22 20:28:26.649","3272",40.7233315864644,-74.0459525585174,"3185",40.7177325,-74.043845,"Subscriber",1988,"Male"
"26301","2018-08-22 20:58:28.909","2018-08-22 21:02:42.735","3185",40.7177325,-74.043845,"3267",40.7124188237569,-74.0385255217552,"Subscriber",1992,"Male"
"26301","2018-08-22 21:48:07.949","2018-08-22 21:53:11.266","3186",40.7195861164717,-74.0431174635887,"3276",40.7145840353589,-74.042817056179,"Subscriber",1992,"Male"
"26301","2018-08-23 06:51:09.398","2018-08-23 06:59:28.316","3276",40.7145840353589,-74.042817056179,"3269",40.7260117296463,-74.0503889322281,"Subscriber",1989,"Male"
"26301","2018-08-23 08:18:47.652","2018-08-23 08:24:46.858","3269",40.7260117296463,-74.0503889322281,"3186",40.7195861164717,-74.0431174635887,"Subscriber",1986,"Male"
"26301","2018-08-23 18:05:16.788","2018-08-23 18:09:37.325","3186",40.7195861164717,-74.0431174635887,"3203",40.727595966,-74.044247311,"Subscriber",1977,"Male"
"26301","2018-08-24 08:53:24.152","2018-08-24 08:57:35.472","3203",40.727595966,-74.044247311,"3273",40.72165072488,-74.0428841114044,"Subscriber",1977,"Female"
"26301","2018-08-24 15:14:16.091","2018-08-24 15:20:49.395","3273",40.72165072488,-74.0428841114044,"3270",40.7252891078113,-74.0455716848373,"Subscriber",1972,"Male"
"26301","2018-08-25 11:27:09.724","2018-08-25 11:41:25.178","3270",40.7252891078113,-74.0455716848373,"3184",40.7141454,-74.0335519,"Customer",1986,"Male"
"26301","2018-08-25 13:36:56.142","2018-08-25 13:56:15.811","3187",40.7211236,-74.03805095,"3184",40.7141454,-74.0335519,"Subscriber",1969,"Unknown"
"26301","2018-08-26 19:37:07.952","2018-08-26 19:39:46.188","3184",40.7141454,-74.0335519,"3214",40.7127742,-74.0364857,"Subscriber",1988,"Male"
"26301","2018-08-27 07:24:39.772","2018-08-27 07:33:58.752","3214",40.7127742,-74.0364857,"3202",40.7272235,-74.0337589,"Subscriber",1980,"Male"
"26301","2018-08-27 18:13:02.779","2018-08-27 18:15:39.278","3183",40.7162469,-74.0334588,"3214",40.7127742,-74.0364857,"Subscriber",1974,"Male"
"26301","2018-08-27 21:07:57.666","2018-08-27 22:02:39.178","3214",40.7127742,-74.0364857,"3214",40.7127742,-74.0364857,"Customer",1988,"Female"
"26301","2018-08-28 09:44:04.219","2018-08-28 09:49:53.211","3214",40.7127742,-74.0364857,"3185",40.7177325,-74.043845,"Subscriber",1977,"Female"
"26301","2018-08-28 19:10:36.485","2018-08-28 19:17:16.587","3185",40.7177325,-74.043845,"3269",40.7260117296463,-74.0503889322281,"Subscriber",1989,"Female"
"26301","2018-08-29 07:11:47.703","2018-08-29 07:17:47.471","3269",40.7260117296463,-74.0503889322281,"3186",40.7195861164717,-74.0431174635887,"Subscriber",1987,"Female"
"26301","2018-08-29 08:21:03.061","2018-08-29 08:25:37.42","3267",40.7124188237569,-74.0385255217552,"3183",40.7162469,-74.0334588,"Subscriber",1989,"Male"
"26301","2018-08-29 18:18:11.601","2018-08-29 18:22:18.334","3276",40.7145840353589,-74.042817056179,"3186",40.7195861164717,-74.0431174635887,"Subscriber",1984,"Male"
"26301","2018-08-29 18:25:49.564","2018-08-29 18:28:59.15","3186",40.7195861164717,-74.0431174635887,"3272",40.7233315864644,-74.0459525585174,"Subscriber",1956,"Female"
"26301","2018-08-29 21:16:36.238","2018-08-29 21:19:15.256","3272",40.7233315864644,-74.0459525585174,"3203",40.727595966,-74.044247311,"Subscriber",1983,"Male"
"26301","2018-08-30 08:04:08.578","2018-08-30 08:09:45.085","3203",40.727595966,-74.044247311,"3186",40.7195861164717,-74.0431174635887,"Subscriber",1981,"Female"
"26301","2018-08-30 13:12:43.573","2018-08-30 13:14:55.507","3186",40.7195861164717,-74.0431174635887,"3211",40.72152515,-74.046304543,"Subscriber",1971,"Male"
"26301","2018-08-30 19:00:16.601","2018-08-30 19:07:19.978","3211",40.72152515,-74.046304543,"3276",40.7145840353589,-74.042817056179,"Subscriber",1987,"Female"
"26301","2018-08-31 08:25:09.021","2018-08-31 08:30:10.059","3276",40.7145840353589,-74.042817056179,"3183",40.7162469,-74.0334588,"Subscriber",1979,"Male"
"26301","2018-08-31 12:25:30.633","2018-08-31 12:29:56.052","3183",40.7162469,-74.0334588,"3187",40.7211236,-74.03805095,"Subscriber",1975,"Male"
"26301","2018-08-31 12:37:07.996","2018-08-31 12:46:13.712","3187",40.7211236,-74.03805095,"3199",40.7287448,-74.0321082,"Subscriber",1988,"Female"
"26301","2018-08-31 17:03:39.944","2018-08-31 17:34:12.672","3199",40.7287448,-74.0321082,"3199",40.7287448,-74.0321082,"Customer",1980,"Male"
"26301","2018-08-31 23:15:19.366","2018-08-31 23:24:14.939","3199",40.7287448,-74.0321082,"3203",40.727595966,-74.044247311,"Subscriber",1986,"Female"
"26301","2018-09-01 08:04:22.791","2018-09-01 08:08:48.922","3203",40.727595966,-74.044247311,"3211",40.72152515,-74.046304543,"Subscriber",1985,"Female"
"26301","2018-09-02 17:10:17.073","2018-09-02 18:15:18.914","3211",40.72152515,-74.046304543,"3211",40.72152515,-74.046304543,"Customer",1991,"Unknown"
"26301","2018-09-02 21:35:06.119","2018-09-02 21:43:43.387","3211",40.72152515,-74.046304543,"3206",40.7311689,-74.0575736,"Subscriber",1991,"Male"
"26301","2018-09-03 12:29:04.375","2018-09-03 12:49:13.484","3206",40.7311689,-74.0575736,"3206",40.7311689,-74.0575736,"Customer",1969,"Unknown"
"26301","2018-09-05 21:13:59.415","2018-09-05 21:20:24.635","3206",40.7311689,-74.0575736,"3212",40.734785818,-74.050443636,"Subscriber",1991,"Female"
"26301","2018-09-06 08:51:55.404","2018-09-06 09:06:08.4","3212",40.734785818,-74.050443636,"3206",40.7311689,-74.0575736,"Subscriber",1991,"Female"
"26301","2018-09-06 21:27:34.104","2018-09-06 21:37:33.052","3206",40.7311689,-74.0575736,"3187",40.7211236,-74.03805095,"Subscriber",1990,"Female"
"26301","2018-09-07 08:27:03.249","2018-09-07 08:29:37.563","3187",40.7211236,-74.03805095,"3639",40.7192517,-74.034234,"Subscriber",1969,"Unknown"
"26301","2018-09-07 08:49:07.717","2018-09-07 08:50:47.771","3639",40.7192517,-74.034234,"3183",40.7162469,-74.0334588,"Subscriber",1989,"Male"
"26301","2018-09-07 12:44:21.485","2018-09-07 13:33:56.597","3276",40.7145840353589,-74.042817056179,"3276",40.7145840353589,-74.042817056179,"Customer",1983,"Male"
"26301","2018-09-07 14:34:03.288","2018-09-07 14:38:03.126","3276",40.7145840353589,-74.042817056179,"3681",40.7151776773203,-74.0376833081245,"Subscriber",1991,"Female"
"26301","2018-09-12 07:36:22.001","2018-09-12 07:38:41.762","3681",40.7151776773203,-74.0376833081245,"3275",40.7183551982321,-74.0389144420624,"Subscriber",1994,"Male"
"26301","2018-09-12 08:13:01.574","2018-09-12 08:14:38.885","3275",40.7183551982321,-74.0389144420624,"3187",40.7211236,-74.03805095,"Subscriber",1951,"Male"
"26301","2018-09-12 09:18:46.206","2018-09-12 09:23:01.66","3187",40.7211236,-74.03805095,"3183",40.7162469,-74.0334588,"Subscriber",1975,"Male"
"26301","2018-09-12 16:42:55.401","2018-09-12 16:47:09.171","3183",40.7162469,-74.0334588,"3267",40.7124188237569,-74.0385255217552,"Subscriber",1976,"Female"
"26301","2018-09-13 06:23:19.053","2018-09-13 06:26:08.878","3267",40.7124188237569,-74.0385255217552,"3183",40.7162469,-74.0334588,"Subscriber",1994,"Female"
"26301","2018-09-13 11:29:34.969","2018-09-13 11:34:46.39","3267",40.7124188237569,-74.0385255217552,"3183",40.7162469,-74.0334588,"Subscriber",1984,"Male"
"26301","2018-09-13 12:14:25.475","2018-09-13 12:25:39.862","3183",40.7162469,-74.0334588,"3269",40.7260117296463,-74.0503889322281,"Subscriber",1969,"Unknown"
"26301","2018-09-13 13:29:55.521","2018-09-13 13:38:54.802","3269",40.7260117296463,-74.0503889322281,"3186",40.7195861164717,-74.0431174635887,"Subscriber",1985,"Male"
"26301","2018-09-13 13:45:02.688","2018-09-13 13:49:21.952","3186",40.7195861164717,-74.0431174635887,"3205",40.7165397809919,-74.0496379137039,"Subscriber",1969,"Unknown"
"26301","2018-09-13 19:21:53.912","2018-09-13 19:27:39.095","3186",40.7195861164717,-74.0431174635887,"3203",40.727595966,-74.044247311,"Subscriber",1980,"Female"
"26301","2018-09-14 07:42:17.406","2018-09-14 07:48:59.253","3203",40.727595966,-74.044247311,"3202",40.7272235,-74.0337589,"Subscriber",1988,"Male"
"26301","2018-09-14 08:51:03.929","2018-09-14 08:58:51.697","3269",40.7260117296463,-74.0503889322281,"3186",40.7195861164717,-74.0431174635887,"Subscriber",1982,"Male"
"26301","2018-09-14 15:40:06.194","2018-09-14 15:46:16.098","3186",40.7195861164717,-74.0431174635887,"3269",40.7260117296463,-74.0503889322281,"Subscriber",1982,"Female"
"26301","2018-09-14 18:22:57.955","2018-09-14 18:34:08.634","3183",40.7162469,-74.0334588,"3278",40.725685483629,-74.0487903356552,"Subscriber",1984,"Male"
"26301","2018-09-15 12:10:50.992","2018-09-15 12:15:48.497","3278",40.725685483629,-74.0487903356552,"3273",40.72165072488,-74.0428841114044,"Subscriber",1972,"Male"
"26301","2018-09-15 15:09:20.764","2018-09-15 15:13:56.437","3273",40.72165072488,-74.0428841114044,"3202",40.7272235,-74.0337589,"Subscriber",1996,"Male"
"26301","2018-09-15 15:14:17.424","2018-09-15 15:29:26.476","3202",40.7272235,-74.0337589,"3214",40.7127742,-74.0364857,"Subscriber",1990,"Male"
"26301","2018-09-16 10:16:38.104","2018-09-16 10:24:15.167","3214",40.7127742,-74.0364857,"3183",40.7162469,-74.0334588,"Subscriber",1993,"Male"
"26301","2018-09-16 17:02:52.196","2018-09-16 17:12:45.61","3210",40.742677141,-74.051788633,"3195",40.7307426253066,-74.0637838840485,"Subscriber",1988,"Male"
"26301","2018-09-16 20:01:26.373","2018-09-16 20:18:47.693","3195",40.7307426253066,-74.0637838840485,"3678",40.7257261374256,-74.0719592571259,"Subscriber",1994,"Female"
"26301","2018-09-17 05:54:05.911","2018-09-17 05:59:54.828","3678",40.7257261374256,-74.0719592571259,"3195",40.7307426253066,-74.0637838840485,"Subscriber",1995,"Male"
"26301","2018-09-17 17:53:48.833","2018-09-17 18:08:28.01","3195",40.7307426253066,-74.0637838840485,"3199",40.7287448,-74.0321082,"Subscriber",1984,"Male"
"26301","2018-09-18 17:37:26.059","2018-09-18 17:56:53.565","3199",40.7287448,-74.0321082,"3210",40.742677141,-74.051788633,"Subscriber",1983,"Male"
"26301","2018-09-18 18:09:35.31","2018-09-18 18:17:58.113","3210",40.742677141,-74.051788633,"3195",40.7307426253066,-74.0637838840485,"Subscriber",1988,"Male"
"26301","2018-09-18 18:34:27.968","2018-09-18 18:44:50.417","3195",40.7307426253066,-74.0637838840485,"3193",40.7246050998869,-74.0784059464931,"Subscriber",1992,"Male"
"26301","2018-09-18 22:02:03.295","2018-09-18 22:43:21.701","3193",40.7246050998869,-74.0784059464931,"3193",40.7246050998869,-74.0784059464931,"Subscriber",1982,"Female"
"26301","2018-09-23 09:50:38.483","2018-09-23 09:56:01.649","3679",40.722103786686,-74.0714550018311,"3195",40.7307426253066,-74.0637838840485,"Subscriber",1997,"Male"
"26301","2018-09-23 10:01:37.14","2018-09-23 10:08:25.773","3195",40.7307426253066,-74.0637838840485,"3679",40.722103786686,-74.0714550018311,"Subscriber",1987,"Male"
"26301","2018-09-23 12:33:59.258","2018-09-23 12:39:53.023","3679",40.722103786686,-74.0714550018311,"3195",40.7307426253066,-74.0637838840485,"Subscriber",1978,"Male"
"26301","2018-09-23 17:09:11.469","2018-09-23 17:13:13.218","3195",40.7307426253066,-74.0637838840485,"3194",40.7253399253558,-74.0676221251488,"Subscriber",1966,"Male"
"26301","2018-09-24 06:21:48.523","2018-09-24 06:26:14.956","3194",40.7253399253558,-74.0676221251488,"3195",40.7307426253066,-74.0637838840485,"Subscriber",1969,"Unknown"
"26301","2018-09-24 17:49:49.976","2018-09-24 17:56:53.506","3195",40.7307426253066,-74.0637838840485,"3212",40.734785818,-74.050443636,"Subscriber",1981,"Male"
"26301","2018-09-26 08:59:39.028","2018-09-26 09:05:32.241","3212",40.734785818,-74.050443636,"3195",40.7307426253066,-74.0637838840485,"Subscriber",1981,"Male"
"26301","2018-09-26 19:40:59.194","2018-09-26 19:46:13.138","3195",40.7307426253066,-74.0637838840485,"3679",40.722103786686,-74.0714550018311,"Subscriber",1973,"Female"
"26301","2018-09-27 22:07:03.305","2018-09-27 22:33:39.043","3185",40.7177325,-74.043845,"3277",40.7143583687043,-74.0666109323502,"Subscriber",1978,"Male"
"26301","2018-09-29 06:20:42.613","2018-09-29 06:32:39.629","3277",40.7143583687043,-74.0666109323502,"3276",40.7145840353589,-74.042817056179,"Subscriber",1992,"Male"
"26301","2018-09-29 08:35:14.78","2018-09-29 08:39:33.998","3276",40.7145840353589,-74.042817056179,"3213",40.71848892,-74.047726625,"Subscriber",1985,"Female"
"26301","2018-09-29 08:47:57.442","2018-09-29 08:50:11.993","3213",40.71848892,-74.047726625,"3186",40.7195861164717,-74.0431174635887,"Subscriber",1992,"Male"
"26301","2018-09-29 10:55:39.591","2018-09-29 11:02:08.765","3186",40.7195861164717,-74.0431174635887,"3183",40.7162469,-74.0334588,"Subscriber",1963,"Male"
"26301","2018-09-29 15:16:05.576","2018-09-29 15:32:22.539","3183",40.7162469,-74.0334588,"3203",40.727595966,-74.044247311,"Subscriber",1983,"Male"
"26301","2018-10-01 09:34:33.643","2018-10-01 09:38:52.568","3203",40.727595966,-74.044247311,"3186",40.7195861164717,-74.0431174635887,"Subscriber",1986,"Male"
"26301","2018-10-01 10:21:54.124","2018-10-01 10:25:57.055","3186",40.7195861164717,-74.0431174635887,"3203",40.727595966,-74.044247311,"Subscriber",1973,"Male"
"26301","2018-10-01 13:57:21.773","2018-10-01 14:04:57.522","3203",40.727595966,-74.044247311,"3187",40.7211236,-74.03805095,"Subscriber",1968,"Male"
"26301","2018-10-02 07:36:37.171","2018-10-02 07:39:41.236","3187",40.7211236,-74.03805095,"3183",40.7162469,-74.0334588,"Subscriber",1976,"Male"
"26301","2018-10-02 08:25:58.274","2018-10-02 08:30:37.896","3267",40.7124188237569,-74.0385255217552,"3183",40.7162469,-74.0334588,"Subscriber",1989,"Male"
"26301","2018-10-02 17:18:48.572","2018-10-02 17:21:13.219","3183",40.7162469,-74.0334588,"3639",40.7192517,-74.034234,"Subscriber",1969,"Unknown"
"26301","2018-10-02 19:47:21.898","2018-10-02 19:53:21.892","3639",40.7192517,-74.034234,"3272",40.7233315864644,-74.0459525585174,"Subscriber",1984,"Female"
"26301","2018-10-03 08:33:06.075","2018-10-03 08:36:01.477","3272",40.7233315864644,-74.0459525585174,"3186",40.7195861164717,-74.0431174635887,"Subscriber",1956,"Female"
"26301","2018-10-03 17:52:37.289","2018-10-03 18:00:57.195","3203",40.727595966,-74.044247311,"3186",40.7195861164717,-74.0431174635887,"Subscriber",1971,"Female"
"26301","2018-10-03 18:06:16.127","2018-10-03 18:10:49.714","3186",40.7195861164717,-74.0431174635887,"3203",40.727595966,-74.044247311,"Subscriber",1979,"Male"
"26301","2018-10-04 08:36:17.435","2018-10-04 08:43:46.282","3203",40.727595966,-74.044247311,"3639",40.7192517,-74.034234,"Subscriber",1987,"Male"
"26301","2018-10-04 14:21:38.791","2018-10-04 14:49:03.617","3639",40.7192517,-74.034234,"3639",40.7192517,-74.034234,"Subscriber",1970,"Male"
"26301","2018-10-04 18:00:19.954","2018-10-04 18:23:01.886","3639",40.7192517,-74.034234,"3195",40.7307426253066,-74.0637838840485,"Subscriber",1986,"Male"
"26301","2018-10-04 18:44:27.703","2018-10-04 19:06:22.27","3195",40.7307426253066,-74.0637838840485,"3184",40.7141454,-74.0335519,"Subscriber",1993,"Male"
"26301","2018-10-04 22:55:49.624","2018-10-04 23:01:17.586","3184",40.7141454,-74.0335519,"3276",40.7145840353589,-74.042817056179,"Subscriber",1969,"Unknown"
"26301","2018-10-05 09:04:23.856","2018-10-05 09:07:42.208","3276",40.7145840353589,-74.042817056179,"3186",40.7195861164717,-74.0431174635887,"Subscriber",1987,"Male"
"26301","2018-10-06 20:35:39.244","2018-10-06 20:52:22.009","3279",40.7216301426384,-74.0499678254128,"3183",40.7162469,-74.0334588,"Customer",1989,"Male"
"26301","2018-10-06 23:23:56.66","2018-10-06 23:40:37.03","3183",40.7162469,-74.0334588,"3199",40.7287448,-74.0321082,"Customer",1969,"Unknown"
"26301","2018-10-07 11:30:18.449","2018-10-07 11:54:41.439","3199",40.7287448,-74.0321082,"3199",40.7287448,-74.0321082,"Subscriber",1986,"Male"
"26301","2018-10-07 12:54:39.879","2018-10-07 13:46:28.482","3199",40.7287448,-74.0321082,"3638",40.7242941,-74.0354826,"Customer",1991,"Female"
"26301","2018-10-07 13:59:28.181","2018-10-07 14:06:35.204","3638",40.7242941,-74.0354826,"3183",40.7162469,-74.0334588,"Subscriber",1996,"Female"
"26301","2018-10-07 14:57:40.693","2018-10-07 15:13:28.416","3183",40.7162469,-74.0334588,"3192",40.7112423,-74.0557013,"Customer",1987,"Female"
"26301","2018-10-07 16:02:10.031","2018-10-07 18:13:57.161","3192",40.7112423,-74.0557013,"3192",40.7112423,-74.0557013,"Customer",1991,"Female"
"26301","2018-10-08 09:51:26.133","2018-10-08 09:58:09.795","3192",40.7112423,-74.0557013,"3213",40.71848892,-74.047726625,"Subscriber",1988,"Male"
"26301","2018-10-08 11:20:26.372","2018-10-08 11:22:51.72","3213",40.71848892,-74.047726625,"3186",40.7195861164717,-74.0431174635887,"Subscriber",1977,"Male"
"26301","2018-10-08 13:58:36.545","2018-10-08 15:09:06.663","3186",40.7195861164717,-74.0431174635887,"3186",40.7195861164717,-74.0431174635887,"Customer",1969,"Unknown"
"26301","2018-10-08 16:07:14.344","2018-10-08 16:12:58.453","3186",40.7195861164717,-74.0431174635887,"3269",40.7260117296463,-74.0503889322281,"Subscriber",1982,"Female"
"26301","2018-10-08 16:17:35.892","2018-10-08 16:28:23.152","3269",40.7260117296463,-74.0503889322281,"3195",40.7307426253066,-74.0637838840485,"Subscriber",1993,"Male"
"26301","2018-10-08 18:20:20.793","2018-10-08 18:24:16.178","3195",40.7307426253066,-74.0637838840485,"3194",40.7253399253558,-74.0676221251488,"Subscriber",1977,"Male"
"26301","2018-10-09 08:06:30.992","2018-10-09 08:10:42.619","3194",40.7253399253558,-74.0676221251488,"3195",40.7307426253066,-74.0637838840485,"Subscriber",1995,"Male"
"26301","2018-10-09 19:27:53","2018-10-09 19:35:36.941","3195",40.7307426253066,-74.0637838840485,"3193",40.7246050998869,-74.0784059464931,"Subscriber",1974,"Male"
"26301","2018-10-10 08:56:06.464","2018-10-10 09:10:33.199","3193",40.7246050998869,-74.0784059464931,"3206",40.7311689,-74.0575736,"Subscriber",1980,"Male"
"26301","2018-10-12 10:52:36.297","2018-10-12 11:07:22.586","3206",40.7311689,-74.0575736,"3192",40.7112423,-74.0557013,"Customer",1969,"Unknown"
"26301","2018-10-12 11:45:39.556","2018-10-12 11:53:30.801","3192",40.7112423,-74.0557013,"3186",40.7195861164717,-74.0431174635887,"Subscriber",1990,"Male"
"26301","2018-10-12 12:46:25.578","2018-10-12 12:52:02.153","3186",40.7195861164717,-74.0431174635887,"3203",40.727595966,-74.044247311,"Subscriber",1969,"Unknown"
"26301","2018-10-12 13:40:43.446","2018-10-12 13:44:47.341","3203",40.727595966,-74.044247311,"3211",40.72152515,-74.046304543,"Subscriber",1983,"Female"
"26301","2018-10-12 20:34:06.187","2018-10-12 20:38:41.978","3211",40.72152515,-74.046304543,"3209",40.7241765,-74.0506564,"Subscriber",1980,"Male"
"26301","2018-10-14 17:19:18.561","2018-10-14 18:31:25.56","3209",40.7241765,-74.0506564,"3209",40.7241765,-74.0506564,"Customer",1991,"Female"
"26301","2018-10-14 21:12:51.934","2018-10-14 21:25:38.404","3209",40.7241765,-74.0506564,"3267",40.7124188237569,-74.0385255217552,"Subscriber",1977,"Female"
"26301","2018-10-15 07:17:26.556","2018-10-15 07:21:41.539","3267",40.7124188237569,-74.0385255217552,"3183",40.7162469,-74.0334588,"Subscriber",1973,"Male"
"26301","2018-10-15 08:59:49.381","2018-10-15 09:03:40.997","3267",40.7124188237569,-74.0385255217552,"3183",40.7162469,-74.0334588,"Subscriber",1983,"Male"
"26301","2018-10-18 17:26:22.651","2018-10-18 17:28:12.381","3186",40.7195861164717,-74.0431174635887,"3185",40.7177325,-74.043845,"Subscriber",1969,"Male"
"26301","2018-10-18 18:12:04.323","2018-10-18 18:13:36.048","3185",40.7177325,-74.043845,"3186",40.7195861164717,-74.0431174635887,"Subscriber",1972,"Male"
"26301","2018-10-18 18:15:32.59","2018-10-18 18:17:48.674","3186",40.7195861164717,-74.0431174635887,"3276",40.7145840353589,-74.042817056179,"Subscriber",1991,"Male"
"26301","2018-10-18 18:27:18.394","2018-10-18 18:30:15.659","3276",40.7145840353589,-74.042817056179,"3186",40.7195861164717,-74.0431174635887,"Subscriber",1991,"Male"
"26301","2018-10-18 18:41:17.85","2018-10-18 18:47:03.02","3186",40.7195861164717,-74.0431174635887,"3483",40.71942,-74.05099,"Subscriber",1985,"Male"
"26301","2018-10-19 08:34:35.063","2018-10-19 08:38:48.499","3483",40.71942,-74.05099,"3278",40.725685483629,-74.0487903356552,"Subscriber",1969,"Female"
"26301","2018-10-19 08:42:13.555","2018-10-19 08:46:50.802","3278",40.725685483629,-74.0487903356552,"3186",40.7195861164717,-74.0431174635887,"Subscriber",1983,"Male"
"26301","2018-10-19 17:11:27.844","2018-10-19 17:16:01.609","3186",40.7195861164717,-74.0431174635887,"3203",40.727595966,-74.044247311,"Subscriber",1985,"Male"
"26301","2018-10-19 17:48:59.265","2018-10-19 17:54:10.605","3203",40.727595966,-74.044247311,"3186",40.7195861164717,-74.0431174635887,"Subscriber",1981,"Male"
"26301","2018-10-19 17:57:09.79","2018-10-19 18:02:27.436","3186",40.7195861164717,-74.0431174635887,"3209",40.7241765,-74.0506564,"Subscriber",1986,"Male"
"26301","2018-10-20 20:51:57.4","2018-10-20 20:55:20.608","3209",40.7241765,-74.0506564,"3211",40.72152515,-74.046304543,"Subscriber",1986,"Male"
"26301","2018-10-21 00:02:57.994","2018-10-21 00:07:23.212","3211",40.72152515,-74.046304543,"3203",40.727595966,-74.044247311,"Subscriber",1992,"Female"
"26301","2018-10-21 11:00:05.356","2018-10-21 11:05:41.807","3203",40.727595966,-74.044247311,"3186",40.7195861164717,-74.0431174635887,"Subscriber",1975,"Female"
"26301","2018-10-22 06:54:06.676","2018-10-22 07:00:38.702","3678",40.7257261374256,-74.0719592571259,"3195",40.7307426253066,-74.0637838840485,"Subscriber",1985,"Male"
"26301","2018-10-22 19:10:16.417","2018-10-22 19:16:56.138","3195",40.7307426253066,-74.0637838840485,"3678",40.7257261374256,-74.0719592571259,"Subscriber",1990,"Female"
"26301","2018-10-23 08:51:09.867","2018-10-23 08:56:52.541","3678",40.7257261374256,-74.0719592571259,"3195",40.7307426253066,-74.0637838840485,"Subscriber",1992,"Male"
"26301","2018-10-23 19:37:39.888","2018-10-23 19:46:14.298","3195",40.7307426253066,-74.0637838840485,"3193",40.7246050998869,-74.0784059464931,"Subscriber",1990,"Male"
"26301","2018-10-24 08:17:43.394","2018-10-24 08:28:23.098","3193",40.7246050998869,-74.0784059464931,"3195",40.7307426253066,-74.0637838840485,"Subscriber",1986,"Female"
"26301","2018-10-24 18:02:55.9","2018-10-24 18:06:35.513","3195",40.7307426253066,-74.0637838840485,"3194",40.7253399253558,-74.0676221251488,"Subscriber",1977,"Male"
"26301","2018-10-24 18:42:27.349","2018-10-24 18:55:02.82","3194",40.7253399253558,-74.0676221251488,"3268",40.7134638266919,-74.0628585219383,"Subscriber",1994,"Female"
"26301","2018-10-25 09:45:53.683","2018-10-25 09:52:25.172","3268",40.7134638266919,-74.0628585219383,"3205",40.7165397809919,-74.0496379137039,"Subscriber",1977,"Female"
"26301","2018-10-25 11:37:52.368","2018-10-25 11:46:25.509","3205",40.7165397809919,-74.0496379137039,"3185",40.7177325,-74.043845,"Subscriber",1961,"Male"
"26301","2018-10-25 14:57:35.179","2018-10-25 14:59:26.37","3185",40.7177325,-74.043845,"3481",40.71649,-74.04105,"Subscriber",1962,"Male"
"26301","2018-10-26 12:39:40.453","2018-10-26 12:42:40.595","3481",40.71649,-74.04105,"3183",40.7162469,-74.0334588,"Subscriber",1957,"Male"
"26301","2018-10-26 12:50:06.264","2018-10-26 12:53:19.076","3183",40.7162469,-74.0334588,"3481",40.71649,-74.04105,"Subscriber",1957,"Male"
"26301","2018-10-28 11:45:44.15","2018-10-28 11:51:04.903","3481",40.71649,-74.04105,"3639",40.7192517,-74.034234,"Subscriber",1957,"Male"
"26301","2018-10-28 14:09:46.864","2018-10-28 14:14:57.975","3639",40.7192517,-74.034234,"3186",40.7195861164717,-74.0431174635887,"Subscriber",1957,"Male"
"26301","2018-10-29 08:22:09.908","2018-10-29 08:26:04.079","3203",40.727595966,-74.044247311,"3186",40.7195861164717,-74.0431174635887,"Subscriber",1990,"Male"
"26301","2018-11-08 17:18:57.494","2018-11-08 17:23:08.109","3186",40.7195861164717,-74.0431174635887,"3483",40.71942,-74.05099,"Subscriber",1987,"Male"
"26301","2018-11-10 14:11:45.26","2018-11-10 14:16:51.447","3483",40.71942,-74.05099,"3273",40.72165072488,-74.0428841114044,"Subscriber",1986,"Female"
"26301","2018-11-12 18:53:38.424","2018-11-12 18:58:31.389","3186",40.7195861164717,-74.0431174635887,"3276",40.7145840353589,-74.042817056179,"Subscriber",1989,"Female"
"26301","2018-11-12 20:10:35.822","2018-11-12 20:16:45.383","3186",40.7195861164717,-74.0431174635887,"3203",40.727595966,-74.044247311,"Subscriber",1978,"Male"
"26301","2018-11-13 10:26:36.766","2018-11-13 10:31:27.26","3203",40.727595966,-74.044247311,"3186",40.7195861164717,-74.0431174635887,"Subscriber",1970,"Female"
"26301","2018-11-13 17:43:58.928","2018-11-13 17:48:34.185","3186",40.7195861164717,-74.0431174635887,"3209",40.7241765,-74.0506564,"Subscriber",1986,"Male"
"26301","2018-11-13 19:31:31.487","2018-11-13 19:45:34.417","3209",40.7241765,-74.0506564,"3207",40.7376037,-74.0524783,"Subscriber",1985,"Male"
"26301","2018-11-27 18:41:25.317","2018-11-27 18:47:04.475","3195",40.7307426253066,-74.0637838840485,"3679",40.722103786686,-74.0714550018311,"Subscriber",1993,"Male"
"26301","2018-11-28 05:08:48.733","2018-11-28 05:15:21.975","3679",40.722103786686,-74.0714550018311,"3195",40.7307426253066,-74.0637838840485,"Subscriber",1986,"Male"
"26301","2018-11-28 11:50:43.191","2018-11-28 11:59:03.014","3195",40.7307426253066,-74.0637838840485,"3212",40.734785818,-74.050443636,"Customer",1992,"Male"
"26301","2018-12-02 23:30:20.733","2018-12-02 23:37:15.473","3212",40.734785818,-74.050443636,"3209",40.7241765,-74.0506564,"Subscriber",1982,"Male"
"26301","2018-12-03 08:17:22.873","2018-12-03 08:21:54.247","3209",40.7241765,-74.0506564,"3186",40.7195861164717,-74.0431174635887,"Subscriber",1979,"Male"
"26301","2018-12-03 11:19:13.581","2018-12-03 11:21:09.465","3213",40.71848892,-74.047726625,"3185",40.7177325,-74.043845,"Subscriber",1971,"Male"
"26301","2018-12-03 16:46:04.268","2018-12-03 16:49:08.99","3186",40.7195861164717,-74.0431174635887,"3272",40.7233315864644,-74.0459525585174,"Subscriber",1980,"Male"
"26301","2018-12-03 16:57:14.981","2018-12-03 17:00:21.708","3272",40.7233315864644,-74.0459525585174,"3269",40.7260117296463,-74.0503889322281,"Subscriber",1980,"Male"
"26301","2018-12-04 08:06:37.677","2018-12-04 08:12:38.222","3269",40.7260117296463,-74.0503889322281,"3186",40.7195861164717,-74.0431174635887,"Subscriber",1988,"Female"
"26301","2018-12-04 15:21:36.662","2018-12-04 15:22:54.226","3272",40.7233315864644,-74.0459525585174,"3211",40.72152515,-74.046304543,"Subscriber",1988,"Male"
"26301","2018-12-04 20:18:10.763","2018-12-04 20:22:45.365","3211",40.72152515,-74.046304543,"3203",40.727595966,-74.044247311,"Subscriber",1985,"Female"
"26301","2018-12-05 07:58:12.331","2018-12-05 08:03:10.909","3203",40.727595966,-74.044247311,"3186",40.7195861164717,-74.0431174635887,"Subscriber",1984,"Male"
"26301","2018-12-05 10:19:33.483","2018-12-05 10:25:27.206","3269",40.7260117296463,-74.0503889322281,"3186",40.7195861164717,-74.0431174635887,"Subscriber",1982,"Female"
"26301","2018-12-05 18:32:11.696","2018-12-05 18:44:26.65","3186",40.7195861164717,-74.0431174635887,"3213",40.71848892,-74.047726625,"Subscriber",1962,"Male"
"26301","2018-12-05 18:52:24.891","2018-12-05 18:57:22.112","3213",40.71848892,-74.047726625,"3276",40.7145840353589,-74.042817056179,"Subscriber",1989,"Male"
"26301","2018-12-05 19:00:19.498","2018-12-05 19:10:10.677","3276",40.7145840353589,-74.042817056179,"3202",40.7272235,-74.0337589,"Subscriber",1982,"Male"
"26301","2018-12-05 20:14:25.485","2018-12-05 20:16:22.021","3202",40.7272235,-74.0337589,"3199",40.7287448,-74.0321082,"Subscriber",1972,"Female"
"26301","2018-12-05 20:19:46.868","2018-12-05 20:34:25.843","3199",40.7287448,-74.0321082,"3198",40.7487159453802,-74.0404433012009,"Subscriber",1988,"Male"
"26301","2018-12-06 15:35:12.754","2018-12-06 15:46:15.211","3198",40.7487159453802,-74.0404433012009,"3220",40.7349610200095,-74.0595030784607,"Subscriber",1978,"Male"
"26301","2018-12-06 16:19:13.312","2018-12-06 16:22:39.06","3220",40.7349610200095,-74.0595030784607,"3195",40.7307426253066,-74.0637838840485,"Subscriber",1994,"Male"
"26301","2018-12-06 16:42:41.634","2018-12-06 17:10:46.535","3195",40.7307426253066,-74.0637838840485,"3225",40.7236589,-74.0641943,"Subscriber",1988,"Male"
"26301","2018-12-08 08:50:25.145","2018-12-08 08:52:52.231","3225",40.7236589,-74.0641943,"3194",40.7253399253558,-74.0676221251488,"Subscriber",1962,"Male"
"26301","2018-12-08 14:02:35.285","2018-12-08 14:08:32.234","3194",40.7253399253558,-74.0676221251488,"3195",40.7307426253066,-74.0637838840485,"Subscriber",1954,"Male"
"26301","2018-12-08 14:22:02.305","2018-12-08 14:29:40.641","3195",40.7307426253066,-74.0637838840485,"3193",40.7246050998869,-74.0784059464931,"Subscriber",1990,"Female"
"26301","2018-12-08 14:39:11.612","2018-12-08 16:40:19.559","3193",40.7246050998869,-74.0784059464931,"3195",40.7307426253066,-74.0637838840485,"Customer",1985,"Male"
"26301","2018-12-08 20:33:51.469","2018-12-08 20:36:35.852","3195",40.7307426253066,-74.0637838840485,"3194",40.7253399253558,-74.0676221251488,"Subscriber",1993,"Male"
"26301","2018-12-09 09:44:23.198","2018-12-09 09:46:29.26","3194",40.7253399253558,-74.0676221251488,"3678",40.7257261374256,-74.0719592571259,"Subscriber",1994,"Female"
"26301","2018-12-09 11:09:33.057","2018-12-09 11:14:49.348","3678",40.7257261374256,-74.0719592571259,"3195",40.7307426253066,-74.0637838840485,"Subscriber",1970,"Male"
"26301","2018-12-09 16:37:29.446","2018-12-09 16:59:07.649","3195",40.7307426253066,-74.0637838840485,"3694",40.71113,-74.0789,"Subscriber",1994,"Male"
"26301","2018-12-10 11:41:29.485","2018-12-10 11:53:21.823","3694",40.71113,-74.0789,"3195",40.7307426253066,-74.0637838840485,"Subscriber",1994,"Male"
"26301","2018-12-10 15:49:40.426","2018-12-10 15:58:31.925","3195",40.7307426253066,-74.0637838840485,"3280",40.719282200707,-74.071261882782,"Subscriber",1960,"Male"
"26301","2018-12-11 10:10:45.36","2018-12-11 10:16:39.701","3280",40.719282200707,-74.071261882782,"3194",40.7253399253558,-74.0676221251488,"Subscriber",1988,"Male"
"26307","2018-03-08 21:19:52.117","2018-03-08 21:24:19.835","3225",40.7236589,-74.0641943,"3195",40.7307426253066,-74.0637838840485,"Subscriber",1989,"Male"
"26307","2018-03-08 22:12:13.07","2018-03-08 22:16:29.983","3195",40.7307426253066,-74.0637838840485,"3225",40.7236589,-74.0641943,"Subscriber",1989,"Male"
"26307","2018-03-09 05:16:51.082","2018-03-09 05:29:44.073","3225",40.7236589,-74.0641943,"3206",40.7311689,-74.0575736,"Subscriber",1962,"Male"
"26307","2018-03-09 05:50:05.14","2018-03-09 05:53:00.634","3206",40.7311689,-74.0575736,"3209",40.7241765,-74.0506564,"Subscriber",1985,"Female"
"26307","2018-03-09 10:19:00.999","2018-03-09 10:23:34.618","3209",40.7241765,-74.0506564,"3185",40.7177325,-74.043845,"Subscriber",1988,"Male"
"26307","2018-03-10 13:12:02.859","2018-03-10 13:32:15.924","3185",40.7177325,-74.043845,"3199",40.7287448,-74.0321082,"Customer",1969,"Unknown"
"26307","2018-03-11 14:58:57.324","2018-03-11 15:00:42.043","3199",40.7287448,-74.0321082,"3202",40.7272235,-74.0337589,"Subscriber",1987,"Female"
"26307","2018-03-11 18:02:49.618","2018-03-11 18:08:34.359","3202",40.7272235,-74.0337589,"3187",40.7211236,-74.03805095,"Customer",1999,"Male"
"26307","2018-03-11 21:59:36.634","2018-03-11 22:05:08.605","3187",40.7211236,-74.03805095,"3276",40.7145840353589,-74.042817056179,"Subscriber",1992,"Male"
"26307","2018-03-13 18:36:11.998","2018-03-13 18:41:09.041","3186",40.7195861164717,-74.0431174635887,"3209",40.7241765,-74.0506564,"Subscriber",1983,"Female"
"26307","2018-03-14 08:56:57.877","2018-03-14 09:04:09.458","3209",40.7241765,-74.0506564,"3214",40.7127742,-74.0364857,"Subscriber",1994,"Male"
"26307","2018-03-14 17:58:51.847","2018-03-14 18:10:41.817","3214",40.7127742,-74.0364857,"3209",40.7241765,-74.0506564,"Subscriber",1994,"Male"
"26307","2018-03-15 19:54:38.341","2018-03-15 19:57:24.347","3209",40.7241765,-74.0506564,"3272",40.7233315864644,-74.0459525585174,"Subscriber",1988,"Male"
"26307","2018-03-16 10:55:24.4","2018-03-16 10:58:24.833","3272",40.7233315864644,-74.0459525585174,"3187",40.7211236,-74.03805095,"Subscriber",1981,"Male"
"26307","2018-03-19 17:34:58.878","2018-03-19 17:53:32.302","3198",40.7487159453802,-74.0404433012009,"3207",40.7376037,-74.0524783,"Subscriber",1986,"Female"
"26307","2018-03-19 21:16:00.447","2018-03-19 21:27:17.737","3207",40.7376037,-74.0524783,"3207",40.7376037,-74.0524783,"Subscriber",1991,"Male"
"26307","2018-03-20 08:24:57.113","2018-03-20 08:36:57.517","3207",40.7376037,-74.0524783,"3202",40.7272235,-74.0337589,"Subscriber",1993,"Male"
"26307","2018-03-20 16:23:47.375","2018-03-20 16:43:09.985","3202",40.7272235,-74.0337589,"3195",40.7307426253066,-74.0637838840485,"Subscriber",1968,"Male"
"26307","2018-03-20 18:06:54.247","2018-03-20 18:31:45.257","3195",40.7307426253066,-74.0637838840485,"3183",40.7162469,-74.0334588,"Subscriber",1989,"Male"
"26307","2018-03-20 21:33:38.565","2018-03-20 21:37:32.123","3183",40.7162469,-74.0334588,"3267",40.7124188237569,-74.0385255217552,"Subscriber",1992,"Male"
"26307","2018-03-23 08:00:25.033","2018-03-23 08:03:42.114","3267",40.7124188237569,-74.0385255217552,"3183",40.7162469,-74.0334588,"Subscriber",1981,"Unknown"
"26307","2018-03-23 08:54:53.27","2018-03-23 08:58:39.512","3267",40.7124188237569,-74.0385255217552,"3183",40.7162469,-74.0334588,"Subscriber",1991,"Male"
"26307","2018-03-23 13:27:25.363","2018-03-23 13:32:03.523","3183",40.7162469,-74.0334588,"3186",40.7195861164717,-74.0431174635887,"Subscriber",1986,"Male"
"26307","2018-03-23 14:10:50.816","2018-03-23 14:14:47.075","3186",40.7195861164717,-74.0431174635887,"3187",40.7211236,-74.03805095,"Subscriber",1988,"Female"
"26307","2018-03-25 19:14:42.394","2018-03-25 19:26:56.108","3639",40.7192517,-74.034234,"3639",40.7192517,-74.034234,"Subscriber",1981,"Female"
"26307","2018-03-26 08:28:14.523","2018-03-26 08:33:33.938","3639",40.7192517,-74.034234,"3202",40.7272235,-74.0337589,"Subscriber",1989,"Male"
"26307","2018-03-26 14:31:45.686","2018-03-26 14:36:53.936","3202",40.7272235,-74.0337589,"3203",40.727595966,-74.044247311,"Subscriber",1966,"Male"
"26307","2018-03-26 16:15:40.556","2018-03-26 16:20:00.557","3203",40.727595966,-74.044247311,"3273",40.72165072488,-74.0428841114044,"Subscriber",1989,"Female"
"26307","2018-03-26 16:33:42.51","2018-03-26 16:37:10.603","3273",40.72165072488,-74.0428841114044,"3203",40.727595966,-74.044247311,"Subscriber",1989,"Female"
"26307","2018-03-26 18:44:38.72","2018-03-26 18:48:37.317","3186",40.7195861164717,-74.0431174635887,"3279",40.7216301426384,-74.0499678254128,"Subscriber",1990,"Female"
"26307","2018-03-27 15:11:38.334","2018-03-27 15:18:32.822","3212",40.734785818,-74.050443636,"3640",40.73367,-74.0625,"Subscriber",1986,"Female"
"26307","2018-03-28 00:40:18.002","2018-03-28 00:47:11.565","3640",40.73367,-74.0625,"3212",40.734785818,-74.050443636,"Subscriber",1986,"Female"
"26307","2018-03-28 13:53:20.583","2018-03-28 14:01:05.328","3212",40.734785818,-74.050443636,"3640",40.73367,-74.0625,"Subscriber",1986,"Female"
"26307","2018-03-28 14:22:05.54","2018-03-28 14:30:13.688","3640",40.73367,-74.0625,"3210",40.742677141,-74.051788633,"Subscriber",1950,"Male"
"26307","2018-03-28 15:51:52.846","2018-03-28 16:02:47.103","3210",40.742677141,-74.051788633,"3195",40.7307426253066,-74.0637838840485,"Subscriber",1950,"Male"
"26307","2018-03-28 17:52:37.302","2018-03-28 18:07:11.033","3195",40.7307426253066,-74.0637838840485,"3188",40.7101087,-74.0858489,"Subscriber",1976,"Male"
"26307","2018-03-29 16:58:44.021","2018-03-29 17:16:27.673","3188",40.7101087,-74.0858489,"3209",40.7241765,-74.0506564,"Subscriber",1985,"Male"
"26307","2018-03-29 18:06:18.872","2018-03-29 18:10:16.031","3209",40.7241765,-74.0506564,"3186",40.7195861164717,-74.0431174635887,"Subscriber",1986,"Male"
"26307","2018-03-29 18:25:26.515","2018-03-29 18:29:17.065","3186",40.7195861164717,-74.0431174635887,"3203",40.727595966,-74.044247311,"Subscriber",1976,"Male"
"26307","2018-03-29 20:17:27.349","2018-03-29 20:22:22.852","3186",40.7195861164717,-74.0431174635887,"3209",40.7241765,-74.0506564,"Subscriber",1978,"Female"
"26307","2018-03-30 10:57:49.241","2018-03-30 11:01:34.799","3209",40.7241765,-74.0506564,"3186",40.7195861164717,-74.0431174635887,"Subscriber",1996,"Male"
"26307","2018-03-30 14:56:59.558","2018-03-30 15:02:09.277","3186",40.7195861164717,-74.0431174635887,"3203",40.727595966,-74.044247311,"Subscriber",1981,"Female"
"26307","2018-03-30 15:58:44.596","2018-03-30 16:10:56.174","3203",40.727595966,-74.044247311,"3214",40.7127742,-74.0364857,"Customer",1969,"Unknown"
"26307","2018-03-31 07:57:53.568","2018-03-31 08:01:19.924","3214",40.7127742,-74.0364857,"3275",40.7183551982321,-74.0389144420624,"Subscriber",1983,"Female"
"26307","2018-03-31 08:21:05.22","2018-03-31 08:24:34.67","3275",40.7183551982321,-74.0389144420624,"3183",40.7162469,-74.0334588,"Subscriber",1993,"Male"
"26307","2018-04-01 15:43:48.236","2018-04-01 15:46:17.238","3183",40.7162469,-74.0334588,"3639",40.7192517,-74.034234,"Subscriber",1988,"Male"
"26307","2018-04-03 08:32:53.09","2018-04-03 08:38:43.885","3639",40.7192517,-74.034234,"3202",40.7272235,-74.0337589,"Subscriber",1989,"Male"
"26307","2018-04-03 20:25:23.207","2018-04-03 20:27:33.131","3202",40.7272235,-74.0337589,"3199",40.7287448,-74.0321082,"Subscriber",1988,"Male"
"26307","2018-04-05 09:05:54.504","2018-04-05 09:07:28.061","3199",40.7287448,-74.0321082,"3202",40.7272235,-74.0337589,"Subscriber",1988,"Male"
"26307","2018-04-05 15:54:06.819","2018-04-05 15:56:32.202","3202",40.7272235,-74.0337589,"3199",40.7287448,-74.0321082,"Subscriber",1987,"Female"
"26307","2018-04-05 17:52:20.588","2018-04-05 18:13:21.732","3199",40.7287448,-74.0321082,"3210",40.742677141,-74.051788633,"Subscriber",1987,"Male"
"26307","2018-04-05 20:28:37.515","2018-04-05 20:34:42.595","3210",40.742677141,-74.051788633,"3212",40.734785818,-74.050443636,"Subscriber",1991,"Female"
"26307","2018-04-06 05:34:14.324","2018-04-06 05:40:48.579","3212",40.734785818,-74.050443636,"3186",40.7195861164717,-74.0431174635887,"Subscriber",1995,"Male"
"26307","2018-04-06 14:24:00.807","2018-04-06 14:26:26.324","3194",40.7253399253558,-74.0676221251488,"3195",40.7307426253066,-74.0637838840485,"Subscriber",1990,"Male"
"26307","2018-04-06 17:35:19.606","2018-04-06 17:43:48.775","3195",40.7307426253066,-74.0637838840485,"3193",40.7246050998869,-74.0784059464931,"Subscriber",1984,"Male"
"26307","2018-04-09 08:45:19.644","2018-04-09 08:55:24.497","3193",40.7246050998869,-74.0784059464931,"3195",40.7307426253066,-74.0637838840485,"Subscriber",1984,"Male"
"26307","2018-04-09 18:17:36.194","2018-04-09 18:26:55.358","3195",40.7307426253066,-74.0637838840485,"3210",40.742677141,-74.051788633,"Subscriber",1985,"Male"
"26307","2018-04-10 08:04:06.081","2018-04-10 08:17:56.094","3210",40.742677141,-74.051788633,"3195",40.7307426253066,-74.0637838840485,"Subscriber",1954,"Male"
"26307","2018-04-10 08:49:58.939","2018-04-10 09:06:15.902","3195",40.7307426253066,-74.0637838840485,"3639",40.7192517,-74.034234,"Subscriber",1986,"Male"
"26307","2018-04-10 10:26:43.887","2018-04-10 10:28:20.229","3639",40.7192517,-74.034234,"3183",40.7162469,-74.0334588,"Subscriber",1967,"Male"
"26307","2018-04-10 16:58:28.737","2018-04-10 17:07:03.608","3183",40.7162469,-74.0334588,"3192",40.7112423,-74.0557013,"Subscriber",1985,"Male"
"26307","2018-04-11 07:50:48.231","2018-04-11 07:58:52.395","3192",40.7112423,-74.0557013,"3186",40.7195861164717,-74.0431174635887,"Subscriber",1990,"Female"
"26307","2018-04-11 17:51:38.599","2018-04-11 17:56:05.7","3186",40.7195861164717,-74.0431174635887,"3276",40.7145840353589,-74.042817056179,"Subscriber",1965,"Male"
"26307","2018-04-12 08:38:35.294","2018-04-12 08:43:16.02","3276",40.7145840353589,-74.042817056179,"3183",40.7162469,-74.0334588,"Subscriber",1965,"Male"
"26307","2018-04-12 12:12:32.531","2018-04-12 12:17:11.315","3269",40.7260117296463,-74.0503889322281,"3186",40.7195861164717,-74.0431174635887,"Subscriber",1981,"Male"
"26307","2018-04-12 17:30:11.971","2018-04-12 17:35:40.393","3186",40.7195861164717,-74.0431174635887,"3269",40.7260117296463,-74.0503889322281,"Subscriber",1979,"Male"
"26307","2018-04-13 08:28:22.019","2018-04-13 08:38:09.714","3269",40.7260117296463,-74.0503889322281,"3273",40.72165072488,-74.0428841114044,"Subscriber",1981,"Male"
"26307","2018-04-13 17:32:14.572","2018-04-13 17:36:04.042","3639",40.7192517,-74.034234,"3202",40.7272235,-74.0337589,"Subscriber",1989,"Male"
"26307","2018-04-13 17:49:20.39","2018-04-13 17:57:01.759","3202",40.7272235,-74.0337589,"3276",40.7145840353589,-74.042817056179,"Subscriber",1982,"Male"
"26307","2018-04-13 17:58:24.482","2018-04-13 18:04:42.525","3276",40.7145840353589,-74.042817056179,"3192",40.7112423,-74.0557013,"Subscriber",1986,"Male"
"26307","2018-04-14 08:06:50.512","2018-04-14 08:17:39.848","3192",40.7112423,-74.0557013,"3183",40.7162469,-74.0334588,"Subscriber",1992,"Female"
"26307","2018-04-14 10:30:49.779","2018-04-14 11:13:36.619","3183",40.7162469,-74.0334588,"3211",40.72152515,-74.046304543,"Customer",1983,"Female"
"26307","2018-04-14 12:04:38.63","2018-04-14 12:40:30.634","3211",40.72152515,-74.046304543,"3183",40.7162469,-74.0334588,"Customer",1983,"Female"
"26307","2018-04-14 14:25:12.942","2018-04-14 14:35:58.729","3183",40.7162469,-74.0334588,"3203",40.727595966,-74.044247311,"Subscriber",1991,"Female"
"26307","2018-04-14 14:48:13.038","2018-04-14 15:20:54.767","3203",40.727595966,-74.044247311,"3203",40.727595966,-74.044247311,"Subscriber",1967,"Male"
"26307","2018-04-14 16:29:09.472","2018-04-14 16:34:21.054","3203",40.727595966,-74.044247311,"3186",40.7195861164717,-74.0431174635887,"Subscriber",1987,"Male"
"26307","2018-04-14 16:54:00.92","2018-04-14 17:06:38.012","3186",40.7195861164717,-74.0431174635887,"3203",40.727595966,-74.044247311,"Subscriber",1971,"Female"
"26307","2018-04-15 12:28:33.693","2018-04-15 12:30:55.054","3203",40.727595966,-74.044247311,"3272",40.7233315864644,-74.0459525585174,"Subscriber",1987,"Male"
"26307","2018-04-16 20:59:21.918","2018-04-16 21:07:44.591","3272",40.7233315864644,-74.0459525585174,"3192",40.7112423,-74.0557013,"Subscriber",1989,"Male"
"26307","2018-04-17 07:16:58.987","2018-04-17 07:24:30.939","3192",40.7112423,-74.0557013,"3186",40.7195861164717,-74.0431174635887,"Subscriber",1985,"Male"
"26307","2018-04-17 17:41:46.686","2018-04-17 17:46:21.146","3186",40.7195861164717,-74.0431174635887,"3203",40.727595966,-74.044247311,"Subscriber",1981,"Female"
"26307","2018-04-18 07:07:43.126","2018-04-18 07:12:42.002","3203",40.727595966,-74.044247311,"3202",40.7272235,-74.0337589,"Subscriber",1969,"Female"
"26307","2018-04-18 17:56:11.915","2018-04-18 17:59:01.359","3202",40.7272235,-74.0337589,"3199",40.7287448,-74.0321082,"Subscriber",1989,"Female"
"26307","2018-04-19 18:50:18.875","2018-04-19 18:55:42.526","3186",40.7195861164717,-74.0431174635887,"3267",40.7124188237569,-74.0385255217552,"Subscriber",1984,"Male"
"26307","2018-04-20 06:18:43.05","2018-04-20 06:24:45.076","3267",40.7124188237569,-74.0385255217552,"3183",40.7162469,-74.0334588,"Subscriber",1983,"Male"
"26307","2018-04-21 22:23:55.727","2018-04-21 22:41:23.165","3481",40.71649,-74.04105,"3202",40.7272235,-74.0337589,"Subscriber",1989,"Male"
"26307","2018-04-22 13:03:31.62","2018-04-22 13:30:11.443","3202",40.7272235,-74.0337589,"3192",40.7112423,-74.0557013,"Customer",1958,"Female"
"26307","2018-04-22 14:47:39.244","2018-04-22 17:33:54.985","3192",40.7112423,-74.0557013,"3192",40.7112423,-74.0557013,"Customer",1969,"Unknown"
"26307","2018-04-23 12:44:54.638","2018-04-23 13:45:16.07","3192",40.7112423,-74.0557013,"3192",40.7112423,-74.0557013,"Customer",1969,"Unknown"
"26307","2018-05-01 18:01:04.285","2018-05-01 18:03:35.247","3198",40.7487159453802,-74.0404433012009,"3196",40.7443187,-74.0439909,"Subscriber",1988,"Female"
"26307","2018-05-02 07:53:25.197","2018-05-02 08:13:54.841","3196",40.7443187,-74.0439909,"3213",40.71848892,-74.047726625,"Subscriber",1977,"Male"
"26307","2018-05-02 08:46:24.212","2018-05-02 08:49:13.2","3213",40.71848892,-74.047726625,"3186",40.7195861164717,-74.0431174635887,"Subscriber",1976,"Male"
"26307","2018-05-03 09:23:47.707","2018-05-03 09:28:48.007","3276",40.7145840353589,-74.042817056179,"3186",40.7195861164717,-74.0431174635887,"Subscriber",1969,"Unknown"
"26307","2018-05-03 20:48:22.582","2018-05-03 20:54:14.462","3213",40.71848892,-74.047726625,"3192",40.7112423,-74.0557013,"Subscriber",1988,"Male"
"26307","2018-05-04 07:25:29.531","2018-05-04 07:38:50.769","3192",40.7112423,-74.0557013,"3183",40.7162469,-74.0334588,"Subscriber",1993,"Female"
"26307","2018-05-04 08:28:13.988","2018-05-04 08:29:33.052","3183",40.7162469,-74.0334588,"3184",40.7141454,-74.0335519,"Subscriber",1975,"Male"
"26307","2018-05-04 11:37:56.013","2018-05-04 11:44:38.504","3184",40.7141454,-74.0335519,"3273",40.72165072488,-74.0428841114044,"Subscriber",1994,"Male"
"26307","2018-05-04 12:16:52.881","2018-05-04 12:22:02.965","3273",40.72165072488,-74.0428841114044,"3203",40.727595966,-74.044247311,"Subscriber",1989,"Male"
"26307","2018-05-04 12:49:18.449","2018-05-04 12:54:18.55","3203",40.727595966,-74.044247311,"3202",40.7272235,-74.0337589,"Subscriber",1976,"Male"
"26307","2018-05-04 17:30:23.865","2018-05-04 17:36:40.491","3202",40.7272235,-74.0337589,"3185",40.7177325,-74.043845,"Subscriber",1982,"Male"
"26307","2018-05-04 18:02:26.638","2018-05-04 18:10:04.355","3185",40.7177325,-74.043845,"3214",40.7127742,-74.0364857,"Subscriber",1980,"Male"
"26307","2018-05-05 09:23:23.088","2018-05-05 09:27:06.801","3214",40.7127742,-74.0364857,"3639",40.7192517,-74.034234,"Subscriber",1983,"Male"
"26307","2018-05-05 20:38:39.74","2018-05-05 20:40:52.984","3639",40.7192517,-74.034234,"3187",40.7211236,-74.03805095,"Subscriber",1972,"Male"
"26307","2018-05-07 06:35:46.614","2018-05-07 06:39:40.688","3187",40.7211236,-74.03805095,"3183",40.7162469,-74.0334588,"Subscriber",1987,"Female"
"26307","2018-05-07 14:44:56.097","2018-05-07 14:59:26.698","3267",40.7124188237569,-74.0385255217552,"3267",40.7124188237569,-74.0385255217552,"Subscriber",1961,"Female"
"26307","2018-05-08 06:41:52.07","2018-05-08 06:46:05.027","3267",40.7124188237569,-74.0385255217552,"3183",40.7162469,-74.0334588,"Subscriber",1983,"Male"
"26307","2018-05-08 09:14:26.732","2018-05-08 09:17:32.487","3270",40.7252891078113,-74.0455716848373,"3186",40.7195861164717,-74.0431174635887,"Subscriber",1986,"Male"
"26307","2018-05-08 19:38:55.794","2018-05-08 20:33:46.621","3186",40.7195861164717,-74.0431174635887,"3186",40.7195861164717,-74.0431174635887,"Subscriber",1988,"Female"
"26307","2018-05-08 20:35:25.971","2018-05-08 20:40:40.209","3186",40.7195861164717,-74.0431174635887,"3278",40.725685483629,-74.0487903356552,"Subscriber",1992,"Male"
"26307","2018-05-08 21:45:36.995","2018-05-08 21:47:35.862","3186",40.7195861164717,-74.0431174635887,"3211",40.72152515,-74.046304543,"Subscriber",1991,"Male"
"26307","2018-05-09 07:18:46.002","2018-05-09 07:20:44.713","3211",40.72152515,-74.046304543,"3186",40.7195861164717,-74.0431174635887,"Subscriber",1991,"Male"
"26307","2018-05-09 08:39:54.334","2018-05-09 08:43:26.149","3267",40.7124188237569,-74.0385255217552,"3183",40.7162469,-74.0334588,"Subscriber",1991,"Male"
"26307","2018-05-10 06:26:44.92","2018-05-10 06:29:23.268","3213",40.71848892,-74.047726625,"3186",40.7195861164717,-74.0431174635887,"Subscriber",1974,"Female"
"26307","2018-05-10 08:03:03.571","2018-05-10 08:13:39.921","3211",40.72152515,-74.046304543,"3184",40.7141454,-74.0335519,"Subscriber",1991,"Male"
"26307","2018-05-10 08:56:14.858","2018-05-10 09:04:26.304","3184",40.7141454,-74.0335519,"3183",40.7162469,-74.0334588,"Subscriber",1982,"Male"
"26307","2018-05-10 16:35:31.244","2018-05-10 16:40:16.447","3183",40.7162469,-74.0334588,"3213",40.71848892,-74.047726625,"Subscriber",1986,"Male"
"26307","2018-05-10 17:35:35.446","2018-05-10 17:41:39.401","3213",40.71848892,-74.047726625,"3269",40.7260117296463,-74.0503889322281,"Subscriber",1989,"Male"
"26307","2018-05-10 17:49:20.801","2018-05-10 18:00:19.271","3269",40.7260117296463,-74.0503889322281,"3198",40.7487159453802,-74.0404433012009,"Subscriber",1992,"Male"
"26307","2018-05-11 12:22:59.808","2018-05-11 12:25:56.102","3198",40.7487159453802,-74.0404433012009,"3196",40.7443187,-74.0439909,"Subscriber",1989,"Male"
"26307","2018-05-11 15:53:37.077","2018-05-11 15:55:58.202","3196",40.7443187,-74.0439909,"3198",40.7487159453802,-74.0404433012009,"Subscriber",1993,"Male"
"26307","2018-05-14 20:49:11.106","2018-05-14 20:51:55.565","3198",40.7487159453802,-74.0404433012009,"3196",40.7443187,-74.0439909,"Subscriber",1988,"Female"
"26307","2018-05-15 12:02:27.669","2018-05-15 12:18:37.821","3196",40.7443187,-74.0439909,"3199",40.7287448,-74.0321082,"Subscriber",1972,"Female"
"26307","2018-05-15 12:43:42.046","2018-05-15 12:49:41.982","3199",40.7287448,-74.0321082,"3203",40.727595966,-74.044247311,"Subscriber",1966,"Male"
"26307","2018-05-15 13:13:37.016","2018-05-15 13:16:07.992","3203",40.727595966,-74.044247311,"3272",40.7233315864644,-74.0459525585174,"Subscriber",1986,"Male"
"26307","2018-05-15 13:19:45.57","2018-05-15 13:22:41.216","3272",40.7233315864644,-74.0459525585174,"3203",40.727595966,-74.044247311,"Subscriber",1986,"Male"
"26307","2018-05-15 18:09:19.966","2018-05-15 18:16:02.06","3203",40.727595966,-74.044247311,"3186",40.7195861164717,-74.0431174635887,"Subscriber",1973,"Female"
"26307","2018-05-15 18:22:38.003","2018-05-15 18:26:25.714","3186",40.7195861164717,-74.0431174635887,"3681",40.7151776773203,-74.0376833081245,"Subscriber",1985,"Female"
"26307","2018-05-16 08:29:45.644","2018-05-16 08:47:34.856","3681",40.7151776773203,-74.0376833081245,"3277",40.7143583687043,-74.0666109323502,"Subscriber",1961,"Male"
"26307","2018-05-20 17:25:44.176","2018-05-20 17:28:41.734","3206",40.7311689,-74.0575736,"3640",40.73367,-74.0625,"Subscriber",1973,"Male"
"26307","2018-05-20 17:44:53.35","2018-05-20 17:50:09.946","3640",40.73367,-74.0625,"3281",40.7459099663156,-74.0572714805603,"Subscriber",1984,"Male"
"26307","2018-05-21 08:37:41.643","2018-05-21 08:45:19.402","3281",40.7459099663156,-74.0572714805603,"3640",40.73367,-74.0625,"Subscriber",1978,"Male"
"26307","2018-05-21 18:29:36.041","2018-05-21 18:34:51.049","3640",40.73367,-74.0625,"3207",40.7376037,-74.0524783,"Subscriber",1963,"Male"
"26307","2018-05-22 08:24:13.507","2018-05-22 08:30:20.504","3207",40.7376037,-74.0524783,"3201",40.737711,-74.066921,"Subscriber",1981,"Male"
"26307","2018-05-24 08:53:29.858","2018-05-24 08:57:28.538","3201",40.737711,-74.066921,"3640",40.73367,-74.0625,"Subscriber",1988,"Male"
"26307","2018-05-24 21:35:05.55","2018-05-24 21:38:35.178","3640",40.73367,-74.0625,"3220",40.7349610200095,-74.0595030784607,"Subscriber",1990,"Male"
"26307","2018-05-29 18:02:01.44","2018-05-29 18:17:37.278","3195",40.7307426253066,-74.0637838840485,"3678",40.7257261374256,-74.0719592571259,"Subscriber",1976,"Female"
"26307","2018-05-30 07:30:52.948","2018-05-30 07:37:36.417","3678",40.7257261374256,-74.0719592571259,"3195",40.7307426253066,-74.0637838840485,"Subscriber",1990,"Male"
"26307","2018-06-01 18:34:59.721","2018-06-01 18:41:24.285","3195",40.7307426253066,-74.0637838840485,"3679",40.722103786686,-74.0714550018311,"Subscriber",1972,"Male"
"26307","2018-06-02 10:28:58.64","2018-06-02 10:57:57.788","3679",40.722103786686,-74.0714550018311,"3199",40.7287448,-74.0321082,"Subscriber",1972,"Male"
"26307","2018-06-02 12:10:00.528","2018-06-02 12:11:42.657","3199",40.7287448,-74.0321082,"3199",40.7287448,-74.0321082,"Subscriber",1995,"Female"
"26307","2018-06-02 12:19:08.27","2018-06-02 12:30:00.775","3199",40.7287448,-74.0321082,"3186",40.7195861164717,-74.0431174635887,"Subscriber",1976,"Male"
"26307","2018-06-03 15:51:17.884","2018-06-03 15:54:08.682","3272",40.7233315864644,-74.0459525585174,"3269",40.7260117296463,-74.0503889322281,"Subscriber",1988,"Male"
"26307","2018-06-03 18:32:18.838","2018-06-03 18:44:54.971","3269",40.7260117296463,-74.0503889322281,"3192",40.7112423,-74.0557013,"Subscriber",1958,"Male"
"26307","2018-06-04 10:55:30.393","2018-06-04 11:08:46.611","3192",40.7112423,-74.0557013,"3275",40.7183551982321,-74.0389144420624,"Subscriber",1985,"Male"
"26307","2018-06-04 11:53:24.814","2018-06-04 12:04:19.906","3275",40.7183551982321,-74.0389144420624,"3192",40.7112423,-74.0557013,"Subscriber",1985,"Male"
"26307","2018-06-04 20:06:09.503","2018-06-04 20:11:51.794","3186",40.7195861164717,-74.0431174635887,"3270",40.7252891078113,-74.0455716848373,"Subscriber",1987,"Female"
"26307","2018-06-05 02:08:45.201","2018-06-05 02:16:03.948","3640",40.73367,-74.0625,"3678",40.7257261374256,-74.0719592571259,"Subscriber",1990,"Male"
"26307","2018-06-05 09:20:37.365","2018-06-05 09:37:41.217","3678",40.7257261374256,-74.0719592571259,"3202",40.7272235,-74.0337589,"Subscriber",1990,"Male"
"26307","2018-06-05 19:22:00.555","2018-06-05 19:28:07.154","3195",40.7307426253066,-74.0637838840485,"3679",40.722103786686,-74.0714550018311,"Subscriber",1989,"Female"
"26307","2018-06-06 06:47:51.059","2018-06-06 06:54:30.391","3679",40.722103786686,-74.0714550018311,"3195",40.7307426253066,-74.0637838840485,"Subscriber",1989,"Female"
"26307","2018-06-06 11:16:40.945","2018-06-06 11:24:13.275","3195",40.7307426253066,-74.0637838840485,"3280",40.719282200707,-74.071261882782,"Subscriber",1975,"Male"
"26307","2018-06-06 11:44:45.905","2018-06-06 11:54:52.513","3280",40.719282200707,-74.071261882782,"3186",40.7195861164717,-74.0431174635887,"Subscriber",1978,"Male"
"26307","2018-06-06 17:45:08.304","2018-06-06 17:49:49.615","3186",40.7195861164717,-74.0431174635887,"3209",40.7241765,-74.0506564,"Subscriber",1990,"Male"
"26307","2018-06-06 20:57:05.689","2018-06-06 20:59:07.345","3209",40.7241765,-74.0506564,"3272",40.7233315864644,-74.0459525585174,"Subscriber",1984,"Male"
"26307","2018-06-06 21:05:00.199","2018-06-06 21:07:59.83","3272",40.7233315864644,-74.0459525585174,"3209",40.7241765,-74.0506564,"Subscriber",1984,"Male"
"26307","2018-06-07 06:48:16.188","2018-06-07 06:52:28.965","3209",40.7241765,-74.0506564,"3186",40.7195861164717,-74.0431174635887,"Subscriber",1993,"Male"
"26307","2018-06-07 08:17:27.171","2018-06-07 08:21:37.132","3203",40.727595966,-74.044247311,"3186",40.7195861164717,-74.0431174635887,"Subscriber",1978,"Female"
"26307","2018-06-07 18:51:34.133","2018-06-07 18:56:04.44","3186",40.7195861164717,-74.0431174635887,"3270",40.7252891078113,-74.0455716848373,"Subscriber",1977,"Female"
"26307","2018-06-07 20:18:22.259","2018-06-07 20:22:55.902","3202",40.7272235,-74.0337589,"3187",40.7211236,-74.03805095,"Subscriber",1973,"Male"
"26307","2018-06-08 15:48:26.556","2018-06-08 15:51:39.376","3187",40.7211236,-74.03805095,"3272",40.7233315864644,-74.0459525585174,"Subscriber",1985,"Male"
"26307","2018-06-08 18:39:47.503","2018-06-08 18:42:15.372","3272",40.7233315864644,-74.0459525585174,"3203",40.727595966,-74.044247311,"Subscriber",1970,"Male"
"26307","2018-06-08 20:49:19.054","2018-06-08 20:52:15.128","3203",40.727595966,-74.044247311,"3269",40.7260117296463,-74.0503889322281,"Subscriber",1987,"Female"
"26307","2018-06-09 09:13:42.619","2018-06-09 09:18:53.223","3269",40.7260117296463,-74.0503889322281,"3186",40.7195861164717,-74.0431174635887,"Subscriber",1981,"Female"
"26307","2018-06-09 09:42:56.515","2018-06-09 10:21:30.751","3186",40.7195861164717,-74.0431174635887,"3185",40.7177325,-74.043845,"Subscriber",1982,"Female"
"26307","2018-06-09 16:38:07.056","2018-06-09 16:46:25.078","3212",40.734785818,-74.050443636,"3206",40.7311689,-74.0575736,"Subscriber",1985,"Male"
"26307","2018-06-09 17:48:04.188","2018-06-09 17:53:27.909","3206",40.7311689,-74.0575736,"3203",40.727595966,-74.044247311,"Subscriber",1989,"Male"
"26307","2018-06-09 17:59:53.6","2018-06-09 18:17:57.692","3203",40.727595966,-74.044247311,"3199",40.7287448,-74.0321082,"Subscriber",1977,"Female"
"26307","2018-06-09 18:21:16.433","2018-06-09 18:38:13.943","3199",40.7287448,-74.0321082,"3214",40.7127742,-74.0364857,"Subscriber",1977,"Female"
"26307","2018-06-09 18:41:09.64","2018-06-09 18:57:43.867","3214",40.7127742,-74.0364857,"3203",40.727595966,-74.044247311,"Subscriber",1977,"Female"
"26307","2018-06-10 10:28:56.828","2018-06-10 10:32:17.846","3203",40.727595966,-74.044247311,"3272",40.7233315864644,-74.0459525585174,"Subscriber",1977,"Female"
"26307","2018-06-10 11:06:15.867","2018-06-10 11:14:18.595","3272",40.7233315864644,-74.0459525585174,"3184",40.7141454,-74.0335519,"Subscriber",1988,"Male"
"26307","2018-06-10 20:01:45.057","2018-06-10 20:06:21.434","3184",40.7141454,-74.0335519,"3276",40.7145840353589,-74.042817056179,"Subscriber",1964,"Female"
"26307","2018-06-11 05:41:37.699","2018-06-11 05:44:18.895","3276",40.7145840353589,-74.042817056179,"3186",40.7195861164717,-74.0431174635887,"Subscriber",1984,"Male"
"26307","2018-06-11 10:02:24.551","2018-06-11 10:12:35.376","3225",40.7236589,-74.0641943,"3186",40.7195861164717,-74.0431174635887,"Subscriber",1956,"Male"
"26307","2018-06-11 16:58:47.404","2018-06-11 17:03:07.276","3186",40.7195861164717,-74.0431174635887,"3278",40.725685483629,-74.0487903356552,"Subscriber",1982,"Female"
"26307","2018-06-11 18:56:19.094","2018-06-11 18:59:33.695","3183",40.7162469,-74.0334588,"3639",40.7192517,-74.034234,"Subscriber",1992,"Male"
"26307","2018-06-12 19:42:19.445","2018-06-12 19:45:26.601","3639",40.7192517,-74.034234,"3187",40.7211236,-74.03805095,"Subscriber",1991,"Male"
"26307","2018-06-12 20:45:28.725","2018-06-12 20:50:36.231","3187",40.7211236,-74.03805095,"3185",40.7177325,-74.043845,"Subscriber",1988,"Female"
"26307","2018-06-13 00:09:38.123","2018-06-13 00:13:40.489","3185",40.7177325,-74.043845,"3279",40.7216301426384,-74.0499678254128,"Subscriber",1996,"Female"
"26307","2018-06-13 09:26:42.136","2018-06-13 09:29:39.784","3279",40.7216301426384,-74.0499678254128,"3186",40.7195861164717,-74.0431174635887,"Subscriber",1973,"Male"
"26307","2018-06-13 09:29:57.279","2018-06-13 09:33:37.141","3186",40.7195861164717,-74.0431174635887,"3483",40.71942,-74.05099,"Subscriber",1987,"Male"
"26307","2018-06-14 10:54:06.633","2018-06-14 10:56:50.509","3483",40.71942,-74.05099,"3186",40.7195861164717,-74.0431174635887,"Subscriber",1963,"Female"
"26307","2018-06-14 14:26:17.112","2018-06-14 14:37:20.176","3207",40.7376037,-74.0524783,"3211",40.72152515,-74.046304543,"Subscriber",1989,"Female"
"26307","2018-06-14 14:38:43.148","2018-06-14 14:59:58.557","3211",40.72152515,-74.046304543,"3279",40.7216301426384,-74.0499678254128,"Subscriber",1959,"Female"
"26307","2018-06-15 06:32:53.421","2018-06-15 06:36:47.241","3279",40.7216301426384,-74.0499678254128,"3203",40.727595966,-74.044247311,"Subscriber",1985,"Male"
"26307","2018-06-15 07:12:40.689","2018-06-15 07:17:13.593","3203",40.727595966,-74.044247311,"3202",40.7272235,-74.0337589,"Subscriber",1987,"Male"
"26307","2018-06-15 08:13:16.879","2018-06-15 08:19:50.577","3202",40.7272235,-74.0337589,"3639",40.7192517,-74.034234,"Subscriber",1989,"Male"
"26307","2018-06-15 08:35:26.828","2018-06-15 08:48:57.741","3639",40.7192517,-74.034234,"3194",40.7253399253558,-74.0676221251488,"Subscriber",1984,"Male"
"26307","2018-06-15 20:58:09.023","2018-06-15 21:01:03.154","3194",40.7253399253558,-74.0676221251488,"3195",40.7307426253066,-74.0637838840485,"Subscriber",1990,"Male"
"26307","2018-06-15 21:14:25.2","2018-06-15 21:21:13.154","3195",40.7307426253066,-74.0637838840485,"3678",40.7257261374256,-74.0719592571259,"Subscriber",1978,"Male"
"26307","2018-06-16 08:56:32.911","2018-06-16 09:00:53.387","3678",40.7257261374256,-74.0719592571259,"3195",40.7307426253066,-74.0637838840485,"Subscriber",1987,"Male"
"26307","2018-06-16 11:30:57.139","2018-06-16 11:37:20.177","3195",40.7307426253066,-74.0637838840485,"3207",40.7376037,-74.0524783,"Subscriber",1988,"Male"
"26307","2018-06-16 17:22:25.034","2018-06-16 17:30:01.487","3207",40.7376037,-74.0524783,"3201",40.737711,-74.066921,"Subscriber",1981,"Male"
"26307","2018-06-18 16:36:23.392","2018-06-18 16:41:44.025","3201",40.737711,-74.066921,"3195",40.7307426253066,-74.0637838840485,"Subscriber",1984,"Male"
"26307","2018-06-18 17:25:27.869","2018-06-18 17:31:11.732","3195",40.7307426253066,-74.0637838840485,"3201",40.737711,-74.066921,"Subscriber",1984,"Male"
"26307","2018-06-26 17:55:52.018","2018-06-26 18:14:36.459","3220",40.7349610200095,-74.0595030784607,"3220",40.7349610200095,-74.0595030784607,"Subscriber",1961,"Male"
"26307","2018-06-26 19:22:58.024","2018-06-26 19:47:20.343","3220",40.7349610200095,-74.0595030784607,"3205",40.7165397809919,-74.0496379137039,"Subscriber",1963,"Female"
"26307","2018-06-27 10:31:52.014","2018-06-27 10:57:38.864","3205",40.7165397809919,-74.0496379137039,"3205",40.7165397809919,-74.0496379137039,"Customer",1969,"Unknown"
"26307","2018-06-27 11:43:43.995","2018-06-27 11:51:01.996","3205",40.7165397809919,-74.0496379137039,"3267",40.7124188237569,-74.0385255217552,"Customer",1969,"Unknown"
"26307","2018-06-27 20:05:11.029","2018-06-27 20:07:28.744","3183",40.7162469,-74.0334588,"3214",40.7127742,-74.0364857,"Subscriber",1984,"Male"
"26307","2018-06-27 20:51:58.749","2018-06-27 20:58:57.948","3214",40.7127742,-74.0364857,"3276",40.7145840353589,-74.042817056179,"Subscriber",1987,"Male"
"26307","2018-06-28 09:33:47.504","2018-06-28 09:37:51.273","3276",40.7145840353589,-74.042817056179,"3186",40.7195861164717,-74.0431174635887,"Subscriber",1992,"Male"
"26307","2018-06-28 18:46:43.793","2018-06-28 18:50:57.819","3186",40.7195861164717,-74.0431174635887,"3209",40.7241765,-74.0506564,"Subscriber",1991,"Female"
"26307","2018-06-29 08:53:44.876","2018-06-29 08:57:54.996","3209",40.7241765,-74.0506564,"3186",40.7195861164717,-74.0431174635887,"Subscriber",1991,"Female"
"26307","2018-06-29 10:47:29.08","2018-06-29 10:51:58.625","3203",40.727595966,-74.044247311,"3186",40.7195861164717,-74.0431174635887,"Subscriber",1991,"Male"
"26307","2018-06-29 14:07:56.075","2018-06-29 14:36:41.085","3186",40.7195861164717,-74.0431174635887,"3203",40.727595966,-74.044247311,"Customer",1985,"Female"
"26307","2018-06-29 20:04:28.829","2018-06-29 20:08:17.691","3183",40.7162469,-74.0334588,"3267",40.7124188237569,-74.0385255217552,"Subscriber",1986,"Male"
"26307","2018-07-01 12:39:53.345","2018-07-01 12:50:46.449","3267",40.7124188237569,-74.0385255217552,"3276",40.7145840353589,-74.042817056179,"Subscriber",1990,"Male"
"26307","2018-07-01 13:42:25.247","2018-07-01 15:26:54.296","3276",40.7145840353589,-74.042817056179,"3276",40.7145840353589,-74.042817056179,"Customer",1969,"Unknown"
"26307","2018-07-01 18:47:21.612","2018-07-01 18:55:46.363","3276",40.7145840353589,-74.042817056179,"3214",40.7127742,-74.0364857,"Subscriber",1985,"Female"
"26307","2018-07-01 19:24:24.596","2018-07-01 19:37:08.244","3214",40.7127742,-74.0364857,"3639",40.7192517,-74.034234,"Subscriber",1984,"Female"
"26307","2018-07-01 20:01:44.893","2018-07-01 20:06:34.918","3639",40.7192517,-74.034234,"3184",40.7141454,-74.0335519,"Subscriber",1984,"Female"
"26307","2018-07-02 17:29:32.301","2018-07-02 17:32:58.596","3184",40.7141454,-74.0335519,"3481",40.71649,-74.04105,"Subscriber",1980,"Male"
"26307","2018-07-03 07:44:43.16","2018-07-03 07:49:24.302","3481",40.71649,-74.04105,"3183",40.7162469,-74.0334588,"Subscriber",1986,"Male"
"26307","2018-07-04 17:51:15.715","2018-07-04 17:56:33.605","3270",40.7252891078113,-74.0455716848373,"3186",40.7195861164717,-74.0431174635887,"Subscriber",1966,"Male"
"26307","2018-07-04 20:40:14.487","2018-07-04 20:52:17.514","3186",40.7195861164717,-74.0431174635887,"3225",40.7236589,-74.0641943,"Customer",1996,"Male"
"26307","2018-07-05 13:41:10.253","2018-07-05 13:46:06.951","3225",40.7236589,-74.0641943,"3195",40.7307426253066,-74.0637838840485,"Customer",1969,"Unknown"
"26307","2018-07-05 15:31:18.881","2018-07-05 15:34:48.586","3195",40.7307426253066,-74.0637838840485,"3194",40.7253399253558,-74.0676221251488,"Subscriber",1966,"Male"
"26307","2018-07-05 16:03:09.899","2018-07-05 16:07:07.737","3194",40.7253399253558,-74.0676221251488,"3195",40.7307426253066,-74.0637838840485,"Subscriber",1990,"Male"
"26307","2018-07-05 16:20:11.062","2018-07-05 16:23:33.72","3195",40.7307426253066,-74.0637838840485,"3194",40.7253399253558,-74.0676221251488,"Subscriber",1990,"Male"
"26307","2018-07-06 08:29:40.791","2018-07-06 08:33:02.567","3194",40.7253399253558,-74.0676221251488,"3195",40.7307426253066,-74.0637838840485,"Subscriber",1966,"Male"
"26307","2018-07-06 18:45:45.665","2018-07-06 18:50:43.059","3195",40.7307426253066,-74.0637838840485,"3225",40.7236589,-74.0641943,"Subscriber",1986,"Female"
"26307","2018-07-06 19:51:53.095","2018-07-06 19:53:22.184","3225",40.7236589,-74.0641943,"3194",40.7253399253558,-74.0676221251488,"Subscriber",1986,"Female"
"26307","2018-07-08 07:42:39.702","2018-07-08 07:48:19.735","3194",40.7253399253558,-74.0676221251488,"3279",40.7216301426384,-74.0499678254128,"Subscriber",1966,"Male"
"26307","2018-07-08 14:13:18.954","2018-07-08 14:17:53.975","3279",40.7216301426384,-74.0499678254128,"3269",40.7260117296463,-74.0503889322281,"Subscriber",1984,"Female"
"26307","2018-07-09 07:33:50.194","2018-07-09 07:39:08.067","3269",40.7260117296463,-74.0503889322281,"3186",40.7195861164717,-74.0431174635887,"Subscriber",1977,"Male"
"26307","2018-07-09 19:56:16.198","2018-07-09 20:01:06.556","3186",40.7195861164717,-74.0431174635887,"3276",40.7145840353589,-74.042817056179,"Subscriber",1969,"Unknown"
"26307","2018-07-10 05:42:32.898","2018-07-10 05:45:50.36","3276",40.7145840353589,-74.042817056179,"3214",40.7127742,-74.0364857,"Subscriber",1987,"Male"
"26307","2018-07-10 07:37:48.806","2018-07-10 07:39:30.56","3214",40.7127742,-74.0364857,"3184",40.7141454,-74.0335519,"Subscriber",1974,"Male"
"26307","2018-07-10 12:24:33.743","2018-07-10 12:30:40.981","3184",40.7141454,-74.0335519,"3638",40.7242941,-74.0354826,"Subscriber",1983,"Male"
"26307","2018-07-10 13:16:54.254","2018-07-10 13:23:53.064","3638",40.7242941,-74.0354826,"3183",40.7162469,-74.0334588,"Subscriber",1983,"Male"
"26307","2018-07-10 15:57:36.348","2018-07-10 16:01:24.998","3183",40.7162469,-74.0334588,"3187",40.7211236,-74.03805095,"Subscriber",1975,"Male"
"26307","2018-07-10 17:52:21.629","2018-07-10 17:57:20.502","3202",40.7272235,-74.0337589,"3275",40.7183551982321,-74.0389144420624,"Subscriber",1986,"Male"
"26307","2018-07-10 18:12:57.582","2018-07-10 18:14:52.932","3275",40.7183551982321,-74.0389144420624,"3186",40.7195861164717,-74.0431174635887,"Subscriber",1978,"Male"
"26307","2018-07-10 18:16:26.1","2018-07-10 18:21:31.91","3186",40.7195861164717,-74.0431174635887,"3269",40.7260117296463,-74.0503889322281,"Subscriber",1984,"Male"
"26307","2018-07-10 21:25:26.571","2018-07-10 21:27:53.9","3184",40.7141454,-74.0335519,"3214",40.7127742,-74.0364857,"Subscriber",1993,"Male"
"26307","2018-07-16 19:47:12.452","2018-07-16 19:57:08.421","3195",40.7307426253066,-74.0637838840485,"3193",40.7246050998869,-74.0784059464931,"Subscriber",1983,"Male"
"26307","2018-07-17 07:49:30.09","2018-07-17 07:56:44.391","3193",40.7246050998869,-74.0784059464931,"3195",40.7307426253066,-74.0637838840485,"Subscriber",1983,"Male"
"26307","2018-07-17 20:39:20.58","2018-07-17 20:46:40.545","3195",40.7307426253066,-74.0637838840485,"3678",40.7257261374256,-74.0719592571259,"Subscriber",1989,"Male"
"26307","2018-07-18 08:12:53.62","2018-07-18 08:17:41.849","3678",40.7257261374256,-74.0719592571259,"3195",40.7307426253066,-74.0637838840485,"Subscriber",1978,"Male"
"26307","2018-07-18 19:12:51.543","2018-07-18 19:18:19.929","3195",40.7307426253066,-74.0637838840485,"3678",40.7257261374256,-74.0719592571259,"Subscriber",1968,"Male"
"26307","2018-07-19 06:53:53.842","2018-07-19 06:58:10.908","3678",40.7257261374256,-74.0719592571259,"3195",40.7307426253066,-74.0637838840485,"Subscriber",1984,"Male"
"26307","2018-07-19 17:05:03.487","2018-07-19 17:13:30.339","3195",40.7307426253066,-74.0637838840485,"3679",40.722103786686,-74.0714550018311,"Subscriber",1967,"Female"
"26307","2018-07-20 07:09:02.5","2018-07-20 07:21:20.054","3679",40.722103786686,-74.0714550018311,"3185",40.7177325,-74.043845,"Subscriber",1994,"Male"
"26307","2018-07-20 08:34:54.222","2018-07-20 08:40:16.85","3185",40.7177325,-74.043845,"3184",40.7141454,-74.0335519,"Subscriber",1995,"Male"
"26307","2018-07-20 11:35:58.298","2018-07-20 11:40:00.116","3184",40.7141454,-74.0335519,"3275",40.7183551982321,-74.0389144420624,"Subscriber",1981,"Male"
"26307","2018-07-20 12:43:47.394","2018-07-20 13:02:04.501","3275",40.7183551982321,-74.0389144420624,"3220",40.7349610200095,-74.0595030784607,"Subscriber",1987,"Male"
"26307","2018-07-20 13:52:16.161","2018-07-20 14:04:36.332","3220",40.7349610200095,-74.0595030784607,"3187",40.7211236,-74.03805095,"Subscriber",1987,"Male"
"26307","2018-07-20 18:05:02.839","2018-07-20 18:11:37.219","3187",40.7211236,-74.03805095,"3276",40.7145840353589,-74.042817056179,"Subscriber",1963,"Male"
"26307","2018-07-21 11:29:09.886","2018-07-21 11:49:06.783","3276",40.7145840353589,-74.042817056179,"3199",40.7287448,-74.0321082,"Subscriber",1984,"Male"
"26307","2018-07-21 12:12:19.295","2018-07-21 12:42:12.565","3199",40.7287448,-74.0321082,"3211",40.72152515,-74.046304543,"Subscriber",1976,"Male"
"26307","2018-07-22 12:29:32.994","2018-07-22 12:36:33.903","3211",40.72152515,-74.046304543,"3184",40.7141454,-74.0335519,"Subscriber",1990,"Male"
"26307","2018-07-22 14:24:28.931","2018-07-22 14:34:58.093","3184",40.7141454,-74.0335519,"3185",40.7177325,-74.043845,"Subscriber",1989,"Male"
"26307","2018-07-22 15:51:52.429","2018-07-22 16:09:24.596","3185",40.7177325,-74.043845,"3183",40.7162469,-74.0334588,"Subscriber",1969,"Unknown"
"26307","2018-07-22 17:05:14.528","2018-07-22 17:22:47.612","3183",40.7162469,-74.0334588,"3638",40.7242941,-74.0354826,"Subscriber",1986,"Female"
"26307","2018-07-23 17:16:19.815","2018-07-23 17:20:05.965","3638",40.7242941,-74.0354826,"3639",40.7192517,-74.034234,"Subscriber",1981,"Male"
"26307","2018-07-23 18:00:54.933","2018-07-23 18:03:42.752","3639",40.7192517,-74.034234,"3183",40.7162469,-74.0334588,"Subscriber",1981,"Male"
"26307","2018-07-23 18:23:39.373","2018-07-23 18:27:35.414","3183",40.7162469,-74.0334588,"3187",40.7211236,-74.03805095,"Subscriber",1990,"Male"
"26307","2018-07-23 18:41:14.427","2018-07-23 18:48:31.358","3187",40.7211236,-74.03805095,"3203",40.727595966,-74.044247311,"Subscriber",1988,"Female"
"26307","2018-07-24 08:22:42.962","2018-07-24 08:31:20.348","3203",40.727595966,-74.044247311,"3276",40.7145840353589,-74.042817056179,"Subscriber",1971,"Female"
"26307","2018-07-24 08:37:48.545","2018-07-24 08:46:58.147","3276",40.7145840353589,-74.042817056179,"3202",40.7272235,-74.0337589,"Subscriber",1990,"Male"
"26307","2018-07-24 11:22:13.219","2018-07-24 11:26:12.959","3202",40.7272235,-74.0337589,"3187",40.7211236,-74.03805095,"Subscriber",1992,"Male"
"26307","2018-07-24 20:42:52.75","2018-07-24 20:47:14.572","3187",40.7211236,-74.03805095,"3202",40.7272235,-74.0337589,"Subscriber",1985,"Male"
"26307","2018-07-24 21:18:40.569","2018-07-24 21:28:19.253","3202",40.7272235,-74.0337589,"3276",40.7145840353589,-74.042817056179,"Subscriber",1989,"Male"
"26307","2018-07-26 08:17:45.73","2018-07-26 08:22:30.46","3639",40.7192517,-74.034234,"3202",40.7272235,-74.0337589,"Subscriber",1989,"Male"
"26307","2018-07-26 17:35:34.787","2018-07-26 17:41:55.606","3186",40.7195861164717,-74.0431174635887,"3269",40.7260117296463,-74.0503889322281,"Subscriber",1983,"Female"
"26307","2018-07-26 17:53:08.913","2018-07-26 18:10:09.091","3269",40.7260117296463,-74.0503889322281,"3186",40.7195861164717,-74.0431174635887,"Subscriber",1983,"Female"
"26307","2018-07-26 18:24:00.698","2018-07-26 18:26:21.931","3186",40.7195861164717,-74.0431174635887,"3272",40.7233315864644,-74.0459525585174,"Subscriber",1978,"Male"
"26307","2018-07-26 18:32:18.892","2018-07-26 18:33:52.682","3272",40.7233315864644,-74.0459525585174,"3278",40.725685483629,-74.0487903356552,"Subscriber",1978,"Male"
"26307","2018-07-26 19:40:27.497","2018-07-26 19:49:37.433","3186",40.7195861164717,-74.0431174635887,"3192",40.7112423,-74.0557013,"Subscriber",1977,"Male"
"26307","2018-07-27 07:20:48.235","2018-07-27 07:28:02.929","3192",40.7112423,-74.0557013,"3185",40.7177325,-74.043845,"Subscriber",1977,"Male"
"26307","2018-07-27 08:59:51.352","2018-07-27 09:04:27.99","3185",40.7177325,-74.043845,"3214",40.7127742,-74.0364857,"Subscriber",1988,"Female"
"26307","2018-07-27 13:18:05.645","2018-07-27 13:20:55.823","3214",40.7127742,-74.0364857,"3183",40.7162469,-74.0334588,"Subscriber",1987,"Male"
"26307","2018-07-28 16:40:25.881","2018-07-28 16:47:04.978","3183",40.7162469,-74.0334588,"3276",40.7145840353589,-74.042817056179,"Customer",1981,"Male"
"26307","2018-07-28 17:11:01.459","2018-07-28 17:17:05.285","3276",40.7145840353589,-74.042817056179,"3186",40.7195861164717,-74.0431174635887,"Subscriber",1979,"Male"
"26307","2018-07-28 17:48:52.66","2018-07-28 17:53:11.353","3186",40.7195861164717,-74.0431174635887,"3278",40.725685483629,-74.0487903356552,"Subscriber",1981,"Female"
"26307","2018-07-28 18:27:11.546","2018-07-28 18:31:31.556","3278",40.725685483629,-74.0487903356552,"3186",40.7195861164717,-74.0431174635887,"Subscriber",1978,"Male"
"26307","2018-07-29 04:09:34.359","2018-07-29 04:12:17.128","3186",40.7195861164717,-74.0431174635887,"3276",40.7145840353589,-74.042817056179,"Subscriber",1984,"Male"
"26307","2018-07-29 09:46:11.505","2018-07-29 09:52:10.943","3276",40.7145840353589,-74.042817056179,"3211",40.72152515,-74.046304543,"Subscriber",1989,"Male"
"26307","2018-07-29 10:11:27.838","2018-07-29 10:17:00.091","3211",40.72152515,-74.046304543,"3276",40.7145840353589,-74.042817056179,"Subscriber",1989,"Male"
"26307","2018-07-29 12:26:02.933","2018-07-29 12:30:11.081","3276",40.7145840353589,-74.042817056179,"3681",40.7151776773203,-74.0376833081245,"Subscriber",1988,"Male"
"26307","2018-07-29 20:16:39.791","2018-07-29 20:31:14.045","3681",40.7151776773203,-74.0376833081245,"3203",40.727595966,-74.044247311,"Subscriber",1992,"Female"
"26307","2018-07-30 07:44:14.038","2018-07-30 08:12:20.098","3203",40.727595966,-74.044247311,"3186",40.7195861164717,-74.0431174635887,"Subscriber",1960,"Male"
"26307","2018-07-30 18:49:52.56","2018-07-30 18:52:28.637","3186",40.7195861164717,-74.0431174635887,"3272",40.7233315864644,-74.0459525585174,"Subscriber",1952,"Male"
"26307","2018-07-30 20:39:22.541","2018-07-30 20:49:13.974","3272",40.7233315864644,-74.0459525585174,"3202",40.7272235,-74.0337589,"Subscriber",1987,"Male"
"26307","2018-07-30 21:13:35.478","2018-07-30 21:21:59.013","3202",40.7272235,-74.0337589,"3272",40.7233315864644,-74.0459525585174,"Subscriber",1991,"Female"
"26307","2018-07-31 07:13:22.903","2018-07-31 07:20:31.681","3272",40.7233315864644,-74.0459525585174,"3639",40.7192517,-74.034234,"Subscriber",1977,"Male"
"26307","2018-07-31 07:49:50.455","2018-07-31 07:56:48.847","3639",40.7192517,-74.034234,"3272",40.7233315864644,-74.0459525585174,"Subscriber",1977,"Male"
"26307","2018-07-31 08:18:47.379","2018-07-31 08:24:49.495","3272",40.7233315864644,-74.0459525585174,"3183",40.7162469,-74.0334588,"Subscriber",1988,"Male"
"26307","2018-07-31 08:42:17.063","2018-07-31 08:47:16.998","3267",40.7124188237569,-74.0385255217552,"3183",40.7162469,-74.0334588,"Subscriber",1989,"Female"
"26307","2018-07-31 15:25:32.186","2018-07-31 15:28:30.803","3183",40.7162469,-74.0334588,"3681",40.7151776773203,-74.0376833081245,"Subscriber",1976,"Female"
"26307","2018-07-31 18:03:16.558","2018-07-31 18:44:01.317","3202",40.7272235,-74.0337589,"3640",40.73367,-74.0625,"Customer",1990,"Female"
"26307","2018-07-31 18:58:24.405","2018-07-31 19:01:02.363","3640",40.73367,-74.0625,"3201",40.737711,-74.066921,"Subscriber",1970,"Male"
"26307","2018-08-01 17:59:09.171","2018-08-01 18:06:07.105","3640",40.73367,-74.0625,"3207",40.7376037,-74.0524783,"Subscriber",1987,"Female"
"26307","2018-08-02 08:42:40.881","2018-08-02 08:53:15.6","3207",40.7376037,-74.0524783,"3195",40.7307426253066,-74.0637838840485,"Subscriber",1990,"Male"
"26307","2018-08-02 19:20:37.063","2018-08-02 19:28:23.16","3195",40.7307426253066,-74.0637838840485,"3678",40.7257261374256,-74.0719592571259,"Subscriber",1971,"Female"
"26307","2018-08-03 08:54:48.848","2018-08-03 09:00:53.372","3678",40.7257261374256,-74.0719592571259,"3195",40.7307426253066,-74.0637838840485,"Subscriber",1980,"Male"
"26307","2018-08-03 18:48:37.757","2018-08-03 19:00:23.898","3195",40.7307426253066,-74.0637838840485,"3191",40.7182113,-74.0836394,"Subscriber",1993,"Female"
"26307","2018-08-08 13:28:21.22","2018-08-08 13:35:26.792","3212",40.734785818,-74.050443636,"3206",40.7311689,-74.0575736,"Subscriber",1992,"Male"
"26307","2018-08-08 17:04:05.28","2018-08-08 17:15:24.471","3206",40.7311689,-74.0575736,"3210",40.742677141,-74.051788633,"Customer",1991,"Female"
"26307","2018-08-09 17:27:17.101","2018-08-09 17:33:40.942","3210",40.742677141,-74.051788633,"3220",40.7349610200095,-74.0595030784607,"Subscriber",1988,"Male"
"26307","2018-08-09 20:11:39.246","2018-08-09 20:17:54.535","3220",40.7349610200095,-74.0595030784607,"3210",40.742677141,-74.051788633,"Subscriber",1990,"Male"
"26307","2018-08-17 15:29:01.817","2018-08-17 15:36:09.933","3210",40.742677141,-74.051788633,"3220",40.7349610200095,-74.0595030784607,"Subscriber",1988,"Male"
"26307","2018-08-17 16:01:32.109","2018-08-17 16:06:09.823","3220",40.7349610200095,-74.0595030784607,"3195",40.7307426253066,-74.0637838840485,"Subscriber",1988,"Male"
"26307","2018-08-17 21:39:59.586","2018-08-17 21:43:23.594","3195",40.7307426253066,-74.0637838840485,"3207",40.7376037,-74.0524783,"Subscriber",1981,"Male"
"26307","2018-08-19 11:24:00.971","2018-08-19 11:27:05.273","3207",40.7376037,-74.0524783,"3210",40.742677141,-74.051788633,"Subscriber",1989,"Male"
"26307","2018-08-19 13:57:21.345","2018-08-19 14:04:08.668","3210",40.742677141,-74.051788633,"3220",40.7349610200095,-74.0595030784607,"Subscriber",1983,"Male"
"26307","2018-08-20 08:31:22.331","2018-08-20 08:35:06.46","3220",40.7349610200095,-74.0595030784607,"3195",40.7307426253066,-74.0637838840485,"Subscriber",1984,"Male"
"26307","2018-08-20 16:12:40.237","2018-08-20 16:18:17.451","3195",40.7307426253066,-74.0637838840485,"3679",40.722103786686,-74.0714550018311,"Subscriber",1985,"Male"
"26307","2018-08-20 17:44:48.683","2018-08-20 17:50:25.743","3679",40.722103786686,-74.0714550018311,"3195",40.7307426253066,-74.0637838840485,"Subscriber",1983,"Female"
"26307","2018-08-20 19:01:11.734","2018-08-20 19:10:04.732","3195",40.7307426253066,-74.0637838840485,"3186",40.7195861164717,-74.0431174635887,"Subscriber",1976,"Male"
"26307","2018-08-20 19:20:01.88","2018-08-20 19:25:24.972","3186",40.7195861164717,-74.0431174635887,"3276",40.7145840353589,-74.042817056179,"Subscriber",1991,"Female"
"26307","2018-08-21 09:05:14.621","2018-08-21 09:10:20.479","3276",40.7145840353589,-74.042817056179,"3183",40.7162469,-74.0334588,"Subscriber",1965,"Male"
"26307","2018-08-21 10:37:05.297","2018-08-21 10:58:06.155","3276",40.7145840353589,-74.042817056179,"3183",40.7162469,-74.0334588,"Subscriber",1988,"Male"
"26307","2018-08-21 17:58:06.207","2018-08-21 18:24:16.074","3183",40.7162469,-74.0334588,"3281",40.7459099663156,-74.0572714805603,"Subscriber",1976,"Male"
"26307","2018-08-21 19:06:17.544","2018-08-21 19:11:55.367","3281",40.7459099663156,-74.0572714805603,"3210",40.742677141,-74.051788633,"Subscriber",1969,"Male"
"26307","2018-08-22 08:40:01.954","2018-08-22 08:50:24.459","3210",40.742677141,-74.051788633,"3202",40.7272235,-74.0337589,"Subscriber",1995,"Female"
"26307","2018-08-23 09:22:36.861","2018-08-23 09:25:39.411","3187",40.7211236,-74.03805095,"3183",40.7162469,-74.0334588,"Subscriber",1975,"Male"
"26307","2018-08-23 17:47:40.941","2018-08-23 17:54:21.174","3202",40.7272235,-74.0337589,"3203",40.727595966,-74.044247311,"Subscriber",1994,"Female"
"26307","2018-08-23 18:10:06.785","2018-08-23 18:14:46.692","3203",40.727595966,-74.044247311,"3211",40.72152515,-74.046304543,"Subscriber",1982,"Male"
"26307","2018-08-23 20:23:42.112","2018-08-23 20:25:38.396","3211",40.72152515,-74.046304543,"3186",40.7195861164717,-74.0431174635887,"Subscriber",1964,"Male"
"26307","2018-08-23 20:33:03.659","2018-08-23 20:36:06.487","3186",40.7195861164717,-74.0431174635887,"3272",40.7233315864644,-74.0459525585174,"Subscriber",1983,"Male"
"26307","2018-08-23 20:45:01.804","2018-08-23 20:47:45.511","3272",40.7233315864644,-74.0459525585174,"3203",40.727595966,-74.044247311,"Subscriber",1983,"Male"
"26307","2018-08-24 08:10:45.589","2018-08-24 08:16:27.914","3203",40.727595966,-74.044247311,"3199",40.7287448,-74.0321082,"Subscriber",1966,"Male"
"26307","2018-08-24 09:56:09.436","2018-08-24 10:01:46.112","3199",40.7287448,-74.0321082,"3203",40.727595966,-74.044247311,"Subscriber",1966,"Male"
"26307","2018-08-24 10:24:40.788","2018-08-24 10:38:25.022","3203",40.727595966,-74.044247311,"3183",40.7162469,-74.0334588,"Subscriber",1975,"Male"
"26307","2018-08-24 16:48:04.397","2018-08-24 16:54:00.475","3183",40.7162469,-74.0334588,"3273",40.72165072488,-74.0428841114044,"Subscriber",1971,"Male"
"26307","2018-08-24 18:22:36.452","2018-08-24 18:33:08.051","3273",40.72165072488,-74.0428841114044,"3214",40.7127742,-74.0364857,"Customer",1969,"Unknown"
"26307","2018-08-24 19:29:25.835","2018-08-24 19:35:37.084","3214",40.7127742,-74.0364857,"3185",40.7177325,-74.043845,"Subscriber",1981,"Female"
"26307","2018-08-24 19:49:13.468","2018-08-24 19:54:22.608","3185",40.7177325,-74.043845,"3267",40.7124188237569,-74.0385255217552,"Subscriber",1990,"Male"
"26307","2018-08-25 06:24:08.122","2018-08-25 06:30:11.896","3267",40.7124188237569,-74.0385255217552,"3186",40.7195861164717,-74.0431174635887,"Subscriber",1987,"Male"
"26307","2018-08-25 08:53:38.013","2018-08-25 09:00:43.013","3186",40.7195861164717,-74.0431174635887,"3209",40.7241765,-74.0506564,"Subscriber",1977,"Female"
"26307","2018-08-25 18:32:24.394","2018-08-25 18:36:57.775","3209",40.7241765,-74.0506564,"3186",40.7195861164717,-74.0431174635887,"Subscriber",1977,"Female"
"26307","2018-08-25 19:02:30.916","2018-08-25 20:03:56.074","3186",40.7195861164717,-74.0431174635887,"3186",40.7195861164717,-74.0431174635887,"Customer",1986,"Female"
"26307","2018-08-25 20:18:07.681","2018-08-25 20:42:00.216","3186",40.7195861164717,-74.0431174635887,"3639",40.7192517,-74.034234,"Customer",1980,"Male"
"26307","2018-08-26 13:39:50.133","2018-08-26 13:46:37.225","3639",40.7192517,-74.034234,"3183",40.7162469,-74.0334588,"Customer",1969,"Unknown"
"26307","2018-08-26 16:11:21.627","2018-08-26 16:21:47.554","3183",40.7162469,-74.0334588,"3202",40.7272235,-74.0337589,"Customer",1964,"Female"
"26307","2018-08-26 17:24:08.451","2018-08-26 17:31:55.471","3202",40.7272235,-74.0337589,"3184",40.7141454,-74.0335519,"Subscriber",1956,"Male"
"26307","2018-08-26 19:42:54.346","2018-08-26 19:49:07.018","3184",40.7141454,-74.0335519,"3276",40.7145840353589,-74.042817056179,"Subscriber",1993,"Male"
"26307","2018-08-26 20:09:20.807","2018-08-26 20:13:51.762","3276",40.7145840353589,-74.042817056179,"3186",40.7195861164717,-74.0431174635887,"Subscriber",1984,"Male"
"26307","2018-08-26 20:24:14.438","2018-08-26 20:30:41.332","3186",40.7195861164717,-74.0431174635887,"3275",40.7183551982321,-74.0389144420624,"Subscriber",1960,"Male"
"26307","2018-08-26 20:39:33.898","2018-08-26 20:44:24.181","3275",40.7183551982321,-74.0389144420624,"3214",40.7127742,-74.0364857,"Subscriber",1989,"Male"
"26307","2018-08-27 18:23:14.63","2018-08-27 18:32:10.763","3214",40.7127742,-74.0364857,"3279",40.7216301426384,-74.0499678254128,"Subscriber",1991,"Male"
"26307","2018-08-27 21:52:07.65","2018-08-27 22:04:21.275","3202",40.7272235,-74.0337589,"3276",40.7145840353589,-74.042817056179,"Subscriber",1979,"Male"
"26307","2018-08-28 07:39:04.865","2018-08-28 07:41:57.297","3276",40.7145840353589,-74.042817056179,"3186",40.7195861164717,-74.0431174635887,"Subscriber",1986,"Male"
"26307","2018-08-28 07:43:47.044","2018-08-28 07:46:39.298","3186",40.7195861164717,-74.0431174635887,"3276",40.7145840353589,-74.042817056179,"Subscriber",1994,"Male"
"26307","2018-08-28 08:06:05.807","2018-08-28 08:09:50.355","3276",40.7145840353589,-74.042817056179,"3184",40.7141454,-74.0335519,"Subscriber",1991,"Male"
"26307","2018-08-28 10:23:31.543","2018-08-28 11:04:51.975","3184",40.7141454,-74.0335519,"3184",40.7141454,-74.0335519,"Customer",1969,"Unknown"
"26307","2018-08-28 15:39:03.717","2018-08-28 15:45:16.192","3184",40.7141454,-74.0335519,"3276",40.7145840353589,-74.042817056179,"Customer",1983,"Male"
"26307","2018-08-28 20:04:51.006","2018-08-28 20:11:55.478","3276",40.7145840353589,-74.042817056179,"3183",40.7162469,-74.0334588,"Subscriber",1986,"Male"
"26307","2018-08-28 20:34:20.125","2018-08-28 20:36:15.447","3183",40.7162469,-74.0334588,"3639",40.7192517,-74.034234,"Subscriber",1989,"Male"
"26307","2018-08-29 06:17:55.164","2018-08-29 06:22:19.382","3639",40.7192517,-74.034234,"3202",40.7272235,-74.0337589,"Subscriber",1984,"Female"
"26307","2018-08-29 08:39:09.205","2018-08-29 08:53:07.579","3203",40.727595966,-74.044247311,"3183",40.7162469,-74.0334588,"Subscriber",1975,"Male"
"26307","2018-08-29 14:55:33.488","2018-08-29 14:58:01.119","3213",40.71848892,-74.047726625,"3186",40.7195861164717,-74.0431174635887,"Subscriber",1984,"Male"
"26307","2018-08-29 20:10:54.885","2018-08-29 20:26:08.027","3186",40.7195861164717,-74.0431174635887,"3275",40.7183551982321,-74.0389144420624,"Subscriber",1962,"Male"
"26307","2018-08-29 20:52:12.456","2018-08-29 20:57:59.25","3275",40.7183551982321,-74.0389144420624,"3214",40.7127742,-74.0364857,"Subscriber",1990,"Male"
"26307","2018-08-30 07:34:18.568","2018-08-30 07:38:59.619","3214",40.7127742,-74.0364857,"3184",40.7141454,-74.0335519,"Subscriber",1974,"Male"
"26307","2018-08-30 16:30:09.209","2018-08-30 16:36:54.215","3184",40.7141454,-74.0335519,"3185",40.7177325,-74.043845,"Subscriber",1983,"Male"
"26307","2018-08-31 08:02:08.082","2018-08-31 08:04:34.702","3267",40.7124188237569,-74.0385255217552,"3184",40.7141454,-74.0335519,"Subscriber",1993,"Male"
"26307","2018-08-31 12:15:15.769","2018-08-31 12:20:26.197","3184",40.7141454,-74.0335519,"3267",40.7124188237569,-74.0385255217552,"Subscriber",1971,"Male"
"26307","2018-08-31 17:09:24.764","2018-08-31 17:12:14.288","3267",40.7124188237569,-74.0385255217552,"3184",40.7141454,-74.0335519,"Subscriber",1993,"Male"
"26307","2018-08-31 20:56:26.012","2018-08-31 21:05:05.317","3184",40.7141454,-74.0335519,"3276",40.7145840353589,-74.042817056179,"Subscriber",1970,"Female"
"26307","2018-09-01 09:10:45.023","2018-09-01 09:14:30.719","3276",40.7145840353589,-74.042817056179,"3183",40.7162469,-74.0334588,"Subscriber",1981,"Male"
"26307","2018-09-01 09:37:04.307","2018-09-01 09:56:45.328","3183",40.7162469,-74.0334588,"3192",40.7112423,-74.0557013,"Customer",1994,"Male"
"26307","2018-09-02 17:56:25.562","2018-09-02 19:54:22.634","3192",40.7112423,-74.0557013,"3192",40.7112423,-74.0557013,"Customer",1978,"Male"
"26307","2018-09-03 08:18:02.02","2018-09-03 08:28:11.206","3192",40.7112423,-74.0557013,"3638",40.7242941,-74.0354826,"Subscriber",1985,"Male"
"26307","2018-09-04 17:00:20.356","2018-09-04 17:07:39.166","3638",40.7242941,-74.0354826,"3269",40.7260117296463,-74.0503889322281,"Subscriber",1972,"Female"
"26307","2018-09-05 07:27:04.07","2018-09-05 07:32:15.744","3269",40.7260117296463,-74.0503889322281,"3186",40.7195861164717,-74.0431174635887,"Subscriber",1973,"Male"
"26307","2018-09-05 18:13:47.866","2018-09-05 18:20:03.234","3186",40.7195861164717,-74.0431174635887,"3269",40.7260117296463,-74.0503889322281,"Subscriber",1964,"Male"
"26307","2018-09-05 19:41:38.826","2018-09-05 19:45:12.857","3186",40.7195861164717,-74.0431174635887,"3203",40.727595966,-74.044247311,"Subscriber",1991,"Female"
"26307","2018-09-06 08:29:44.828","2018-09-06 08:35:07.077","3203",40.727595966,-74.044247311,"3186",40.7195861164717,-74.0431174635887,"Subscriber",1985,"Male"
"26307","2018-09-06 12:01:42.013","2018-09-06 12:07:50.843","3209",40.7241765,-74.0506564,"3203",40.727595966,-74.044247311,"Customer",1969,"Unknown"
"26307","2018-09-07 08:50:44.197","2018-09-07 08:56:04.101","3203",40.727595966,-74.044247311,"3186",40.7195861164717,-74.0431174635887,"Subscriber",1969,"Unknown"
"26307","2018-09-10 18:18:23.739","2018-09-10 18:24:15.693","3183",40.7162469,-74.0334588,"3638",40.7242941,-74.0354826,"Subscriber",1956,"Male"
"26307","2018-09-11 09:34:13.862","2018-09-11 09:39:26.07","3638",40.7242941,-74.0354826,"3183",40.7162469,-74.0334588,"Subscriber",1989,"Female"
"26307","2018-09-11 18:32:37.131","2018-09-11 18:35:16.537","3213",40.71848892,-74.047726625,"3186",40.7195861164717,-74.0431174635887,"Subscriber",1981,"Female"
"26307","2018-09-11 18:37:38.244","2018-09-11 18:41:30.559","3186",40.7195861164717,-74.0431174635887,"3203",40.727595966,-74.044247311,"Subscriber",1969,"Male"
"26307","2018-09-12 08:06:12.186","2018-09-12 08:12:21.123","3203",40.727595966,-74.044247311,"3186",40.7195861164717,-74.0431174635887,"Subscriber",1978,"Male"
"26307","2018-09-12 18:16:56.187","2018-09-12 18:20:55.241","3186",40.7195861164717,-74.0431174635887,"3276",40.7145840353589,-74.042817056179,"Subscriber",1994,"Female"
"26307","2018-09-13 08:59:13.827","2018-09-13 09:05:25.856","3276",40.7145840353589,-74.042817056179,"3183",40.7162469,-74.0334588,"Subscriber",1988,"Male"
"26307","2018-09-13 16:31:41.521","2018-09-13 16:37:09.133","3183",40.7162469,-74.0334588,"3267",40.7124188237569,-74.0385255217552,"Subscriber",1965,"Female"
"26307","2018-09-14 08:06:37.771","2018-09-14 08:23:03.035","3267",40.7124188237569,-74.0385255217552,"3269",40.7260117296463,-74.0503889322281,"Subscriber",1977,"Male"
"26307","2018-09-14 08:24:07.593","2018-09-14 08:29:28.508","3269",40.7260117296463,-74.0503889322281,"3186",40.7195861164717,-74.0431174635887,"Subscriber",1989,"Male"
"26307","2018-09-15 00:03:50.031","2018-09-15 00:08:36.235","3186",40.7195861164717,-74.0431174635887,"3203",40.727595966,-74.044247311,"Subscriber",1975,"Male"
"26307","2018-09-15 10:51:21.101","2018-09-15 10:53:27.374","3203",40.727595966,-74.044247311,"3272",40.7233315864644,-74.0459525585174,"Subscriber",1990,"Male"
"26307","2018-09-15 11:10:23.026","2018-09-15 11:12:57.715","3272",40.7233315864644,-74.0459525585174,"3203",40.727595966,-74.044247311,"Subscriber",1990,"Male"
"26307","2018-09-15 11:36:25.888","2018-09-15 11:50:16.06","3203",40.727595966,-74.044247311,"3272",40.7233315864644,-74.0459525585174,"Subscriber",1989,"Male"
"26307","2018-09-15 12:36:27.508","2018-09-15 12:46:10.767","3272",40.7233315864644,-74.0459525585174,"3203",40.727595966,-74.044247311,"Subscriber",1976,"Male"
"26307","2018-09-15 13:41:52.648","2018-09-15 13:55:18.168","3203",40.727595966,-74.044247311,"3185",40.7177325,-74.043845,"Subscriber",1987,"Male"
"26307","2018-09-15 16:11:29.609","2018-09-15 16:31:51.085","3185",40.7177325,-74.043845,"3191",40.7182113,-74.0836394,"Customer",1969,"Unknown"
"26307","2018-09-17 17:59:18.091","2018-09-17 18:23:05.606","3183",40.7162469,-74.0334588,"3281",40.7459099663156,-74.0572714805603,"Subscriber",1979,"Male"
"26307","2018-09-17 18:35:44.393","2018-09-17 18:57:09.651","3281",40.7459099663156,-74.0572714805603,"3677",40.7275514673001,-74.0710607171059,"Subscriber",1989,"Male"
"26307","2018-09-17 19:02:45.626","2018-09-17 19:08:30.173","3677",40.7275514673001,-74.0710607171059,"3193",40.7246050998869,-74.0784059464931,"Subscriber",1989,"Male"
"26307","2018-09-17 21:11:40.118","2018-09-17 21:33:04.873","3193",40.7246050998869,-74.0784059464931,"3694",40.71113,-74.0789,"Subscriber",1982,"Female"
"26307","2018-09-20 17:06:49.169","2018-09-20 17:24:03.778","3203",40.727595966,-74.044247311,"3203",40.727595966,-74.044247311,"Subscriber",1953,"Female"
"26307","2018-09-21 08:53:44.531","2018-09-21 10:09:22.981","3203",40.727595966,-74.044247311,"514",40.76087502,-74.00277668,"Customer",1969,"Unknown"
"26307","2018-12-04 18:48:20.83","2018-12-04 18:53:38.637","3639",40.7192517,-74.034234,"3272",40.7233315864644,-74.0459525585174,"Subscriber",1984,"Female"
"26307","2018-12-04 23:42:50.925","2018-12-04 23:44:32.048","3272",40.7233315864644,-74.0459525585174,"3270",40.7252891078113,-74.0455716848373,"Subscriber",1992,"Female"
"26307","2018-12-05 08:03:38.761","2018-12-05 08:07:08.743","3270",40.7252891078113,-74.0455716848373,"3186",40.7195861164717,-74.0431174635887,"Subscriber",1985,"Male"
"26307","2018-12-06 00:08:44.631","2018-12-06 00:23:29.228","3183",40.7162469,-74.0334588,"3268",40.7134638266919,-74.0628585219383,"Customer",1991,"Male"
"26307","2018-12-07 09:22:09.543","2018-12-07 09:30:03.405","3268",40.7134638266919,-74.0628585219383,"3183",40.7162469,-74.0334588,"Subscriber",1984,"Male"
"26307","2018-12-07 19:15:46.622","2018-12-07 19:20:20.584","3183",40.7162469,-74.0334588,"3185",40.7177325,-74.043845,"Subscriber",1980,"Male"
"26307","2018-12-11 08:47:09.828","2018-12-11 09:04:35.49","3207",40.7376037,-74.0524783,"3202",40.7272235,-74.0337589,"Subscriber",1980,"Male"
"26307","2018-12-11 19:51:19.984","2018-12-11 20:04:57.837","3202",40.7272235,-74.0337589,"3198",40.7487159453802,-74.0404433012009,"Subscriber",1988,"Male"
"26307","2018-12-12 15:13:36.255","2018-12-12 15:33:05.547","3198",40.7487159453802,-74.0404433012009,"3202",40.7272235,-74.0337589,"Subscriber",1989,"Female"
"26307","2018-12-12 17:34:50.287","2018-12-12 18:07:10.972","3202",40.7272235,-74.0337589,"3281",40.7459099663156,-74.0572714805603,"Subscriber",1980,"Male"
"26307","2018-12-13 08:18:53.788","2018-12-13 08:45:33.814","3281",40.7459099663156,-74.0572714805603,"3183",40.7162469,-74.0334588,"Subscriber",1987,"Male"
"26307","2018-12-13 19:23:42.042","2018-12-13 19:27:36.345","3183",40.7162469,-74.0334588,"3267",40.7124188237569,-74.0385255217552,"Subscriber",1990,"Male"
"26307","2018-12-14 08:01:15.217","2018-12-14 08:03:53.597","3267",40.7124188237569,-74.0385255217552,"3184",40.7141454,-74.0335519,"Subscriber",1993,"Male"
"26307","2018-12-17 19:04:37.841","2018-12-17 19:10:26.744","3184",40.7141454,-74.0335519,"3186",40.7195861164717,-74.0431174635887,"Subscriber",1995,"Male"
"26307","2018-12-17 19:31:52.301","2018-12-17 19:36:37.281","3186",40.7195861164717,-74.0431174635887,"3203",40.727595966,-74.044247311,"Subscriber",1979,"Male"
"26307","2018-12-18 08:59:40.711","2018-12-18 09:02:50.015","3203",40.727595966,-74.044247311,"3186",40.7195861164717,-74.0431174635887,"Subscriber",1990,"Male"
"26307","2018-12-18 09:13:02.703","2018-12-18 09:16:42.757","3186",40.7195861164717,-74.0431174635887,"3209",40.7241765,-74.0506564,"Subscriber",1982,"Male"
"26307","2018-12-18 09:19:07.599","2018-12-18 09:22:40.875","3209",40.7241765,-74.0506564,"3186",40.7195861164717,-74.0431174635887,"Subscriber",1980,"Female"
"26307","2018-12-18 19:10:03.047","2018-12-18 19:37:05.12","3209",40.7241765,-74.0506564,"3203",40.727595966,-74.044247311,"Subscriber",1992,"Male"
"29477","2018-04-09 18:41:40.047","2018-04-09 18:45:31.188","3183",40.7162469,-74.0334588,"3267",40.7124188237569,-74.0385255217552,"Subscriber",1991,"Male"
"29477","2018-04-10 07:36:52.612","2018-04-10 07:40:49.292","3267",40.7124188237569,-74.0385255217552,"3183",40.7162469,-74.0334588,"Subscriber",1976,"Male"
"29477","2018-04-10 08:21:39.774","2018-04-10 08:22:54.295","3183",40.7162469,-74.0334588,"3184",40.7141454,-74.0335519,"Subscriber",1975,"Male"
"29477","2018-04-10 12:33:34.308","2018-04-10 12:41:30.394","3210",40.742677141,-74.051788633,"3209",40.7241765,-74.0506564,"Subscriber",1980,"Male"
"29477","2018-04-10 13:32:27.865","2018-04-10 13:37:36.432","3209",40.7241765,-74.0506564,"3185",40.7177325,-74.043845,"Subscriber",1985,"Male"
"29477","2018-04-10 19:14:50.21","2018-04-10 19:22:21.557","3185",40.7177325,-74.043845,"3639",40.7192517,-74.034234,"Subscriber",1988,"Female"
"29477","2018-04-11 07:23:03.819","2018-04-11 07:27:05.909","3639",40.7192517,-74.034234,"3202",40.7272235,-74.0337589,"Subscriber",1990,"Male"
"29477","2018-04-11 18:15:43.054","2018-04-11 18:21:43.06","3267",40.7124188237569,-74.0385255217552,"3185",40.7177325,-74.043845,"Subscriber",1989,"Female"
"29477","2018-04-12 03:04:08.134","2018-04-12 03:05:54.983","3185",40.7177325,-74.043845,"3205",40.7165397809919,-74.0496379137039,"Subscriber",1977,"Male"
"29477","2018-04-14 15:08:45.53","2018-04-14 16:37:28.382","3205",40.7165397809919,-74.0496379137039,"3205",40.7165397809919,-74.0496379137039,"Customer",1969,"Unknown"
"29477","2018-04-14 17:01:07.674","2018-04-14 17:06:15.586","3205",40.7165397809919,-74.0496379137039,"3211",40.72152515,-74.046304543,"Subscriber",1984,"Female"
"29477","2018-04-16 10:34:18.441","2018-04-16 10:37:34.803","3211",40.72152515,-74.046304543,"3275",40.7183551982321,-74.0389144420624,"Subscriber",1987,"Female"
"29477","2018-04-16 20:06:13.184","2018-04-16 20:08:06.729","3275",40.7183551982321,-74.0389144420624,"3187",40.7211236,-74.03805095,"Subscriber",1988,"Male"
"29477","2018-04-17 07:48:16.705","2018-04-17 07:53:24.821","3187",40.7211236,-74.03805095,"3183",40.7162469,-74.0334588,"Subscriber",1988,"Female"
"29477","2018-04-17 09:43:43.073","2018-04-17 09:45:52.432","3272",40.7233315864644,-74.0459525585174,"3186",40.7195861164717,-74.0431174635887,"Subscriber",1972,"Male"
"29477","2018-04-17 15:03:54.906","2018-04-17 15:13:15.065","3194",40.7253399253558,-74.0676221251488,"3184",40.7141454,-74.0335519,"Subscriber",1983,"Male"
"29477","2018-04-17 18:05:53.326","2018-04-17 18:07:10.001","3184",40.7141454,-74.0335519,"3183",40.7162469,-74.0334588,"Subscriber",1975,"Male"
"29477","2018-04-17 18:09:01.977","2018-04-17 18:13:14.516","3183",40.7162469,-74.0334588,"3267",40.7124188237569,-74.0385255217552,"Subscriber",1994,"Male"
"29477","2018-04-17 18:44:35.968","2018-04-17 18:49:12.121","3186",40.7195861164717,-74.0431174635887,"3278",40.725685483629,-74.0487903356552,"Subscriber",1982,"Female"
"29477","2018-04-18 08:03:09.909","2018-04-18 08:07:08.33","3278",40.725685483629,-74.0487903356552,"3273",40.72165072488,-74.0428841114044,"Subscriber",1989,"Male"
"29477","2018-04-18 17:00:53.899","2018-04-18 17:04:26.307","3273",40.72165072488,-74.0428841114044,"3203",40.727595966,-74.044247311,"Subscriber",1990,"Female"
"29477","2018-04-19 08:34:53.488","2018-04-19 08:39:19.796","3203",40.727595966,-74.044247311,"3186",40.7195861164717,-74.0431174635887,"Subscriber",1977,"Male"
"29477","2018-04-19 18:39:52.338","2018-04-19 18:47:22.455","3186",40.7195861164717,-74.0431174635887,"3278",40.725685483629,-74.0487903356552,"Subscriber",1980,"Male"
"29477","2018-04-19 20:44:08.636","2018-04-19 20:47:11.077","3186",40.7195861164717,-74.0431174635887,"3276",40.7145840353589,-74.042817056179,"Subscriber",1986,"Male"
"29477","2018-04-20 08:39:27.848","2018-04-20 08:44:02.128","3276",40.7145840353589,-74.042817056179,"3183",40.7162469,-74.0334588,"Subscriber",1985,"Male"
"29477","2018-04-20 12:38:57.79","2018-04-20 12:41:01.105","3213",40.71848892,-74.047726625,"3186",40.7195861164717,-74.0431174635887,"Subscriber",1989,"Male"
"29477","2018-04-20 18:12:23.217","2018-04-20 18:16:36.27","3186",40.7195861164717,-74.0431174635887,"3209",40.7241765,-74.0506564,"Subscriber",1965,"Male"
"29477","2018-04-20 19:04:31.086","2018-04-20 19:08:28.614","3186",40.7195861164717,-74.0431174635887,"3203",40.727595966,-74.044247311,"Subscriber",1987,"Male"
"29477","2018-04-21 10:47:30.052","2018-04-21 10:52:01.955","3203",40.727595966,-74.044247311,"3211",40.72152515,-74.046304543,"Subscriber",1980,"Female"
"29477","2018-04-21 12:44:42.159","2018-04-21 13:01:54.757","3211",40.72152515,-74.046304543,"3211",40.72152515,-74.046304543,"Customer",1995,"Female"
"29477","2018-04-21 16:49:48.333","2018-04-21 16:54:35.736","3211",40.72152515,-74.046304543,"3269",40.7260117296463,-74.0503889322281,"Customer",1985,"Female"
"29477","2018-04-23 08:41:07.109","2018-04-23 08:48:17.079","3269",40.7260117296463,-74.0503889322281,"3186",40.7195861164717,-74.0431174635887,"Subscriber",1982,"Male"
"29477","2018-04-23 12:37:20.984","2018-04-23 12:42:04.608","3186",40.7195861164717,-74.0431174635887,"3203",40.727595966,-74.044247311,"Subscriber",1977,"Female"
"29477","2018-04-23 18:50:01.059","2018-04-23 18:54:20.982","3183",40.7162469,-74.0334588,"3638",40.7242941,-74.0354826,"Subscriber",1977,"Male"
"29477","2018-04-23 19:06:35.495","2018-04-23 19:10:54.314","3638",40.7242941,-74.0354826,"3270",40.7252891078113,-74.0455716848373,"Subscriber",1969,"Female"
"29477","2018-04-24 08:24:57.917","2018-04-24 08:29:35.367","3270",40.7252891078113,-74.0455716848373,"3186",40.7195861164717,-74.0431174635887,"Subscriber",1970,"Male"
"29477","2018-04-25 08:19:13.749","2018-04-25 08:22:03.953","3213",40.71848892,-74.047726625,"3186",40.7195861164717,-74.0431174635887,"Subscriber",1981,"Male"
"29477","2018-04-25 18:00:03.921","2018-04-25 18:18:37.091","3186",40.7195861164717,-74.0431174635887,"3206",40.7311689,-74.0575736,"Subscriber",1984,"Male"
"29477","2018-04-25 19:10:20.756","2018-04-25 19:16:00.829","3206",40.7311689,-74.0575736,"3203",40.727595966,-74.044247311,"Subscriber",1973,"Male"
"29477","2018-04-25 21:38:21.34","2018-04-25 21:47:50.814","3203",40.727595966,-74.044247311,"3184",40.7141454,-74.0335519,"Subscriber",1983,"Male"
"29477","2018-04-25 21:50:31.394","2018-04-25 21:55:16.922","3184",40.7141454,-74.0335519,"3214",40.7127742,-74.0364857,"Subscriber",1992,"Male"
"29477","2018-04-30 08:49:22.823","2018-04-30 08:51:50.914","3214",40.7127742,-74.0364857,"3183",40.7162469,-74.0334588,"Subscriber",1976,"Male"
"29477","2018-05-01 08:15:25.655","2018-05-01 08:19:24.657","3212",40.734785818,-74.050443636,"3206",40.7311689,-74.0575736,"Subscriber",1981,"Male"
"29477","2018-05-01 18:13:50.46","2018-05-01 18:20:22.569","3206",40.7311689,-74.0575736,"3225",40.7236589,-74.0641943,"Subscriber",1962,"Male"
"29477","2018-05-01 19:41:05.332","2018-05-01 19:46:53.896","3225",40.7236589,-74.0641943,"3186",40.7195861164717,-74.0431174635887,"Subscriber",1991,"Male"
"29477","2018-05-01 20:01:59.826","2018-05-01 20:22:32.887","3186",40.7195861164717,-74.0431174635887,"3186",40.7195861164717,-74.0431174635887,"Subscriber",1988,"Female"
"29477","2018-05-01 20:23:48.666","2018-05-01 20:27:24.717","3186",40.7195861164717,-74.0431174635887,"3187",40.7211236,-74.03805095,"Subscriber",1964,"Male"
"29477","2018-05-02 08:04:00.743","2018-05-02 08:08:34.167","3187",40.7211236,-74.03805095,"3183",40.7162469,-74.0334588,"Subscriber",1971,"Male"
"29477","2018-05-02 10:13:16.122","2018-05-02 10:47:24.348","3269",40.7260117296463,-74.0503889322281,"3209",40.7241765,-74.0506564,"Subscriber",1975,"Male"
"29477","2018-05-02 11:41:57.829","2018-05-02 11:45:34.351","3209",40.7241765,-74.0506564,"3186",40.7195861164717,-74.0431174635887,"Subscriber",1975,"Male"
"29477","2018-05-02 18:40:42.275","2018-05-02 18:46:42.386","3186",40.7195861164717,-74.0431174635887,"3203",40.727595966,-74.044247311,"Subscriber",1968,"Male"
"29477","2018-05-02 18:50:58.501","2018-05-02 18:55:56.721","3203",40.727595966,-74.044247311,"3275",40.7183551982321,-74.0389144420624,"Subscriber",1983,"Male"
"29477","2018-05-03 08:16:24.858","2018-05-03 08:21:43.471","3275",40.7183551982321,-74.0389144420624,"3184",40.7141454,-74.0335519,"Subscriber",1986,"Male"
"29477","2018-05-03 17:20:52.366","2018-05-03 17:45:58.431","3184",40.7141454,-74.0335519,"3640",40.73367,-74.0625,"Subscriber",1981,"Male"
"29477","2018-05-04 00:06:05.894","2018-05-04 00:13:10.13","3640",40.73367,-74.0625,"3212",40.734785818,-74.050443636,"Subscriber",1986,"Female"
"29477","2018-05-04 08:53:39.316","2018-05-04 09:01:46.525","3212",40.734785818,-74.050443636,"3203",40.727595966,-74.044247311,"Subscriber",1988,"Male"
"29477","2018-05-04 11:12:22.059","2018-05-04 11:16:06.731","3203",40.727595966,-74.044247311,"3272",40.7233315864644,-74.0459525585174,"Subscriber",1972,"Female"
"29477","2018-05-04 11:22:10.198","2018-05-04 11:25:13.865","3272",40.7233315864644,-74.0459525585174,"3203",40.727595966,-74.044247311,"Subscriber",1972,"Female"
"29477","2018-05-04 11:40:05.707","2018-05-04 11:46:04.544","3203",40.727595966,-74.044247311,"3202",40.7272235,-74.0337589,"Subscriber",1978,"Male"
"29477","2018-05-04 14:34:05.397","2018-05-04 14:40:18.108","3202",40.7272235,-74.0337589,"3681",40.7151776773203,-74.0376833081245,"Subscriber",1974,"Male"
"29477","2018-05-04 22:09:10.996","2018-05-04 22:17:15.533","3681",40.7151776773203,-74.0376833081245,"3211",40.72152515,-74.046304543,"Customer",1969,"Unknown"
"29477","2018-05-04 22:39:29","2018-05-04 22:42:09.546","3211",40.72152515,-74.046304543,"3203",40.727595966,-74.044247311,"Subscriber",1981,"Male"
"29477","2018-05-05 07:00:17.752","2018-05-05 07:03:51.609","3203",40.727595966,-74.044247311,"3186",40.7195861164717,-74.0431174635887,"Subscriber",1983,"Male"
"29477","2018-05-05 08:29:12.12","2018-05-05 08:32:53.176","3186",40.7195861164717,-74.0431174635887,"3639",40.7192517,-74.034234,"Subscriber",1991,"Male"
"29477","2018-05-05 09:04:16.135","2018-05-05 09:12:41.004","3639",40.7192517,-74.034234,"3681",40.7151776773203,-74.0376833081245,"Subscriber",1957,"Male"
"29477","2018-05-05 09:44:08.243","2018-05-05 09:47:41.376","3681",40.7151776773203,-74.0376833081245,"3186",40.7195861164717,-74.0431174635887,"Subscriber",1993,"Male"
"29477","2018-05-06 11:45:41.384","2018-05-06 11:51:02.766","3678",40.7257261374256,-74.0719592571259,"3195",40.7307426253066,-74.0637838840485,"Subscriber",1990,"Male"
"29477","2018-05-06 21:50:52.914","2018-05-06 21:56:06.985","3195",40.7307426253066,-74.0637838840485,"3207",40.7376037,-74.0524783,"Subscriber",1984,"Female"
"29477","2018-05-07 05:02:14.79","2018-05-07 05:20:17.01","3207",40.7376037,-74.0524783,"3276",40.7145840353589,-74.042817056179,"Subscriber",1984,"Female"
"29477","2018-05-07 10:09:18.63","2018-05-07 10:11:49.956","3276",40.7145840353589,-74.042817056179,"3186",40.7195861164717,-74.0431174635887,"Subscriber",1989,"Male"
"29477","2018-05-07 18:38:53.813","2018-05-07 18:44:41.757","3186",40.7195861164717,-74.0431174635887,"3209",40.7241765,-74.0506564,"Subscriber",1986,"Male"
"29477","2018-05-08 07:04:09.463","2018-05-08 07:09:20.16","3209",40.7241765,-74.0506564,"3186",40.7195861164717,-74.0431174635887,"Subscriber",1989,"Female"
"29477","2018-05-08 09:06:50.288","2018-05-08 09:09:57.044","3681",40.7151776773203,-74.0376833081245,"3186",40.7195861164717,-74.0431174635887,"Subscriber",1982,"Male"
"29477","2018-05-08 12:40:14.382","2018-05-08 12:47:14.44","3203",40.727595966,-74.044247311,"3183",40.7162469,-74.0334588,"Subscriber",1956,"Male"
"29477","2018-05-08 16:48:25.149","2018-05-08 16:55:06.637","3183",40.7162469,-74.0334588,"3199",40.7287448,-74.0321082,"Subscriber",1993,"Male"
"29477","2018-05-08 22:52:15.376","2018-05-08 23:02:38.557","3199",40.7287448,-74.0321082,"3207",40.7376037,-74.0524783,"Subscriber",1993,"Male"
"29477","2018-05-09 08:43:29.565","2018-05-09 09:01:56.463","3207",40.7376037,-74.0524783,"3639",40.7192517,-74.034234,"Subscriber",1994,"Male"
"29477","2018-05-09 17:45:40.259","2018-05-09 17:51:22.084","3639",40.7192517,-74.034234,"3275",40.7183551982321,-74.0389144420624,"Subscriber",1984,"Female"
"29477","2018-05-09 21:47:14.103","2018-05-09 21:53:35.342","3275",40.7183551982321,-74.0389144420624,"3267",40.7124188237569,-74.0385255217552,"Subscriber",1991,"Male"
"29477","2018-05-10 07:50:56.491","2018-05-10 07:54:30.611","3267",40.7124188237569,-74.0385255217552,"3183",40.7162469,-74.0334588,"Subscriber",1976,"Male"
"29477","2018-05-10 19:46:35.298","2018-05-10 19:52:36.357","3681",40.7151776773203,-74.0376833081245,"3205",40.7165397809919,-74.0496379137039,"Subscriber",1957,"Male"
"29477","2018-05-11 14:01:38.309","2018-05-11 14:26:35.753","3205",40.7165397809919,-74.0496379137039,"3192",40.7112423,-74.0557013,"Subscriber",1968,"Male"
"29477","2018-05-11 19:34:03.828","2018-05-11 20:39:45.734","3192",40.7112423,-74.0557013,"3192",40.7112423,-74.0557013,"Customer",1969,"Unknown"
"29477","2018-05-14 07:25:35.002","2018-05-14 07:32:49.027","3192",40.7112423,-74.0557013,"3186",40.7195861164717,-74.0431174635887,"Subscriber",1985,"Male"
"29477","2018-05-14 08:43:09.348","2018-05-14 08:50:10.037","3269",40.7260117296463,-74.0503889322281,"3638",40.7242941,-74.0354826,"Subscriber",1990,"Male"
"29477","2018-05-14 09:21:22.537","2018-05-14 09:26:43.134","3638",40.7242941,-74.0354826,"3183",40.7162469,-74.0334588,"Subscriber",1977,"Male"
"29477","2018-05-14 18:19:34.02","2018-05-14 18:24:20.506","3278",40.725685483629,-74.0487903356552,"3186",40.7195861164717,-74.0431174635887,"Subscriber",1952,"Male"
"29477","2018-05-14 18:27:09.526","2018-05-14 18:30:26.579","3186",40.7195861164717,-74.0431174635887,"3205",40.7165397809919,-74.0496379137039,"Subscriber",1989,"Male"
"29477","2018-05-15 07:56:00.269","2018-05-15 08:00:28.537","3205",40.7165397809919,-74.0496379137039,"3186",40.7195861164717,-74.0431174635887,"Subscriber",1979,"Female"
"29477","2018-05-15 08:45:05.24","2018-05-15 08:48:57.848","3203",40.727595966,-74.044247311,"3273",40.72165072488,-74.0428841114044,"Subscriber",1987,"Male"
"29477","2018-05-15 09:26:28.027","2018-05-15 09:30:24.602","3273",40.72165072488,-74.0428841114044,"3203",40.727595966,-74.044247311,"Subscriber",1973,"Female"
"29477","2018-05-15 09:32:02.102","2018-05-15 09:37:11.867","3203",40.727595966,-74.044247311,"3202",40.7272235,-74.0337589,"Subscriber",1987,"Male"
"29477","2018-05-15 15:32:02.203","2018-05-15 15:42:32.713","3202",40.7272235,-74.0337589,"3267",40.7124188237569,-74.0385255217552,"Subscriber",1991,"Male"
"29477","2018-05-15 16:47:08.817","2018-05-15 16:51:03.235","3267",40.7124188237569,-74.0385255217552,"3275",40.7183551982321,-74.0389144420624,"Subscriber",1963,"Male"
"29477","2018-05-15 17:03:16.27","2018-05-15 17:05:21.247","3275",40.7183551982321,-74.0389144420624,"3275",40.7183551982321,-74.0389144420624,"Subscriber",1978,"Female"
"29477","2018-05-15 18:02:20.484","2018-05-15 18:04:07.281","3275",40.7183551982321,-74.0389144420624,"3187",40.7211236,-74.03805095,"Subscriber",1978,"Female"
"29477","2018-05-15 19:14:07.366","2018-05-15 19:16:22.529","3187",40.7211236,-74.03805095,"3275",40.7183551982321,-74.0389144420624,"Subscriber",1978,"Female"
"29477","2018-05-15 19:44:42.826","2018-05-15 19:46:46.522","3275",40.7183551982321,-74.0389144420624,"3187",40.7211236,-74.03805095,"Subscriber",1987,"Male"
"29477","2018-05-16 11:26:49.011","2018-05-16 11:28:30.626","3187",40.7211236,-74.03805095,"3275",40.7183551982321,-74.0389144420624,"Subscriber",1987,"Male"
"29477","2018-05-17 08:15:14.419","2018-05-17 08:18:33.618","3275",40.7183551982321,-74.0389144420624,"3183",40.7162469,-74.0334588,"Subscriber",1970,"Male"
"29477","2018-05-17 17:56:10.486","2018-05-17 17:58:35.35","3183",40.7162469,-74.0334588,"3639",40.7192517,-74.034234,"Subscriber",1988,"Male"
"29477","2018-05-17 22:52:01.218","2018-05-17 22:57:42.4","3639",40.7192517,-74.034234,"3273",40.72165072488,-74.0428841114044,"Subscriber",1968,"Male"
"29477","2018-05-17 22:59:30.905","2018-05-17 23:01:54.857","3273",40.72165072488,-74.0428841114044,"3272",40.7233315864644,-74.0459525585174,"Subscriber",1956,"Female"
"29477","2018-05-17 23:09:56.147","2018-05-17 23:12:22.093","3272",40.7233315864644,-74.0459525585174,"3269",40.7260117296463,-74.0503889322281,"Subscriber",1991,"Male"
"29477","2018-05-18 07:15:37.91","2018-05-18 07:21:02.922","3269",40.7260117296463,-74.0503889322281,"3186",40.7195861164717,-74.0431174635887,"Subscriber",1980,"Male"
"29477","2018-05-18 08:20:23.403","2018-05-18 08:23:10.349","3272",40.7233315864644,-74.0459525585174,"3186",40.7195861164717,-74.0431174635887,"Subscriber",1986,"Male"
"29477","2018-05-18 15:37:44.989","2018-05-18 15:41:49.541","3186",40.7195861164717,-74.0431174635887,"3278",40.725685483629,-74.0487903356552,"Customer",1993,"Male"
"29477","2018-05-18 17:44:46.185","2018-05-18 17:56:30.096","3186",40.7195861164717,-74.0431174635887,"3276",40.7145840353589,-74.042817056179,"Subscriber",1981,"Female"
"29477","2018-05-18 19:53:03.009","2018-05-18 19:56:52.47","3276",40.7145840353589,-74.042817056179,"3205",40.7165397809919,-74.0496379137039,"Subscriber",1981,"Female"
"29477","2018-05-19 16:28:39.459","2018-05-19 16:34:25.386","3205",40.7165397809919,-74.0496379137039,"3203",40.727595966,-74.044247311,"Subscriber",1996,"Female"
"29477","2018-05-19 18:08:52.468","2018-05-19 18:14:08.868","3203",40.727595966,-74.044247311,"3186",40.7195861164717,-74.0431174635887,"Subscriber",1978,"Unknown"
"29477","2018-05-19 19:23:07.302","2018-05-19 19:27:00.754","3186",40.7195861164717,-74.0431174635887,"3279",40.7216301426384,-74.0499678254128,"Subscriber",1991,"Female"
"29477","2018-05-19 19:58:31.797","2018-05-19 20:24:47.114","3279",40.7216301426384,-74.0499678254128,"3279",40.7216301426384,-74.0499678254128,"Subscriber",1992,"Male"
"29477","2018-05-20 10:04:13.181","2018-05-20 10:45:52.218","3279",40.7216301426384,-74.0499678254128,"3681",40.7151776773203,-74.0376833081245,"Subscriber",1992,"Male"
"29477","2018-05-25 09:06:50.055","2018-05-25 09:10:30.247","3681",40.7151776773203,-74.0376833081245,"3275",40.7183551982321,-74.0389144420624,"Subscriber",1994,"Male"
"29477","2018-05-25 11:54:21.97","2018-05-25 12:02:57.534","3275",40.7183551982321,-74.0389144420624,"3199",40.7287448,-74.0321082,"Subscriber",1987,"Female"
"29477","2018-05-25 18:10:56.197","2018-05-25 18:48:29.136","3199",40.7287448,-74.0321082,"3276",40.7145840353589,-74.042817056179,"Customer",1969,"Unknown"
"29477","2018-05-26 10:57:13.077","2018-05-26 11:14:23.554","3276",40.7145840353589,-74.042817056179,"3184",40.7141454,-74.0335519,"Subscriber",1983,"Female"
"29477","2018-05-26 13:22:05.125","2018-05-26 13:31:40.29","3184",40.7141454,-74.0335519,"3681",40.7151776773203,-74.0376833081245,"Customer",1969,"Unknown"
"29477","2018-05-29 17:31:11.981","2018-05-29 17:41:32.109","3199",40.7287448,-74.0321082,"3184",40.7141454,-74.0335519,"Subscriber",1963,"Male"
"29477","2018-05-29 18:06:21.831","2018-05-29 18:11:55.264","3184",40.7141454,-74.0335519,"3275",40.7183551982321,-74.0389144420624,"Subscriber",1981,"Male"
"29477","2018-05-29 21:40:18.938","2018-05-29 21:43:32.59","3275",40.7183551982321,-74.0389144420624,"3267",40.7124188237569,-74.0385255217552,"Subscriber",1958,"Male"
"29477","2018-05-30 06:23:47.565","2018-05-30 06:26:56.079","3267",40.7124188237569,-74.0385255217552,"3275",40.7183551982321,-74.0389144420624,"Subscriber",1958,"Male"
"29477","2018-05-30 07:47:41.012","2018-05-30 07:50:14.533","3275",40.7183551982321,-74.0389144420624,"3183",40.7162469,-74.0334588,"Subscriber",1993,"Male"
"29477","2018-05-31 08:36:00.301","2018-05-31 08:43:21.331","3281",40.7459099663156,-74.0572714805603,"3640",40.73367,-74.0625,"Subscriber",1984,"Male"
"29477","2018-05-31 21:48:50.476","2018-05-31 21:53:51.895","3640",40.73367,-74.0625,"3207",40.7376037,-74.0524783,"Subscriber",1988,"Male"
"29477","2018-06-01 05:06:53.285","2018-06-01 05:18:44.406","3207",40.7376037,-74.0524783,"3185",40.7177325,-74.043845,"Subscriber",1984,"Female"
"29477","2018-06-01 18:22:11.48","2018-06-01 18:28:54.182","3185",40.7177325,-74.043845,"3203",40.727595966,-74.044247311,"Subscriber",1988,"Male"
"29477","2018-06-01 22:39:00.9","2018-06-01 22:52:32.298","3203",40.727595966,-74.044247311,"3192",40.7112423,-74.0557013,"Subscriber",1978,"Male"
"29477","2018-06-02 12:36:25.813","2018-06-02 13:07:04.949","3192",40.7112423,-74.0557013,"3192",40.7112423,-74.0557013,"Customer",1992,"Female"
"29477","2018-06-02 13:33:35.349","2018-06-02 13:57:37","3192",40.7112423,-74.0557013,"3192",40.7112423,-74.0557013,"Customer",1969,"Unknown"
"29477","2018-06-02 14:01:06.871","2018-06-02 14:18:40.768","3192",40.7112423,-74.0557013,"3184",40.7141454,-74.0335519,"Customer",1969,"Unknown"
"29477","2018-06-02 15:37:31.76","2018-06-02 15:41:51.312","3184",40.7141454,-74.0335519,"3186",40.7195861164717,-74.0431174635887,"Subscriber",1989,"Male"
"29477","2018-06-02 16:49:31.987","2018-06-02 16:52:32.932","3186",40.7195861164717,-74.0431174635887,"3213",40.71848892,-74.047726625,"Subscriber",1974,"Female"
"29477","2018-06-05 11:27:39.902","2018-06-05 11:30:17.695","3213",40.71848892,-74.047726625,"3186",40.7195861164717,-74.0431174635887,"Subscriber",1989,"Male"
"29477","2018-06-05 17:10:24.906","2018-06-05 17:27:04.892","3186",40.7195861164717,-74.0431174635887,"3678",40.7257261374256,-74.0719592571259,"Subscriber",1981,"Male"
"29477","2018-06-05 17:40:42.377","2018-06-05 17:47:03.005","3678",40.7257261374256,-74.0719592571259,"3195",40.7307426253066,-74.0637838840485,"Subscriber",1990,"Male"
"29477","2018-06-05 19:09:47.637","2018-06-05 19:20:23.082","3195",40.7307426253066,-74.0637838840485,"3193",40.7246050998869,-74.0784059464931,"Subscriber",1992,"Male"
"29477","2018-06-06 07:56:13.677","2018-06-06 08:05:14.69","3193",40.7246050998869,-74.0784059464931,"3195",40.7307426253066,-74.0637838840485,"Subscriber",1992,"Male"
"29477","2018-06-06 18:03:53.691","2018-06-06 18:09:05.038","3195",40.7307426253066,-74.0637838840485,"3677",40.7275514673001,-74.0710607171059,"Subscriber",1985,"Male"
"29477","2018-06-07 08:47:09.079","2018-06-07 08:50:56.55","3677",40.7275514673001,-74.0710607171059,"3195",40.7307426253066,-74.0637838840485,"Subscriber",1989,"Male"
"29477","2018-06-07 18:55:23.848","2018-06-07 19:03:27.029","3195",40.7307426253066,-74.0637838840485,"3280",40.719282200707,-74.071261882782,"Subscriber",1982,"Female"
"29477","2018-06-08 18:24:48.718","2018-06-08 18:32:42.851","3280",40.719282200707,-74.071261882782,"3195",40.7307426253066,-74.0637838840485,"Subscriber",1964,"Male"
"29477","2018-06-08 19:54:53.765","2018-06-08 19:59:11.917","3195",40.7307426253066,-74.0637838840485,"3225",40.7236589,-74.0641943,"Subscriber",1991,"Male"
"29477","2018-06-09 09:29:11.919","2018-06-09 10:11:50.733","3225",40.7236589,-74.0641943,"3192",40.7112423,-74.0557013,"Customer",1969,"Unknown"
"29477","2018-06-09 11:21:31.431","2018-06-09 11:59:06.319","3192",40.7112423,-74.0557013,"3192",40.7112423,-74.0557013,"Subscriber",1970,"Female"
"29477","2018-06-09 12:02:06.226","2018-06-09 12:13:59.699","3192",40.7112423,-74.0557013,"3211",40.72152515,-74.046304543,"Subscriber",1970,"Female"
"29477","2018-06-11 14:28:46.157","2018-06-11 14:32:07.709","3211",40.72152515,-74.046304543,"3205",40.7165397809919,-74.0496379137039,"Subscriber",1988,"Male"
"29477","2018-06-11 18:30:30.881","2018-06-11 18:36:16.62","3205",40.7165397809919,-74.0496379137039,"3279",40.7216301426384,-74.0499678254128,"Subscriber",1977,"Male"
"29477","2018-06-12 07:12:50.42","2018-06-12 07:16:48.383","3279",40.7216301426384,-74.0499678254128,"3269",40.7260117296463,-74.0503889322281,"Subscriber",1959,"Female"
"29477","2018-06-12 07:23:58.661","2018-06-12 07:29:06.318","3269",40.7260117296463,-74.0503889322281,"3186",40.7195861164717,-74.0431174635887,"Subscriber",1973,"Male"
"29477","2018-06-12 19:05:26.186","2018-06-12 19:09:26.439","3186",40.7195861164717,-74.0431174635887,"3279",40.7216301426384,-74.0499678254128,"Subscriber",1986,"Male"
"29477","2018-06-13 07:43:55.596","2018-06-13 07:47:11.355","3279",40.7216301426384,-74.0499678254128,"3186",40.7195861164717,-74.0431174635887,"Subscriber",1977,"Male"
"29477","2018-06-13 09:11:29.384","2018-06-13 09:14:57.405","3269",40.7260117296463,-74.0503889322281,"3213",40.71848892,-74.047726625,"Subscriber",1973,"Male"
"29477","2018-06-13 09:16:53.094","2018-06-13 09:19:12.427","3213",40.71848892,-74.047726625,"3186",40.7195861164717,-74.0431174635887,"Subscriber",1988,"Male"
"29477","2018-06-13 15:23:19.427","2018-06-13 15:37:57.133","3278",40.725685483629,-74.0487903356552,"3210",40.742677141,-74.051788633,"Subscriber",1981,"Male"
"29477","2018-06-13 17:43:36.253","2018-06-13 17:53:43.64","3210",40.742677141,-74.051788633,"3186",40.7195861164717,-74.0431174635887,"Subscriber",1965,"Male"
"29477","2018-06-13 17:54:16.938","2018-06-13 18:05:13.685","3186",40.7195861164717,-74.0431174635887,"3276",40.7145840353589,-74.042817056179,"Subscriber",1990,"Male"
"29477","2018-06-13 20:40:34.106","2018-06-13 20:43:42.851","3276",40.7145840353589,-74.042817056179,"3186",40.7195861164717,-74.0431174635887,"Subscriber",1982,"Male"
"29477","2018-06-13 20:56:34.288","2018-06-13 20:58:58.64","3186",40.7195861164717,-74.0431174635887,"3213",40.71848892,-74.047726625,"Subscriber",1988,"Male"
"29477","2018-06-14 07:04:15.957","2018-06-14 07:07:00.494","3213",40.71848892,-74.047726625,"3186",40.7195861164717,-74.0431174635887,"Subscriber",1975,"Female"
"29477","2018-06-14 08:24:18.771","2018-06-14 08:38:10.357","3267",40.7124188237569,-74.0385255217552,"3279",40.7216301426384,-74.0499678254128,"Subscriber",1985,"Male"
"29477","2018-06-14 08:51:33.715","2018-06-14 08:54:52.885","3279",40.7216301426384,-74.0499678254128,"3186",40.7195861164717,-74.0431174635887,"Subscriber",1982,"Female"
"29477","2018-06-14 14:55:38.9","2018-06-14 15:06:42.017","3209",40.7241765,-74.0506564,"3207",40.7376037,-74.0524783,"Subscriber",1991,"Male"
"29477","2018-06-14 17:53:12.133","2018-06-14 18:00:09.226","3207",40.7376037,-74.0524783,"3195",40.7307426253066,-74.0637838840485,"Subscriber",1961,"Male"
"29477","2018-06-14 18:08:45.937","2018-06-14 18:25:23.169","3195",40.7307426253066,-74.0637838840485,"3281",40.7459099663156,-74.0572714805603,"Subscriber",1989,"Male"
"29477","2018-06-14 20:13:25.627","2018-06-14 20:18:01.561","3195",40.7307426253066,-74.0637838840485,"3678",40.7257261374256,-74.0719592571259,"Subscriber",1988,"Female"
"29477","2018-06-15 07:30:06.225","2018-06-15 07:35:39.385","3678",40.7257261374256,-74.0719592571259,"3195",40.7307426253066,-74.0637838840485,"Subscriber",1990,"Male"
"29477","2018-06-15 16:04:27.316","2018-06-15 16:22:05.917","3195",40.7307426253066,-74.0637838840485,"3268",40.7134638266919,-74.0628585219383,"Subscriber",1987,"Male"
"29477","2018-06-16 13:14:32.77","2018-06-16 13:28:03.872","3268",40.7134638266919,-74.0628585219383,"3195",40.7307426253066,-74.0637838840485,"Subscriber",1987,"Male"
"29477","2018-06-16 22:51:08.285","2018-06-16 22:56:31.079","3195",40.7307426253066,-74.0637838840485,"3679",40.722103786686,-74.0714550018311,"Subscriber",1986,"Male"
"29477","2018-06-17 13:43:40.052","2018-06-17 14:42:36.46","3679",40.722103786686,-74.0714550018311,"3679",40.722103786686,-74.0714550018311,"Customer",1985,"Female"
"29477","2018-06-17 17:23:45.103","2018-06-17 17:29:40.346","3679",40.722103786686,-74.0714550018311,"3195",40.7307426253066,-74.0637838840485,"Subscriber",1977,"Male"
"29477","2018-06-17 22:11:18.081","2018-06-17 22:19:53.383","3195",40.7307426253066,-74.0637838840485,"3212",40.734785818,-74.050443636,"Subscriber",1971,"Female"
"29477","2018-06-18 06:43:33.284","2018-06-18 06:55:41.417","3212",40.734785818,-74.050443636,"3213",40.71848892,-74.047726625,"Subscriber",1976,"Male"
"29477","2018-06-18 09:13:06.757","2018-06-18 09:15:13.874","3213",40.71848892,-74.047726625,"3186",40.7195861164717,-74.0431174635887,"Subscriber",1962,"Male"
"29477","2018-06-18 18:25:00.796","2018-06-18 18:28:55.563","3186",40.7195861164717,-74.0431174635887,"3278",40.725685483629,-74.0487903356552,"Subscriber",1977,"Male"
"29477","2018-06-19 06:26:11.9","2018-06-19 06:31:23.651","3278",40.725685483629,-74.0487903356552,"3186",40.7195861164717,-74.0431174635887,"Subscriber",1983,"Female"
"29477","2018-06-19 06:52:35.301","2018-06-19 06:53:53.023","3270",40.7252891078113,-74.0455716848373,"3272",40.7233315864644,-74.0459525585174,"Subscriber",1988,"Male"
"29477","2018-06-19 08:36:56.117","2018-06-19 08:40:15.905","3272",40.7233315864644,-74.0459525585174,"3186",40.7195861164717,-74.0431174635887,"Subscriber",1959,"Male"
"29477","2018-06-19 13:21:45.427","2018-06-19 13:28:58.659","3270",40.7252891078113,-74.0455716848373,"3270",40.7252891078113,-74.0455716848373,"Subscriber",1978,"Male"
"29477","2018-06-19 20:20:23.99","2018-06-19 20:23:20.643","3270",40.7252891078113,-74.0455716848373,"3273",40.72165072488,-74.0428841114044,"Subscriber",1989,"Female"
"29477","2018-06-21 12:20:55.098","2018-06-21 12:29:54.613","3210",40.742677141,-74.051788633,"3202",40.7272235,-74.0337589,"Subscriber",1995,"Female"
"29477","2018-06-21 16:43:00.422","2018-06-21 16:50:31.149","3202",40.7272235,-74.0337589,"3203",40.727595966,-74.044247311,"Subscriber",1984,"Female"
"29477","2018-06-21 16:59:21.617","2018-06-21 17:06:19.942","3203",40.727595966,-74.044247311,"3185",40.7177325,-74.043845,"Subscriber",1996,"Female"
"29477","2018-06-22 09:31:00.194","2018-06-22 09:38:17.712","3185",40.7177325,-74.043845,"3202",40.7272235,-74.0337589,"Subscriber",1975,"Female"
"29477","2018-06-22 14:06:04.582","2018-06-22 14:07:42.712","3202",40.7272235,-74.0337589,"3199",40.7287448,-74.0321082,"Subscriber",1980,"Female"
"29477","2018-06-23 11:51:47.148","2018-06-23 12:19:15.415","3199",40.7287448,-74.0321082,"3199",40.7287448,-74.0321082,"Customer",1969,"Unknown"
"29477","2018-06-23 15:04:04.16","2018-06-23 15:32:28.612","3199",40.7287448,-74.0321082,"3183",40.7162469,-74.0334588,"Subscriber",1977,"Male"
"29477","2018-06-23 15:34:50.788","2018-06-23 15:51:03.633","3183",40.7162469,-74.0334588,"3199",40.7287448,-74.0321082,"Subscriber",1977,"Male"
"29477","2018-06-24 10:07:46.403","2018-06-24 11:59:02.335","3199",40.7287448,-74.0321082,"3213",40.71848892,-74.047726625,"Customer",1969,"Unknown"
"29477","2018-06-24 14:08:39.905","2018-06-24 14:13:48.15","3213",40.71848892,-74.047726625,"3213",40.71848892,-74.047726625,"Subscriber",1985,"Male"
"29477","2018-06-25 09:30:14.026","2018-06-25 09:33:06.691","3213",40.71848892,-74.047726625,"3186",40.7195861164717,-74.0431174635887,"Subscriber",1962,"Female"
"29477","2018-06-25 11:29:39.322","2018-06-25 11:42:06.789","3212",40.734785818,-74.050443636,"3277",40.7143583687043,-74.0666109323502,"Subscriber",1981,"Male"
"29477","2018-06-26 15:28:35.332","2018-06-26 15:58:25.847","3277",40.7143583687043,-74.0666109323502,"3203",40.727595966,-74.044247311,"Customer",1969,"Unknown"
"29477","2018-06-26 16:04:32.851","2018-06-26 17:05:20.667","3203",40.727595966,-74.044247311,"3273",40.72165072488,-74.0428841114044,"Customer",1969,"Unknown"
"29477","2018-06-26 17:31:39.913","2018-06-26 17:35:47.884","3273",40.72165072488,-74.0428841114044,"3278",40.725685483629,-74.0487903356552,"Subscriber",1987,"Female"
"29477","2018-06-26 18:13:11.22","2018-06-26 18:20:33.202","3278",40.725685483629,-74.0487903356552,"3202",40.7272235,-74.0337589,"Subscriber",1977,"Male"
"29477","2018-06-26 19:59:55.375","2018-06-26 20:08:19.304","3202",40.7272235,-74.0337589,"3639",40.7192517,-74.034234,"Subscriber",1990,"Male"
"29477","2018-06-26 21:33:44.01","2018-06-26 21:37:27.402","3639",40.7192517,-74.034234,"3638",40.7242941,-74.0354826,"Subscriber",1994,"Male"
"29477","2018-06-26 22:02:26.131","2018-06-26 22:17:03.287","3638",40.7242941,-74.0354826,"3196",40.7443187,-74.0439909,"Subscriber",1988,"Male"
"29477","2018-06-27 16:05:06.423","2018-06-27 16:07:21.342","3196",40.7443187,-74.0439909,"3198",40.7487159453802,-74.0404433012009,"Subscriber",1969,"Unknown"
"29477","2018-06-27 18:34:53.562","2018-06-27 18:49:17.697","3198",40.7487159453802,-74.0404433012009,"3640",40.73367,-74.0625,"Subscriber",1987,"Male"
"29477","2018-06-27 20:30:22.755","2018-06-27 20:35:47.325","3640",40.73367,-74.0625,"3225",40.7236589,-74.0641943,"Subscriber",1991,"Male"
"29477","2018-06-28 20:38:32.046","2018-06-28 20:45:48.032","3225",40.7236589,-74.0641943,"3186",40.7195861164717,-74.0431174635887,"Subscriber",1976,"Male"
"29477","2018-06-28 21:19:15.79","2018-06-28 21:27:16.901","3186",40.7195861164717,-74.0431174635887,"3203",40.727595966,-74.044247311,"Subscriber",1984,"Female"
"29477","2018-06-29 08:41:34.846","2018-06-29 08:46:26.711","3203",40.727595966,-74.044247311,"3186",40.7195861164717,-74.0431174635887,"Subscriber",1985,"Male"
"29477","2018-06-29 17:48:51.64","2018-06-29 17:54:56.118","3186",40.7195861164717,-74.0431174635887,"3269",40.7260117296463,-74.0503889322281,"Subscriber",1985,"Male"
"29477","2018-07-01 11:09:33.09","2018-07-01 11:16:27.507","3269",40.7260117296463,-74.0503889322281,"3273",40.72165072488,-74.0428841114044,"Subscriber",1981,"Female"
"29477","2018-07-02 21:23:14.881","2018-07-02 21:24:44.972","3273",40.72165072488,-74.0428841114044,"3186",40.7195861164717,-74.0431174635887,"Subscriber",1986,"Male"
"29477","2018-07-02 21:27:04.429","2018-07-02 21:31:18.719","3186",40.7195861164717,-74.0431174635887,"3269",40.7260117296463,-74.0503889322281,"Subscriber",1986,"Male"
"29477","2018-07-02 22:25:35.853","2018-07-02 22:35:49.924","3269",40.7260117296463,-74.0503889322281,"3639",40.7192517,-74.034234,"Customer",1989,"Male"
"29477","2018-07-06 16:41:41.109","2018-07-06 16:43:48.856","3639",40.7192517,-74.034234,"3639",40.7192517,-74.034234,"Customer",1969,"Unknown"
"29477","2018-07-07 14:23:42.584","2018-07-07 14:56:19.255","3639",40.7192517,-74.034234,"3186",40.7195861164717,-74.0431174635887,"Customer",1969,"Unknown"
"29477","2018-07-09 00:03:07.768","2018-07-09 00:18:31.86","3186",40.7195861164717,-74.0431174635887,"3191",40.7182113,-74.0836394,"Subscriber",1990,"Male"
"29477","2018-07-09 08:35:31.93","2018-07-09 08:48:56.116","3191",40.7182113,-74.0836394,"3640",40.73367,-74.0625,"Subscriber",1990,"Male"
"29477","2018-07-09 19:34:40.558","2018-07-09 19:41:54.001","3640",40.73367,-74.0625,"3281",40.7459099663156,-74.0572714805603,"Subscriber",1982,"Male"
"29477","2018-07-09 22:06:16.18","2018-07-09 22:18:50.428","3281",40.7459099663156,-74.0572714805603,"3281",40.7459099663156,-74.0572714805603,"Subscriber",1989,"Male"
"29477","2018-07-10 08:50:15.167","2018-07-10 09:03:25.88","3281",40.7459099663156,-74.0572714805603,"3202",40.7272235,-74.0337589,"Subscriber",1977,"Male"
"29477","2018-07-10 11:52:08.803","2018-07-10 11:57:12.799","3202",40.7272235,-74.0337589,"3639",40.7192517,-74.034234,"Subscriber",1986,"Male"
"29477","2018-07-10 17:57:39.014","2018-07-10 18:04:25.306","3639",40.7192517,-74.034234,"3203",40.727595966,-74.044247311,"Subscriber",1954,"Male"
"29477","2018-07-11 08:56:31.232","2018-07-11 09:03:20.63","3203",40.727595966,-74.044247311,"3639",40.7192517,-74.034234,"Subscriber",1954,"Male"
"29477","2018-07-11 17:17:05.4","2018-07-11 17:31:41.602","3639",40.7192517,-74.034234,"3211",40.72152515,-74.046304543,"Subscriber",1990,"Male"
"29477","2018-07-11 17:38:46.184","2018-07-11 17:53:51.237","3211",40.72152515,-74.046304543,"3192",40.7112423,-74.0557013,"Subscriber",1991,"Male"
"29477","2018-07-12 07:32:57.667","2018-07-12 07:42:40.85","3192",40.7112423,-74.0557013,"3211",40.72152515,-74.046304543,"Subscriber",1991,"Male"
"29477","2018-07-12 08:40:23.557","2018-07-12 08:53:16.067","3211",40.72152515,-74.046304543,"3225",40.7236589,-74.0641943,"Subscriber",1980,"Female"
"29477","2018-07-12 13:57:34.196","2018-07-12 14:03:39.376","3225",40.7236589,-74.0641943,"3195",40.7307426253066,-74.0637838840485,"Customer",1969,"Unknown"
"29477","2018-07-12 18:16:39.971","2018-07-12 18:20:19.596","3195",40.7307426253066,-74.0637838840485,"3677",40.7275514673001,-74.0710607171059,"Subscriber",1982,"Female"
"29477","2018-07-12 21:09:08.638","2018-07-12 21:29:41.551","3677",40.7275514673001,-74.0710607171059,"3202",40.7272235,-74.0337589,"Customer",1989,"Male"
"29477","2018-07-12 21:34:11.798","2018-07-12 21:39:15.516","3202",40.7272235,-74.0337589,"3187",40.7211236,-74.03805095,"Subscriber",1987,"Male"
"29477","2018-07-13 12:15:50.244","2018-07-13 12:17:35.225","3187",40.7211236,-74.03805095,"3275",40.7183551982321,-74.0389144420624,"Subscriber",1987,"Male"
"29477","2018-07-13 22:03:17.844","2018-07-13 22:07:46.706","3275",40.7183551982321,-74.0389144420624,"3267",40.7124188237569,-74.0385255217552,"Subscriber",1988,"Male"
"29477","2018-07-14 12:23:37.578","2018-07-14 22:36:52.943","3267",40.7124188237569,-74.0385255217552,"3276",40.7145840353589,-74.042817056179,"Customer",1969,"Unknown"
"29477","2018-07-15 18:46:35.32","2018-07-15 18:51:12.752","3276",40.7145840353589,-74.042817056179,"3186",40.7195861164717,-74.0431174635887,"Subscriber",1974,"Male"
"29477","2018-07-15 22:04:59.032","2018-07-15 22:07:36.27","3186",40.7195861164717,-74.0431174635887,"3213",40.71848892,-74.047726625,"Subscriber",1990,"Female"
"29477","2018-07-16 08:28:06.563","2018-07-16 08:30:49.094","3213",40.71848892,-74.047726625,"3186",40.7195861164717,-74.0431174635887,"Subscriber",1969,"Male"
"29477","2018-07-16 17:43:23.871","2018-07-16 17:47:18.183","3186",40.7195861164717,-74.0431174635887,"3269",40.7260117296463,-74.0503889322281,"Subscriber",1989,"Female"
"29477","2018-07-16 19:43:03.603","2018-07-16 19:49:49.992","3269",40.7260117296463,-74.0503889322281,"3187",40.7211236,-74.03805095,"Subscriber",1986,"Female"
"29477","2018-07-16 21:06:34.24","2018-07-16 21:14:40.206","3187",40.7211236,-74.03805095,"3269",40.7260117296463,-74.0503889322281,"Subscriber",1986,"Female"
"29477","2018-07-16 22:13:44.278","2018-07-16 22:17:04.489","3269",40.7260117296463,-74.0503889322281,"3272",40.7233315864644,-74.0459525585174,"Subscriber",1981,"Male"
"29477","2018-07-16 22:29:17.454","2018-07-16 22:31:58.048","3272",40.7233315864644,-74.0459525585174,"3203",40.727595966,-74.044247311,"Subscriber",1966,"Male"
"29477","2018-07-17 06:58:22.539","2018-07-17 07:02:36.547","3203",40.727595966,-74.044247311,"3186",40.7195861164717,-74.0431174635887,"Subscriber",1971,"Male"
"29477","2018-07-17 08:13:11.936","2018-07-17 08:17:28.517","3209",40.7241765,-74.0506564,"3186",40.7195861164717,-74.0431174635887,"Subscriber",1986,"Male"
"29477","2018-07-18 07:37:34.624","2018-07-18 07:45:25.579","3279",40.7216301426384,-74.0499678254128,"3183",40.7162469,-74.0334588,"Subscriber",1987,"Female"
"29477","2018-07-26 21:45:26.863","2018-07-26 21:47:46.912","3640",40.73367,-74.0625,"3206",40.7311689,-74.0575736,"Subscriber",1981,"Male"
"29477","2018-07-27 10:05:06.557","2018-07-27 10:12:17.603","3206",40.7311689,-74.0575736,"3279",40.7216301426384,-74.0499678254128,"Customer",1969,"Unknown"
"29477","2018-07-27 10:50:40.845","2018-07-27 10:59:43.9","3279",40.7216301426384,-74.0499678254128,"3638",40.7242941,-74.0354826,"Subscriber",1971,"Male"
"29477","2018-07-28 02:53:35.302","2018-07-28 03:00:55.282","3638",40.7242941,-74.0354826,"3269",40.7260117296463,-74.0503889322281,"Subscriber",1984,"Male"
"29477","2018-07-28 10:05:20.642","2018-07-28 10:07:17.32","3269",40.7260117296463,-74.0503889322281,"3270",40.7252891078113,-74.0455716848373,"Subscriber",1992,"Male"
"29477","2018-07-28 17:10:08.807","2018-07-28 17:13:29.856","3270",40.7252891078113,-74.0455716848373,"3186",40.7195861164717,-74.0431174635887,"Subscriber",1991,"Female"
"29477","2018-07-28 17:24:06.657","2018-07-28 17:27:56.03","3186",40.7195861164717,-74.0431174635887,"3279",40.7216301426384,-74.0499678254128,"Subscriber",1986,"Male"
"29477","2018-07-28 17:38:03.928","2018-07-28 17:43:31.956","3279",40.7216301426384,-74.0499678254128,"3187",40.7211236,-74.03805095,"Subscriber",1986,"Male"
"29477","2018-07-28 20:45:27.807","2018-07-28 21:03:24.311","3187",40.7211236,-74.03805095,"3184",40.7141454,-74.0335519,"Customer",1973,"Male"
"29477","2018-07-28 21:06:23.012","2018-07-28 21:30:59.554","3184",40.7141454,-74.0335519,"3202",40.7272235,-74.0337589,"Customer",1973,"Male"
"29477","2018-07-28 21:33:47.736","2018-07-28 21:48:21.042","3202",40.7272235,-74.0337589,"3638",40.7242941,-74.0354826,"Customer",1973,"Male"
"29477","2018-07-29 16:36:45.029","2018-07-29 16:46:16.216","3638",40.7242941,-74.0354826,"3638",40.7242941,-74.0354826,"Subscriber",1989,"Male"
"29477","2018-07-30 13:03:58.245","2018-07-30 13:06:19.582","3638",40.7242941,-74.0354826,"3202",40.7272235,-74.0337589,"Subscriber",1989,"Female"
"29477","2018-07-30 17:05:41.143","2018-07-30 17:12:17.735","3202",40.7272235,-74.0337589,"3481",40.71649,-74.04105,"Subscriber",1986,"Male"
"29477","2018-07-30 20:50:13.073","2018-07-30 21:02:31.154","3481",40.71649,-74.04105,"3199",40.7287448,-74.0321082,"Subscriber",1985,"Male"
"29477","2018-07-31 07:49:04.041","2018-07-31 07:51:19.172","3199",40.7287448,-74.0321082,"3202",40.7272235,-74.0337589,"Subscriber",1991,"Male"
"29477","2018-07-31 09:00:57.897","2018-07-31 09:04:21.33","3270",40.7252891078113,-74.0455716848373,"3186",40.7195861164717,-74.0431174635887,"Subscriber",1959,"Male"
"29477","2018-07-31 12:59:29.225","2018-07-31 13:12:18.546","3186",40.7195861164717,-74.0431174635887,"3207",40.7376037,-74.0524783,"Subscriber",1989,"Male"
"29477","2018-07-31 16:53:25.211","2018-07-31 17:05:02.867","3207",40.7376037,-74.0524783,"3185",40.7177325,-74.043845,"Subscriber",1989,"Male"
"29477","2018-07-31 19:38:51.066","2018-07-31 19:42:54.494","3183",40.7162469,-74.0334588,"3267",40.7124188237569,-74.0385255217552,"Subscriber",1958,"Male"
"29477","2018-07-31 20:56:19.632","2018-07-31 20:59:46.585","3267",40.7124188237569,-74.0385255217552,"3184",40.7141454,-74.0335519,"Subscriber",1983,"Male"
"29477","2018-07-31 21:54:46.089","2018-07-31 21:57:34.35","3184",40.7141454,-74.0335519,"3267",40.7124188237569,-74.0385255217552,"Subscriber",1961,"Male"
"29477","2018-08-01 05:51:42.06","2018-08-01 05:54:40.947","3267",40.7124188237569,-74.0385255217552,"3184",40.7141454,-74.0335519,"Subscriber",1961,"Male"
"29477","2018-08-01 16:50:49.735","2018-08-01 16:58:26.345","3184",40.7141454,-74.0335519,"3202",40.7272235,-74.0337589,"Subscriber",1988,"Male"
"29477","2018-08-01 17:58:20.385","2018-08-01 18:09:20.741","3202",40.7272235,-74.0337589,"3214",40.7127742,-74.0364857,"Subscriber",1963,"Male"
"29477","2018-08-02 08:38:26.727","2018-08-02 08:42:01.979","3214",40.7127742,-74.0364857,"3183",40.7162469,-74.0334588,"Subscriber",1979,"Female"
"29477","2018-08-02 09:50:14.688","2018-08-02 09:52:21.367","3276",40.7145840353589,-74.042817056179,"3185",40.7177325,-74.043845,"Subscriber",1972,"Male"
"29477","2018-08-03 09:35:14.913","2018-08-03 09:37:27.536","3639",40.7192517,-74.034234,"3183",40.7162469,-74.0334588,"Subscriber",1993,"Female"
"29477","2018-08-04 13:35:24.007","2018-08-04 18:41:29.803","3225",40.7236589,-74.0641943,"3214",40.7127742,-74.0364857,"Subscriber",1991,"Female"
"29477","2018-08-04 18:43:45.616","2018-08-04 18:49:52.018","3214",40.7127742,-74.0364857,"3185",40.7177325,-74.043845,"Subscriber",1991,"Female"
"29477","2018-08-04 19:58:46.612","2018-08-04 20:35:20.052","3185",40.7177325,-74.043845,"3187",40.7211236,-74.03805095,"Subscriber",1983,"Female"
"29477","2018-08-05 12:01:02.206","2018-08-05 12:05:16.133","3187",40.7211236,-74.03805095,"3202",40.7272235,-74.0337589,"Subscriber",1988,"Male"
"29477","2018-08-05 13:41:04.03","2018-08-05 13:44:09.809","3202",40.7272235,-74.0337589,"3199",40.7287448,-74.0321082,"Subscriber",1990,"Male"
"29477","2018-08-05 14:00:42.772","2018-08-05 14:15:50.437","3199",40.7287448,-74.0321082,"3199",40.7287448,-74.0321082,"Subscriber",1958,"Male"
"29477","2018-08-05 16:06:33.118","2018-08-05 16:24:41.013","3199",40.7287448,-74.0321082,"3183",40.7162469,-74.0334588,"Customer",1969,"Unknown"
"29477","2018-08-05 16:35:24.505","2018-08-05 16:58:38.933","3183",40.7162469,-74.0334588,"3639",40.7192517,-74.034234,"Customer",1969,"Unknown"
"29477","2018-08-05 18:28:15.559","2018-08-05 19:12:16.738","3639",40.7192517,-74.034234,"3272",40.7233315864644,-74.0459525585174,"Customer",1989,"Female"
"29477","2018-08-05 20:44:25.086","2018-08-05 20:48:48.078","3272",40.7233315864644,-74.0459525585174,"3203",40.727595966,-74.044247311,"Subscriber",1995,"Female"
"29477","2018-08-06 06:47:01.883","2018-08-06 06:51:30.005","3203",40.727595966,-74.044247311,"3186",40.7195861164717,-74.0431174635887,"Subscriber",1986,"Male"
"29477","2018-08-06 07:53:45.491","2018-08-06 08:09:00.042","3207",40.7376037,-74.0524783,"3202",40.7272235,-74.0337589,"Subscriber",1982,"Male"
"29477","2018-08-06 17:47:16.777","2018-08-06 17:49:22.839","3187",40.7211236,-74.03805095,"3275",40.7183551982321,-74.0389144420624,"Subscriber",1951,"Male"
"29477","2018-08-06 17:51:31.524","2018-08-06 17:56:40.52","3275",40.7183551982321,-74.0389144420624,"3211",40.72152515,-74.046304543,"Subscriber",1983,"Male"
"29477","2018-08-06 18:11:40.281","2018-08-06 18:20:33.374","3211",40.72152515,-74.046304543,"3192",40.7112423,-74.0557013,"Subscriber",1990,"Female"
"29477","2018-08-06 20:12:07.526","2018-08-06 20:42:43.157","3192",40.7112423,-74.0557013,"3192",40.7112423,-74.0557013,"Subscriber",1971,"Female"
"29477","2018-08-07 08:39:35.263","2018-08-07 08:51:32.802","3192",40.7112423,-74.0557013,"3639",40.7192517,-74.034234,"Subscriber",1986,"Male"
"29477","2018-08-07 18:09:19.563","2018-08-07 18:21:02.184","3639",40.7192517,-74.034234,"3267",40.7124188237569,-74.0385255217552,"Subscriber",1982,"Male"
"29477","2018-08-08 07:29:35.773","2018-08-08 07:32:53.176","3267",40.7124188237569,-74.0385255217552,"3184",40.7141454,-74.0335519,"Subscriber",1969,"Unknown"
"29477","2018-08-08 12:59:05.657","2018-08-08 13:06:02.694","3184",40.7141454,-74.0335519,"3202",40.7272235,-74.0337589,"Subscriber",1971,"Male"
"29477","2018-08-08 17:28:35.121","2018-08-08 17:35:58.764","3202",40.7272235,-74.0337589,"3270",40.7252891078113,-74.0455716848373,"Subscriber",1968,"Male"
"29477","2018-08-09 07:58:50.629","2018-08-09 08:04:35.92","3270",40.7252891078113,-74.0455716848373,"3186",40.7195861164717,-74.0431174635887,"Subscriber",1962,"Male"
"29477","2018-08-09 08:38:09.842","2018-08-09 08:44:30.156","3269",40.7260117296463,-74.0503889322281,"3186",40.7195861164717,-74.0431174635887,"Subscriber",1972,"Male"
"29477","2018-08-09 18:08:12.125","2018-08-09 18:11:44.94","3186",40.7195861164717,-74.0431174635887,"3209",40.7241765,-74.0506564,"Subscriber",1980,"Male"
"29477","2018-08-10 06:28:48.688","2018-08-10 06:32:25.09","3209",40.7241765,-74.0506564,"3186",40.7195861164717,-74.0431174635887,"Subscriber",1980,"Male"
"29477","2018-08-10 08:48:07.864","2018-08-10 08:50:41.955","3211",40.72152515,-74.046304543,"3186",40.7195861164717,-74.0431174635887,"Subscriber",1991,"Male"
"29477","2018-08-10 23:53:51.543","2018-08-11 00:00:40.269","3186",40.7195861164717,-74.0431174635887,"3269",40.7260117296463,-74.0503889322281,"Subscriber",1987,"Male"
"29477","2018-08-11 09:58:06.533","2018-08-11 10:01:25.896","3269",40.7260117296463,-74.0503889322281,"3272",40.7233315864644,-74.0459525585174,"Subscriber",1993,"Male"
"29477","2018-08-11 10:16:50.266","2018-08-11 10:25:30.797","3272",40.7233315864644,-74.0459525585174,"3269",40.7260117296463,-74.0503889322281,"Subscriber",1993,"Male"
"29477","2018-08-12 10:43:58.59","2018-08-12 12:50:11.623","3269",40.7260117296463,-74.0503889322281,"3199",40.7287448,-74.0321082,"Customer",1969,"Unknown"
"29477","2018-08-12 13:47:42.541","2018-08-12 13:56:26.799","3199",40.7287448,-74.0321082,"3202",40.7272235,-74.0337589,"Subscriber",1990,"Male"
"29477","2018-08-13 18:20:53.824","2018-08-13 18:41:10.693","3184",40.7141454,-74.0335519,"3183",40.7162469,-74.0334588,"Customer",1969,"Unknown"
"29477","2018-08-13 19:47:19.218","2018-08-13 19:50:28.761","3183",40.7162469,-74.0334588,"3187",40.7211236,-74.03805095,"Subscriber",1986,"Male"
"29477","2018-08-14 06:50:22.455","2018-08-14 06:54:25.044","3187",40.7211236,-74.03805095,"3183",40.7162469,-74.0334588,"Subscriber",1969,"Unknown"
"29477","2018-08-15 19:26:38.337","2018-08-15 19:32:48.645","3195",40.7307426253066,-74.0637838840485,"3678",40.7257261374256,-74.0719592571259,"Subscriber",1985,"Male"
"29477","2018-08-16 16:35:11.797","2018-08-16 16:44:28.502","3678",40.7257261374256,-74.0719592571259,"3195",40.7307426253066,-74.0637838840485,"Subscriber",1980,"Male"
"29477","2018-08-16 17:46:10.601","2018-08-16 17:51:15.655","3195",40.7307426253066,-74.0637838840485,"3225",40.7236589,-74.0641943,"Subscriber",1994,"Male"
"29477","2018-08-17 07:32:15.147","2018-08-17 07:48:46.266","3225",40.7236589,-74.0641943,"3199",40.7287448,-74.0321082,"Subscriber",1984,"Male"
"29477","2018-08-17 08:21:53.024","2018-08-17 08:33:56.039","3199",40.7287448,-74.0321082,"3214",40.7127742,-74.0364857,"Subscriber",1986,"Male"
"29477","2018-08-17 12:24:26.348","2018-08-17 12:26:28.794","3214",40.7127742,-74.0364857,"3184",40.7141454,-74.0335519,"Subscriber",1981,"Male"
"29477","2018-08-17 15:11:13.521","2018-08-17 15:16:07.435","3184",40.7141454,-74.0335519,"3276",40.7145840353589,-74.042817056179,"Customer",1969,"Unknown"
"29477","2018-08-17 21:10:23.725","2018-08-17 21:14:02.991","3276",40.7145840353589,-74.042817056179,"3186",40.7195861164717,-74.0431174635887,"Subscriber",1985,"Female"
"29477","2018-08-17 21:21:55.025","2018-08-17 21:25:46.217","3186",40.7195861164717,-74.0431174635887,"3213",40.71848892,-74.047726625,"Subscriber",1964,"Male"
"29477","2018-08-19 10:09:38.586","2018-08-19 10:16:45.507","3213",40.71848892,-74.047726625,"3187",40.7211236,-74.03805095,"Subscriber",1984,"Male"
"29477","2018-08-19 15:06:15.579","2018-08-19 15:11:27.401","3187",40.7211236,-74.03805095,"3276",40.7145840353589,-74.042817056179,"Subscriber",1987,"Female"
"29477","2018-08-19 15:37:07.25","2018-08-19 15:40:12.516","3276",40.7145840353589,-74.042817056179,"3186",40.7195861164717,-74.0431174635887,"Subscriber",1986,"Male"
"29477","2018-08-19 16:57:19.729","2018-08-19 17:10:55.734","3186",40.7195861164717,-74.0431174635887,"3187",40.7211236,-74.03805095,"Subscriber",1989,"Male"
"29477","2018-08-19 17:41:03.511","2018-08-19 17:55:26.96","3187",40.7211236,-74.03805095,"3183",40.7162469,-74.0334588,"Subscriber",1989,"Male"
"29477","2018-08-19 18:04:35.191","2018-08-19 19:38:39.494","3183",40.7162469,-74.0334588,"3639",40.7192517,-74.034234,"Customer",1969,"Unknown"
"29477","2018-08-20 08:26:50.383","2018-08-20 08:28:28.306","3639",40.7192517,-74.034234,"3639",40.7192517,-74.034234,"Customer",1969,"Unknown"
"29477","2018-08-20 08:33:25.516","2018-08-20 08:35:20.639","3639",40.7192517,-74.034234,"3183",40.7162469,-74.0334588,"Subscriber",1992,"Male"
"29477","2018-08-21 10:29:40.968","2018-08-21 10:35:04.841","3207",40.7376037,-74.0524783,"3640",40.73367,-74.0625,"Subscriber",1985,"Male"
"29477","2018-08-21 11:42:09.69","2018-08-21 11:46:27.74","3640",40.73367,-74.0625,"3201",40.737711,-74.066921,"Subscriber",1974,"Female"
"29477","2018-08-24 19:53:04.517","2018-08-24 19:58:12.551","3202",40.7272235,-74.0337589,"3639",40.7192517,-74.034234,"Subscriber",1989,"Male"
"29477","2018-08-24 20:28:00.028","2018-08-24 20:59:55.831","3639",40.7192517,-74.034234,"3184",40.7141454,-74.0335519,"Subscriber",1976,"Male"
"29477","2018-08-24 22:42:10.471","2018-08-24 23:05:30.275","3184",40.7141454,-74.0335519,"3199",40.7287448,-74.0321082,"Customer",1969,"Unknown"
"29477","2018-08-24 23:22:39.943","2018-08-24 23:42:08.766","3199",40.7287448,-74.0321082,"3198",40.7487159453802,-74.0404433012009,"Subscriber",1983,"Female"
"29477","2018-08-25 14:46:05.686","2018-08-25 15:02:50.304","3198",40.7487159453802,-74.0404433012009,"3201",40.737711,-74.066921,"Subscriber",1975,"Female"
"29477","2018-08-27 08:23:17.653","2018-08-27 08:27:33.956","3201",40.737711,-74.066921,"3640",40.73367,-74.0625,"Subscriber",1989,"Male"
"29477","2018-08-27 09:55:18.618","2018-08-27 10:08:32.557","3640",40.73367,-74.0625,"3183",40.7162469,-74.0334588,"Subscriber",1981,"Male"
"29477","2018-08-27 17:30:35.638","2018-08-27 17:36:32.567","3183",40.7162469,-74.0334588,"3276",40.7145840353589,-74.042817056179,"Subscriber",1988,"Male"
"29477","2018-08-28 08:14:59.65","2018-08-28 08:19:22.828","3276",40.7145840353589,-74.042817056179,"3186",40.7195861164717,-74.0431174635887,"Subscriber",1989,"Female"
"29477","2018-08-28 22:00:26.698","2018-08-28 22:16:33.624","3276",40.7145840353589,-74.042817056179,"3638",40.7242941,-74.0354826,"Subscriber",1989,"Female"
"29477","2018-08-29 09:56:58.61","2018-08-29 09:59:23.917","3638",40.7242941,-74.0354826,"3202",40.7272235,-74.0337589,"Subscriber",1989,"Female"
"29477","2018-08-29 12:26:53.535","2018-08-29 12:34:51.979","3202",40.7272235,-74.0337589,"3211",40.72152515,-74.046304543,"Subscriber",1968,"Female"
"29477","2018-08-29 12:51:05.796","2018-08-29 12:59:17.27","3211",40.72152515,-74.046304543,"3202",40.7272235,-74.0337589,"Subscriber",1968,"Female"
"29477","2018-08-29 13:53:43.905","2018-08-29 14:02:53.249","3202",40.7272235,-74.0337589,"3183",40.7162469,-74.0334588,"Subscriber",1994,"Male"
"29477","2018-08-29 15:47:26.404","2018-08-29 15:53:38.715","3183",40.7162469,-74.0334588,"3211",40.72152515,-74.046304543,"Subscriber",1988,"Male"
"29477","2018-08-31 16:35:09.153","2018-08-31 16:43:52.055","3639",40.7192517,-74.034234,"3211",40.72152515,-74.046304543,"Subscriber",1990,"Male"
"29477","2018-08-31 18:22:08.078","2018-08-31 18:31:52.036","3211",40.72152515,-74.046304543,"3225",40.7236589,-74.0641943,"Subscriber",1969,"Unknown"
"29477","2018-09-01 10:42:09.464","2018-09-01 10:56:24.703","3225",40.7236589,-74.0641943,"3186",40.7195861164717,-74.0431174635887,"Subscriber",1987,"Female"
"29477","2018-09-01 16:28:52.953","2018-09-01 17:00:20.975","3186",40.7195861164717,-74.0431174635887,"3205",40.7165397809919,-74.0496379137039,"Customer",1969,"Unknown"
"29477","2018-09-01 17:02:59.934","2018-09-01 17:06:34.36","3205",40.7165397809919,-74.0496379137039,"3205",40.7165397809919,-74.0496379137039,"Customer",1969,"Unknown"
"29477","2018-09-02 04:35:28.465","2018-09-02 04:40:55.867","3205",40.7165397809919,-74.0496379137039,"3186",40.7195861164717,-74.0431174635887,"Customer",1969,"Unknown"
"29477","2018-09-02 16:29:40.675","2018-09-02 16:33:02.714","3281",40.7459099663156,-74.0572714805603,"3210",40.742677141,-74.051788633,"Subscriber",1990,"Male"
"29477","2018-09-04 00:48:13.93","2018-09-04 01:18:46.357","3210",40.742677141,-74.051788633,"3210",40.742677141,-74.051788633,"Customer",1999,"Male"
"29477","2018-09-04 01:20:52.852","2018-09-04 01:49:10.468","3210",40.742677141,-74.051788633,"3210",40.742677141,-74.051788633,"Customer",1999,"Male"
"29477","2018-09-04 07:45:17.381","2018-09-04 08:04:03.725","3210",40.742677141,-74.051788633,"3185",40.7177325,-74.043845,"Subscriber",1991,"Male"
"29477","2018-09-05 13:19:42.739","2018-09-05 13:37:27.029","3185",40.7177325,-74.043845,"3185",40.7177325,-74.043845,"Subscriber",1988,"Male"
"29477","2018-09-06 09:04:05.68","2018-09-06 09:10:09.392","3185",40.7177325,-74.043845,"3203",40.727595966,-74.044247311,"Subscriber",1973,"Female"
"29477","2018-09-06 09:15:59.108","2018-09-06 09:22:03.626","3203",40.727595966,-74.044247311,"3639",40.7192517,-74.034234,"Subscriber",1954,"Male"
"29477","2018-09-06 13:37:13.682","2018-09-06 13:52:25.695","3639",40.7192517,-74.034234,"3183",40.7162469,-74.0334588,"Subscriber",1974,"Female"
"29477","2018-09-06 17:07:21.239","2018-09-06 17:26:31.718","3183",40.7162469,-74.0334588,"3195",40.7307426253066,-74.0637838840485,"Subscriber",1990,"Female"
"29477","2018-09-06 18:15:49.38","2018-09-06 18:20:22.095","3195",40.7307426253066,-74.0637838840485,"3677",40.7275514673001,-74.0710607171059,"Subscriber",1982,"Female"
"29477","2018-09-06 20:16:54.059","2018-09-06 20:29:30.053","3677",40.7275514673001,-74.0710607171059,"3191",40.7182113,-74.0836394,"Subscriber",1987,"Male"
"29477","2018-09-07 08:42:04.262","2018-09-07 08:54:09.096","3191",40.7182113,-74.0836394,"3195",40.7307426253066,-74.0637838840485,"Subscriber",1993,"Female"
"29477","2018-09-07 19:03:05.216","2018-09-07 19:11:36.111","3195",40.7307426253066,-74.0637838840485,"3193",40.7246050998869,-74.0784059464931,"Subscriber",1990,"Female"
"29477","2018-09-16 19:21:39.997","2018-09-16 19:27:58.755","3193",40.7246050998869,-74.0784059464931,"3280",40.719282200707,-74.071261882782,"Subscriber",1960,"Male"
"29477","2018-09-17 08:22:07.012","2018-09-17 08:29:02.572","3280",40.719282200707,-74.071261882782,"3195",40.7307426253066,-74.0637838840485,"Subscriber",1987,"Female"
"29477","2018-09-17 18:53:55.652","2018-09-17 18:59:39.105","3195",40.7307426253066,-74.0637838840485,"3207",40.7376037,-74.0524783,"Subscriber",1984,"Female"
"29477","2018-09-18 08:00:35.896","2018-09-18 08:27:10.941","3207",40.7376037,-74.0524783,"3199",40.7287448,-74.0321082,"Subscriber",1988,"Male"
"29477","2018-09-18 08:33:37.913","2018-09-18 08:35:40.427","3199",40.7287448,-74.0321082,"3202",40.7272235,-74.0337589,"Subscriber",1986,"Male"
"29477","2018-09-18 17:48:33.347","2018-09-18 17:53:51.571","3202",40.7272235,-74.0337589,"3187",40.7211236,-74.03805095,"Subscriber",1987,"Male"
"29477","2018-09-19 10:01:51.278","2018-09-19 10:05:03.532","3187",40.7211236,-74.03805095,"3183",40.7162469,-74.0334588,"Subscriber",1987,"Male"
"29477","2018-09-20 06:08:48.175","2018-09-20 06:12:01.48","3270",40.7252891078113,-74.0455716848373,"3186",40.7195861164717,-74.0431174635887,"Subscriber",1996,"Female"
"29477","2018-09-20 20:48:10.776","2018-09-20 20:51:48.317","3186",40.7195861164717,-74.0431174635887,"3270",40.7252891078113,-74.0455716848373,"Subscriber",1981,"Male"
"29477","2018-09-21 07:50:56.834","2018-09-21 07:55:22.618","3270",40.7252891078113,-74.0455716848373,"3186",40.7195861164717,-74.0431174635887,"Subscriber",1960,"Male"
"29477","2018-09-21 18:50:28.17","2018-09-21 18:54:38.901","3186",40.7195861164717,-74.0431174635887,"3203",40.727595966,-74.044247311,"Subscriber",1990,"Female"
"29477","2018-09-22 08:50:36.056","2018-09-22 08:55:54.345","3203",40.727595966,-74.044247311,"3187",40.7211236,-74.03805095,"Subscriber",1970,"Female"
"29477","2018-09-22 11:03:18.405","2018-09-22 11:04:53.432","3187",40.7211236,-74.03805095,"3275",40.7183551982321,-74.0389144420624,"Subscriber",1987,"Male"
"29477","2018-09-22 11:15:49.537","2018-09-22 11:17:41.322","3275",40.7183551982321,-74.0389144420624,"3187",40.7211236,-74.03805095,"Subscriber",1987,"Male"
"29477","2018-09-22 13:51:06.105","2018-09-22 13:57:06.334","3187",40.7211236,-74.03805095,"3203",40.727595966,-74.044247311,"Subscriber",1987,"Female"
"29477","2018-09-22 20:07:31.626","2018-09-22 20:11:52.691","3203",40.727595966,-74.044247311,"3211",40.72152515,-74.046304543,"Subscriber",1984,"Female"
"29477","2018-09-22 20:32:12.73","2018-09-22 20:37:06.748","3211",40.72152515,-74.046304543,"3205",40.7165397809919,-74.0496379137039,"Subscriber",1988,"Male"
"29477","2018-09-24 07:45:01.613","2018-09-24 08:03:32.306","3203",40.727595966,-74.044247311,"3186",40.7195861164717,-74.0431174635887,"Subscriber",1979,"Male"
"29477","2018-09-24 19:58:11.001","2018-09-24 20:02:06.106","3186",40.7195861164717,-74.0431174635887,"3279",40.7216301426384,-74.0499678254128,"Subscriber",1978,"Male"
"29477","2018-09-24 21:46:45.197","2018-09-24 21:56:21.643","3279",40.7216301426384,-74.0499678254128,"3207",40.7376037,-74.0524783,"Subscriber",1988,"Male"
"29477","2018-09-26 09:00:41.004","2018-09-26 09:08:22.361","3207",40.7376037,-74.0524783,"3195",40.7307426253066,-74.0637838840485,"Subscriber",1984,"Female"
"29477","2018-09-26 18:11:37.625","2018-09-26 18:28:31.376","3195",40.7307426253066,-74.0637838840485,"3191",40.7182113,-74.0836394,"Subscriber",1971,"Female"
"29477","2018-09-27 07:46:46.616","2018-09-27 08:02:48.08","3191",40.7182113,-74.0836394,"3195",40.7307426253066,-74.0637838840485,"Subscriber",1971,"Female"
"29477","2018-09-27 17:56:11.258","2018-09-27 18:09:28.15","3195",40.7307426253066,-74.0637838840485,"3678",40.7257261374256,-74.0719592571259,"Subscriber",1976,"Female"
"29477","2018-09-28 05:17:26.934","2018-09-28 05:23:11.624","3678",40.7257261374256,-74.0719592571259,"3195",40.7307426253066,-74.0637838840485,"Subscriber",1995,"Male"
"29477","2018-09-28 07:08:21.68","2018-09-28 07:15:35.631","3195",40.7307426253066,-74.0637838840485,"3194",40.7253399253558,-74.0676221251488,"Subscriber",1960,"Male"
"29477","2018-09-28 09:02:54.621","2018-09-28 09:12:27.702","3194",40.7253399253558,-74.0676221251488,"3186",40.7195861164717,-74.0431174635887,"Subscriber",1981,"Male"
"29477","2018-09-28 17:42:28.395","2018-09-28 17:54:26.872","3186",40.7195861164717,-74.0431174635887,"3194",40.7253399253558,-74.0676221251488,"Subscriber",1981,"Male"
"29477","2018-09-30 12:14:14.214","2018-09-30 12:38:26.913","3194",40.7253399253558,-74.0676221251488,"3184",40.7141454,-74.0335519,"Subscriber",1990,"Female"
"29477","2018-09-30 22:43:08.441","2018-09-30 23:00:43.534","3184",40.7141454,-74.0335519,"3639",40.7192517,-74.034234,"Subscriber",1996,"Female"
"29477","2018-09-30 23:17:04.535","2018-09-30 23:27:50.985","3639",40.7192517,-74.034234,"3202",40.7272235,-74.0337589,"Subscriber",1986,"Female"
"29477","2018-10-01 08:55:16.026","2018-10-01 08:59:25.602","3270",40.7252891078113,-74.0455716848373,"3186",40.7195861164717,-74.0431174635887,"Subscriber",1973,"Male"
"29477","2018-10-01 17:44:04.391","2018-10-01 17:51:15.139","3203",40.727595966,-74.044247311,"3202",40.7272235,-74.0337589,"Subscriber",1991,"Male"
"29477","2018-10-01 18:44:59.749","2018-10-01 19:02:34.622","3202",40.7272235,-74.0337589,"3198",40.7487159453802,-74.0404433012009,"Subscriber",1990,"Male"
"29477","2018-10-02 14:58:57.093","2018-10-02 15:04:12.477","3678",40.7257261374256,-74.0719592571259,"3195",40.7307426253066,-74.0637838840485,"Subscriber",1994,"Female"
"29477","2018-10-02 15:14:47.169","2018-10-02 15:25:13.931","3195",40.7307426253066,-74.0637838840485,"3191",40.7182113,-74.0836394,"Subscriber",1990,"Male"
"29477","2018-10-02 17:52:57.67","2018-10-02 18:01:31.634","3191",40.7182113,-74.0836394,"3194",40.7253399253558,-74.0676221251488,"Subscriber",1990,"Male"
"29477","2018-10-02 20:38:39.428","2018-10-02 20:47:52.878","3194",40.7253399253558,-74.0676221251488,"3191",40.7182113,-74.0836394,"Subscriber",1990,"Male"
"29477","2018-10-04 08:34:32.815","2018-10-04 08:40:49.876","3210",40.742677141,-74.051788633,"3640",40.73367,-74.0625,"Subscriber",1984,"Male"
"29477","2018-10-04 18:45:28.427","2018-10-04 18:53:03.506","3640",40.73367,-74.0625,"3210",40.742677141,-74.051788633,"Subscriber",1989,"Male"
"29477","2018-10-05 08:48:08.718","2018-10-05 08:59:18.891","3210",40.742677141,-74.051788633,"3203",40.727595966,-74.044247311,"Subscriber",1983,"Male"
"29477","2018-10-05 12:00:10.614","2018-10-05 12:04:47.571","3203",40.727595966,-74.044247311,"3272",40.7233315864644,-74.0459525585174,"Subscriber",1953,"Female"
"29477","2018-10-05 13:28:39.681","2018-10-05 13:35:27.33","3272",40.7233315864644,-74.0459525585174,"3205",40.7165397809919,-74.0496379137039,"Subscriber",1956,"Male"
"29477","2018-10-05 19:39:07.525","2018-10-05 19:43:19.208","3205",40.7165397809919,-74.0496379137039,"3681",40.7151776773203,-74.0376833081245,"Subscriber",1987,"Male"
"29477","2018-10-05 19:45:46.841","2018-10-05 19:47:35.46","3681",40.7151776773203,-74.0376833081245,"3681",40.7151776773203,-74.0376833081245,"Subscriber",1987,"Male"
"29477","2018-10-06 08:59:16.414","2018-10-06 09:12:16.224","3681",40.7151776773203,-74.0376833081245,"3681",40.7151776773203,-74.0376833081245,"Subscriber",1980,"Male"
"29477","2018-10-06 10:09:29.271","2018-10-06 10:14:36.444","3681",40.7151776773203,-74.0376833081245,"3213",40.71848892,-74.047726625,"Subscriber",1987,"Male"
"29477","2018-10-08 08:19:36.952","2018-10-08 08:22:14.401","3213",40.71848892,-74.047726625,"3186",40.7195861164717,-74.0431174635887,"Subscriber",1987,"Male"
"29477","2018-10-08 18:56:50.118","2018-10-08 19:05:33.722","3186",40.7195861164717,-74.0431174635887,"3199",40.7287448,-74.0321082,"Subscriber",1984,"Male"
"29477","2018-10-08 23:28:15.329","2018-10-08 23:33:55.209","3199",40.7287448,-74.0321082,"3270",40.7252891078113,-74.0455716848373,"Subscriber",1989,"Female"
"29477","2018-10-09 07:03:11.927","2018-10-09 07:09:17.594","3272",40.7233315864644,-74.0459525585174,"3639",40.7192517,-74.034234,"Subscriber",1984,"Female"
"29477","2018-10-09 07:19:40.49","2018-10-09 07:23:33.246","3639",40.7192517,-74.034234,"3202",40.7272235,-74.0337589,"Subscriber",1963,"Male"
"29477","2018-10-09 13:34:01.683","2018-10-09 13:40:15.592","3202",40.7272235,-74.0337589,"3186",40.7195861164717,-74.0431174635887,"Subscriber",1988,"Male"
"29477","2018-10-09 13:56:29.133","2018-10-09 14:05:26.696","3186",40.7195861164717,-74.0431174635887,"3225",40.7236589,-74.0641943,"Subscriber",1993,"Male"
"29477","2018-10-09 16:11:19.392","2018-10-09 16:17:54.871","3225",40.7236589,-74.0641943,"3213",40.71848892,-74.047726625,"Subscriber",1982,"Male"
"29477","2018-10-09 17:32:24.479","2018-10-09 17:36:34.902","3213",40.71848892,-74.047726625,"3276",40.7145840353589,-74.042817056179,"Subscriber",1971,"Female"
"29477","2018-10-09 19:14:25.754","2018-10-09 19:19:00.579","3183",40.7162469,-74.0334588,"3276",40.7145840353589,-74.042817056179,"Subscriber",1984,"Male"
"29477","2018-10-09 20:36:59.962","2018-10-09 21:26:09.264","3276",40.7145840353589,-74.042817056179,"3185",40.7177325,-74.043845,"Subscriber",1989,"Male"
"29477","2018-10-09 21:27:49.47","2018-10-09 21:30:20.35","3185",40.7177325,-74.043845,"3276",40.7145840353589,-74.042817056179,"Subscriber",1979,"Female"
"29477","2018-10-10 07:55:19.739","2018-10-10 08:01:33.061","3276",40.7145840353589,-74.042817056179,"3638",40.7242941,-74.0354826,"Subscriber",1990,"Male"
"29477","2018-10-10 09:28:21.377","2018-10-10 09:32:52.774","3638",40.7242941,-74.0354826,"3183",40.7162469,-74.0334588,"Subscriber",1977,"Male"
"29477","2018-10-10 12:55:03.016","2018-10-10 13:01:14.747","3278",40.725685483629,-74.0487903356552,"3273",40.72165072488,-74.0428841114044,"Subscriber",1983,"Male"
"29477","2018-10-10 20:00:38.02","2018-10-10 20:05:56.663","3273",40.72165072488,-74.0428841114044,"3278",40.725685483629,-74.0487903356552,"Subscriber",1982,"Female"
"29477","2018-10-11 07:18:10.295","2018-10-11 07:23:57.327","3278",40.725685483629,-74.0487903356552,"3186",40.7195861164717,-74.0431174635887,"Subscriber",1988,"Male"
"29477","2018-10-11 09:01:15.285","2018-10-11 09:09:18.913","3194",40.7253399253558,-74.0676221251488,"3220",40.7349610200095,-74.0595030784607,"Subscriber",1991,"Male"
"29477","2018-10-12 20:40:47.758","2018-10-12 20:46:21.665","3220",40.7349610200095,-74.0595030784607,"3207",40.7376037,-74.0524783,"Subscriber",1979,"Male"
"29477","2018-10-13 11:23:43.132","2018-10-13 11:27:06.623","3207",40.7376037,-74.0524783,"3210",40.742677141,-74.051788633,"Subscriber",1994,"Male"
"29477","2018-10-13 12:02:36.814","2018-10-13 12:06:07.806","3210",40.742677141,-74.051788633,"3207",40.7376037,-74.0524783,"Subscriber",1994,"Male"
"29477","2018-10-13 17:57:35.126","2018-10-13 18:13:06.563","3207",40.7376037,-74.0524783,"3640",40.73367,-74.0625,"Customer",1969,"Unknown"
"29477","2018-10-13 18:28:52.221","2018-10-13 18:54:37.469","3640",40.73367,-74.0625,"3210",40.742677141,-74.051788633,"Customer",1992,"Male"
"29477","2018-10-13 19:51:03.319","2018-10-13 20:00:44.15","3210",40.742677141,-74.051788633,"3195",40.7307426253066,-74.0637838840485,"Subscriber",1988,"Male"
"29477","2018-10-13 20:21:01.675","2018-10-13 20:31:12.744","3195",40.7307426253066,-74.0637838840485,"3679",40.722103786686,-74.0714550018311,"Subscriber",1969,"Unknown"
"29477","2018-10-13 21:46:52.191","2018-10-13 21:52:29.988","3679",40.722103786686,-74.0714550018311,"3195",40.7307426253066,-74.0637838840485,"Subscriber",1977,"Male"
"29477","2018-10-13 23:11:04.787","2018-10-13 23:13:46.107","3195",40.7307426253066,-74.0637838840485,"3194",40.7253399253558,-74.0676221251488,"Subscriber",1991,"Male"
"29477","2018-10-13 23:20:22.916","2018-10-13 23:31:09.958","3194",40.7253399253558,-74.0676221251488,"3694",40.71113,-74.0789,"Subscriber",1990,"Male"
"29477","2018-10-15 05:13:54.429","2018-10-15 05:28:54.159","3694",40.71113,-74.0789,"3195",40.7307426253066,-74.0637838840485,"Subscriber",1990,"Male"
"29477","2018-10-15 18:30:10.572","2018-10-15 18:34:38.717","3195",40.7307426253066,-74.0637838840485,"3194",40.7253399253558,-74.0676221251488,"Subscriber",1977,"Male"
"29477","2018-10-16 02:55:37.658","2018-10-16 02:58:34.862","3194",40.7253399253558,-74.0676221251488,"3679",40.722103786686,-74.0714550018311,"Subscriber",1996,"Female"
"29477","2018-10-16 08:55:38.249","2018-10-16 09:07:49.833","3679",40.722103786686,-74.0714550018311,"3640",40.73367,-74.0625,"Subscriber",1978,"Male"
"29477","2018-10-16 18:43:21.359","2018-10-16 18:54:23.86","3640",40.73367,-74.0625,"3210",40.742677141,-74.051788633,"Subscriber",1990,"Male"
"29477","2018-10-17 09:05:31.271","2018-10-17 09:11:10.6","3210",40.742677141,-74.051788633,"3220",40.7349610200095,-74.0595030784607,"Subscriber",1990,"Male"
"29477","2018-10-17 17:08:24.364","2018-10-17 17:18:19.312","3220",40.7349610200095,-74.0595030784607,"3196",40.7443187,-74.0439909,"Subscriber",1989,"Male"
"29477","2018-10-18 07:56:04.771","2018-10-18 07:58:59.474","3196",40.7443187,-74.0439909,"3198",40.7487159453802,-74.0404433012009,"Subscriber",1989,"Male"
"29477","2018-10-18 21:47:27.317","2018-10-18 21:49:59.104","3198",40.7487159453802,-74.0404433012009,"3196",40.7443187,-74.0439909,"Subscriber",1989,"Male"
"29477","2018-10-19 08:19:01.866","2018-10-19 08:29:43.582","3196",40.7443187,-74.0439909,"3220",40.7349610200095,-74.0595030784607,"Subscriber",1989,"Male"
"29477","2018-10-19 09:11:29.173","2018-10-19 09:23:57.461","3220",40.7349610200095,-74.0595030784607,"3639",40.7192517,-74.034234,"Subscriber",1994,"Female"
"29477","2018-10-19 09:44:19.688","2018-10-19 09:46:53.974","3639",40.7192517,-74.034234,"3184",40.7141454,-74.0335519,"Subscriber",1983,"Male"
"29477","2018-10-19 13:14:05.249","2018-10-19 13:35:01.693","3184",40.7141454,-74.0335519,"3183",40.7162469,-74.0334588,"Customer",1969,"Unknown"
"29477","2018-10-19 18:20:53.343","2018-10-23 13:40:32.239","3183",40.7162469,-74.0334588,"3426",40.7096508336406,-74.0686011314392,"Subscriber",1996,"Unknown"
"29477","2018-10-28 21:01:39.642","2018-10-28 21:14:36.212","3212",40.734785818,-74.050443636,"3186",40.7195861164717,-74.0431174635887,"Customer",1969,"Unknown"
"29477","2018-10-28 21:32:02.359","2018-10-28 23:05:33.5","3186",40.7195861164717,-74.0431174635887,"3210",40.742677141,-74.051788633,"Customer",1969,"Unknown"
"29477","2018-10-29 08:43:51.386","2018-10-29 08:52:34.928","3210",40.742677141,-74.051788633,"3640",40.73367,-74.0625,"Subscriber",1983,"Male"
"29477","2018-10-29 14:44:30.127","2018-10-29 14:48:00.124","3640",40.73367,-74.0625,"3201",40.737711,-74.066921,"Subscriber",1963,"Male"
"29477","2018-10-30 08:45:24.063","2018-10-30 09:06:27.05","3201",40.737711,-74.066921,"3638",40.7242941,-74.0354826,"Subscriber",1982,"Male"
"29477","2018-10-30 09:29:47.191","2018-10-30 09:33:53.022","3638",40.7242941,-74.0354826,"3183",40.7162469,-74.0334588,"Subscriber",1977,"Male"
"29477","2018-10-30 10:47:31.553","2018-10-30 10:51:10.405","3209",40.7241765,-74.0506564,"3203",40.727595966,-74.044247311,"Subscriber",1970,"Male"
"29477","2018-10-30 11:25:34.054","2018-10-30 11:28:56.558","3203",40.727595966,-74.044247311,"3209",40.7241765,-74.0506564,"Subscriber",1970,"Male"
"29477","2018-10-30 12:42:37.383","2018-10-30 12:47:09.662","3209",40.7241765,-74.0506564,"3186",40.7195861164717,-74.0431174635887,"Subscriber",1979,"Female"
"29477","2018-10-30 16:18:59.237","2018-10-30 16:39:26.965","3186",40.7195861164717,-74.0431174635887,"3268",40.7134638266919,-74.0628585219383,"Customer",1947,"Female"
"29477","2018-10-31 09:07:03.546","2018-10-31 09:18:27.043","3268",40.7134638266919,-74.0628585219383,"3183",40.7162469,-74.0334588,"Subscriber",1984,"Male"
"29477","2018-10-31 14:00:41.835","2018-10-31 14:05:44.831","3269",40.7260117296463,-74.0503889322281,"3273",40.72165072488,-74.0428841114044,"Subscriber",1993,"Female"
"29477","2018-10-31 14:55:04.865","2018-10-31 14:59:00.316","3186",40.7195861164717,-74.0431174635887,"3279",40.7216301426384,-74.0499678254128,"Subscriber",1977,"Female"
"29477","2018-10-31 15:33:07.032","2018-10-31 15:35:37.899","3279",40.7216301426384,-74.0499678254128,"3272",40.7233315864644,-74.0459525585174,"Subscriber",1982,"Male"
"29477","2018-10-31 15:44:23.705","2018-10-31 16:12:42.148","3272",40.7233315864644,-74.0459525585174,"3269",40.7260117296463,-74.0503889322281,"Subscriber",1986,"Male"
"29477","2018-10-31 17:59:12.374","2018-10-31 18:05:38.462","3269",40.7260117296463,-74.0503889322281,"3273",40.72165072488,-74.0428841114044,"Subscriber",1986,"Female"
"29477","2018-10-31 21:24:35.445","2018-10-31 21:28:07.777","3273",40.72165072488,-74.0428841114044,"3203",40.727595966,-74.044247311,"Subscriber",1986,"Male"
"29477","2018-11-01 07:37:00.391","2018-11-01 07:41:55.151","3203",40.727595966,-74.044247311,"3202",40.7272235,-74.0337589,"Subscriber",1977,"Male"
"29477","2018-11-01 16:38:12.351","2018-11-01 18:25:20.376","3202",40.7272235,-74.0337589,"3186",40.7195861164717,-74.0431174635887,"Subscriber",1969,"Unknown"
"29477","2018-11-01 18:31:21.969","2018-11-01 18:36:19.095","3186",40.7195861164717,-74.0431174635887,"3278",40.725685483629,-74.0487903356552,"Subscriber",1983,"Female"
"29477","2018-11-01 20:11:03.825","2018-11-01 20:15:41.909","3195",40.7307426253066,-74.0637838840485,"3194",40.7253399253558,-74.0676221251488,"Subscriber",1994,"Male"
"29477","2018-11-02 08:16:52.072","2018-11-02 08:27:37.766","3194",40.7253399253558,-74.0676221251488,"3694",40.71113,-74.0789,"Subscriber",1986,"Female"
"29477","2018-11-02 08:47:31.439","2018-11-02 09:08:36.607","3694",40.71113,-74.0789,"3183",40.7162469,-74.0334588,"Subscriber",1987,"Male"
"29477","2018-11-02 13:06:02.417","2018-11-02 13:07:03.74","3272",40.7233315864644,-74.0459525585174,"3211",40.72152515,-74.046304543,"Subscriber",1987,"Male"
"29477","2018-11-02 17:37:12.502","2018-11-02 17:40:37.22","3211",40.72152515,-74.046304543,"3209",40.7241765,-74.0506564,"Subscriber",1981,"Male"
"29477","2018-11-02 17:42:51.47","2018-11-02 17:51:24.831","3209",40.7241765,-74.0506564,"3206",40.7311689,-74.0575736,"Subscriber",1981,"Male"
"29477","2018-11-02 17:53:45.507","2018-11-02 17:57:13.956","3206",40.7311689,-74.0575736,"3640",40.73367,-74.0625,"Subscriber",1981,"Male"
"29477","2018-11-02 18:07:27.794","2018-11-02 18:20:24.356","3640",40.73367,-74.0625,"3210",40.742677141,-74.051788633,"Subscriber",1987,"Female"
"29477","2018-11-03 09:15:11.958","2018-11-03 09:20:59.969","3210",40.742677141,-74.051788633,"3640",40.73367,-74.0625,"Subscriber",1978,"Male"
"29477","2018-11-03 18:18:31.717","2018-11-03 18:27:56.426","3640",40.73367,-74.0625,"3225",40.7236589,-74.0641943,"Subscriber",1993,"Male"
"29477","2018-11-05 08:44:21.174","2018-11-05 09:01:08.042","3225",40.7236589,-74.0641943,"3183",40.7162469,-74.0334588,"Subscriber",1984,"Female"
"29477","2018-11-05 17:17:46.724","2018-11-05 17:23:05.957","3183",40.7162469,-74.0334588,"3267",40.7124188237569,-74.0385255217552,"Subscriber",1984,"Male"
"29477","2018-11-06 07:59:54.142","2018-11-06 08:04:51.389","3267",40.7124188237569,-74.0385255217552,"3183",40.7162469,-74.0334588,"Subscriber",1987,"Male"
"29477","2018-11-06 17:58:33.507","2018-11-06 18:19:15.895","3183",40.7162469,-74.0334588,"3192",40.7112423,-74.0557013,"Customer",1988,"Male"
"29477","2018-11-07 07:42:08.226","2018-11-07 07:53:12.349","3192",40.7112423,-74.0557013,"3183",40.7162469,-74.0334588,"Subscriber",1980,"Male"
"29477","2018-11-07 08:50:21.321","2018-11-07 08:54:28.484","3270",40.7252891078113,-74.0455716848373,"3186",40.7195861164717,-74.0431174635887,"Subscriber",1974,"Male"
"29477","2018-11-07 12:27:15.514","2018-11-07 12:29:52.491","3279",40.7216301426384,-74.0499678254128,"3209",40.7241765,-74.0506564,"Subscriber",1962,"Male"
"29477","2018-11-07 15:10:42.921","2018-11-07 15:15:39.993","3209",40.7241765,-74.0506564,"3186",40.7195861164717,-74.0431174635887,"Subscriber",1974,"Male"
"29477","2018-11-07 15:54:54.409","2018-11-07 15:57:20.484","3272",40.7233315864644,-74.0459525585174,"3269",40.7260117296463,-74.0503889322281,"Subscriber",1975,"Male"
"29477","2018-11-07 17:23:16.068","2018-11-07 17:27:07.241","3269",40.7260117296463,-74.0503889322281,"3203",40.727595966,-74.044247311,"Subscriber",1975,"Female"
"29477","2018-11-08 08:41:06.243","2018-11-08 08:45:23.641","3203",40.727595966,-74.044247311,"3186",40.7195861164717,-74.0431174635887,"Subscriber",1974,"Male"
"29477","2018-11-09 05:48:23.716","2018-11-09 05:51:18.896","3267",40.7124188237569,-74.0385255217552,"3184",40.7141454,-74.0335519,"Subscriber",1961,"Male"
"29477","2018-11-09 06:42:17.632","2018-11-09 06:56:12.069","3184",40.7141454,-74.0335519,"3677",40.7275514673001,-74.0710607171059,"Subscriber",1983,"Male"
"29477","2018-11-09 08:24:24.986","2018-11-09 08:29:17.505","3677",40.7275514673001,-74.0710607171059,"3195",40.7307426253066,-74.0637838840485,"Subscriber",1989,"Male"
"29477","2018-11-09 19:01:22.257","2018-11-09 19:05:53.053","3195",40.7307426253066,-74.0637838840485,"3678",40.7257261374256,-74.0719592571259,"Subscriber",1990,"Male"
"29477","2018-11-09 19:22:00.26","2018-11-09 19:30:16.719","3678",40.7257261374256,-74.0719592571259,"3678",40.7257261374256,-74.0719592571259,"Subscriber",1991,"Male"
"29477","2018-11-10 07:42:08.971","2018-11-10 07:55:02.648","3678",40.7257261374256,-74.0719592571259,"3194",40.7253399253558,-74.0676221251488,"Subscriber",1991,"Male"
"29477","2018-11-10 12:31:25.627","2018-11-10 12:40:08.83","3194",40.7253399253558,-74.0676221251488,"3213",40.71848892,-74.047726625,"Subscriber",1971,"Male"
"29477","2018-11-10 12:51:01.521","2018-11-10 13:03:41.223","3213",40.71848892,-74.047726625,"3213",40.71848892,-74.047726625,"Subscriber",1986,"Male"
"29477","2018-11-10 13:11:57.645","2018-11-10 13:14:22.018","3213",40.71848892,-74.047726625,"3211",40.72152515,-74.046304543,"Subscriber",1983,"Male"
"29477","2018-11-10 23:01:39.664","2018-11-10 23:05:33.454","3211",40.72152515,-74.046304543,"3205",40.7165397809919,-74.0496379137039,"Subscriber",1990,"Male"
"29477","2018-11-12 09:40:59.43","2018-11-12 09:45:52.358","3278",40.725685483629,-74.0487903356552,"3186",40.7195861164717,-74.0431174635887,"Subscriber",1986,"Female"
"29477","2018-11-12 17:41:17.259","2018-11-12 17:43:22.083","3186",40.7195861164717,-74.0431174635887,"3272",40.7233315864644,-74.0459525585174,"Subscriber",1993,"Male"
"29477","2018-11-12 17:47:29.35","2018-11-12 17:50:01.513","3272",40.7233315864644,-74.0459525585174,"3269",40.7260117296463,-74.0503889322281,"Subscriber",1993,"Male"
"29477","2018-11-12 18:38:09.416","2018-11-12 18:42:34.136","3186",40.7195861164717,-74.0431174635887,"3203",40.727595966,-74.044247311,"Subscriber",1990,"Female"
"29477","2018-11-12 20:26:11.25","2018-11-12 20:35:38.3","3203",40.727595966,-74.044247311,"3481",40.71649,-74.04105,"Subscriber",1992,"Male"
"29477","2018-11-12 22:15:12.729","2018-11-12 22:21:29.42","3481",40.71649,-74.04105,"3203",40.727595966,-74.044247311,"Subscriber",1992,"Male"
"29477","2018-11-13 14:37:31.755","2018-11-13 14:40:18.807","3183",40.7162469,-74.0334588,"3681",40.7151776773203,-74.0376833081245,"Subscriber",1972,"Male"
"29477","2018-11-13 20:09:08.151","2018-11-13 20:13:00.898","3681",40.7151776773203,-74.0376833081245,"3681",40.7151776773203,-74.0376833081245,"Subscriber",1987,"Male"
"29477","2018-11-14 08:32:00.661","2018-11-14 08:35:48.469","3681",40.7151776773203,-74.0376833081245,"3275",40.7183551982321,-74.0389144420624,"Subscriber",1987,"Male"
"29477","2018-11-14 08:59:58.972","2018-11-14 09:03:30.15","3275",40.7183551982321,-74.0389144420624,"3214",40.7127742,-74.0364857,"Subscriber",1981,"Male"
"29477","2018-11-14 19:21:30.586","2018-11-14 19:27:54.883","3214",40.7127742,-74.0364857,"3186",40.7195861164717,-74.0431174635887,"Subscriber",1995,"Male"
"29477","2018-11-14 19:31:36.133","2018-11-14 19:34:50","3186",40.7195861164717,-74.0431174635887,"3279",40.7216301426384,-74.0499678254128,"Subscriber",1986,"Male"
"29477","2018-11-15 07:54:15.179","2018-11-15 08:01:47.64","3279",40.7216301426384,-74.0499678254128,"3267",40.7124188237569,-74.0385255217552,"Subscriber",1995,"Male"
"29477","2018-11-15 08:06:33.157","2018-11-15 08:11:00.839","3267",40.7124188237569,-74.0385255217552,"3275",40.7183551982321,-74.0389144420624,"Subscriber",1961,"Male"
"29477","2018-11-15 08:35:26.104","2018-11-15 08:39:58.377","3275",40.7183551982321,-74.0389144420624,"3638",40.7242941,-74.0354826,"Subscriber",1969,"Unknown"
"29477","2018-11-15 09:33:24.272","2018-11-15 09:41:01.449","3638",40.7242941,-74.0354826,"3639",40.7192517,-74.034234,"Subscriber",1977,"Male"
"29477","2018-11-17 13:55:00.661","2018-11-17 13:57:18.924","3639",40.7192517,-74.034234,"3183",40.7162469,-74.0334588,"Subscriber",1985,"Male"
"29477","2018-11-17 21:41:53.998","2018-11-17 21:45:00.94","3183",40.7162469,-74.0334588,"3481",40.71649,-74.04105,"Subscriber",1988,"Male"
"29477","2018-11-18 14:57:07.245","2018-11-18 14:59:31.901","3481",40.71649,-74.04105,"3183",40.7162469,-74.0334588,"Subscriber",1993,"Male"
"29477","2018-11-18 19:43:23.693","2018-11-18 19:50:07.967","3183",40.7162469,-74.0334588,"3202",40.7272235,-74.0337589,"Subscriber",1993,"Male"
"29477","2018-11-19 18:43:20.04","2018-11-19 18:51:07.494","3202",40.7272235,-74.0337589,"3278",40.725685483629,-74.0487903356552,"Subscriber",1980,"Male"
"29477","2018-11-20 07:08:49.155","2018-11-20 07:13:02.296","3278",40.725685483629,-74.0487903356552,"3186",40.7195861164717,-74.0431174635887,"Subscriber",1991,"Male"
"29477","2018-11-20 08:09:11.484","2018-11-20 08:11:31.644","3270",40.7252891078113,-74.0455716848373,"3273",40.72165072488,-74.0428841114044,"Subscriber",1989,"Male"
"29477","2018-11-20 19:12:51.397","2018-11-20 19:17:13.029","3273",40.72165072488,-74.0428841114044,"3203",40.727595966,-74.044247311,"Subscriber",1992,"Male"
"29477","2018-11-21 08:31:48.088","2018-11-21 08:36:22.587","3203",40.727595966,-74.044247311,"3186",40.7195861164717,-74.0431174635887,"Subscriber",1986,"Male"
"29477","2018-11-22 08:58:02.574","2018-11-22 09:02:51.065","3678",40.7257261374256,-74.0719592571259,"3195",40.7307426253066,-74.0637838840485,"Subscriber",1990,"Male"
"29477","2018-11-22 09:31:43.267","2018-11-22 09:35:49.599","3195",40.7307426253066,-74.0637838840485,"3225",40.7236589,-74.0641943,"Subscriber",1994,"Male"
"29477","2018-11-22 14:13:46.476","2018-11-22 14:22:42.398","3225",40.7236589,-74.0641943,"3186",40.7195861164717,-74.0431174635887,"Subscriber",1988,"Male"
"29477","2018-11-22 14:56:47.224","2018-11-22 14:59:50.604","3186",40.7195861164717,-74.0431174635887,"3276",40.7145840353589,-74.042817056179,"Subscriber",1965,"Male"
"29477","2018-11-24 16:40:17.931","2018-11-24 16:45:22.459","3276",40.7145840353589,-74.042817056179,"3186",40.7195861164717,-74.0431174635887,"Subscriber",1971,"Male"
"29477","2018-11-24 17:00:51.707","2018-11-24 17:05:19.967","3186",40.7195861164717,-74.0431174635887,"3205",40.7165397809919,-74.0496379137039,"Subscriber",1992,"Male"
"29477","2018-11-25 12:26:42.595","2018-11-25 12:30:30.948","3205",40.7165397809919,-74.0496379137039,"3186",40.7195861164717,-74.0431174635887,"Subscriber",1984,"Male"
"29477","2018-11-25 15:57:48.888","2018-11-25 16:01:20.654","3186",40.7195861164717,-74.0431174635887,"3272",40.7233315864644,-74.0459525585174,"Subscriber",1952,"Male"
"29477","2018-11-25 16:10:59.671","2018-11-25 16:12:41.373","3272",40.7233315864644,-74.0459525585174,"3211",40.72152515,-74.046304543,"Subscriber",1961,"Male"
"29477","2018-11-25 16:54:26.517","2018-11-25 17:00:57.755","3211",40.72152515,-74.046304543,"3203",40.727595966,-74.044247311,"Subscriber",1964,"Male"
"29477","2018-11-27 13:04:53.254","2018-11-27 13:07:34.836","3213",40.71848892,-74.047726625,"3186",40.7195861164717,-74.0431174635887,"Subscriber",1989,"Female"
"29477","2018-11-27 17:34:31.967","2018-11-27 17:39:22.959","3186",40.7195861164717,-74.0431174635887,"3205",40.7165397809919,-74.0496379137039,"Subscriber",1983,"Male"
"29477","2018-11-28 07:50:55.433","2018-11-28 07:57:12.784","3205",40.7165397809919,-74.0496379137039,"3184",40.7141454,-74.0335519,"Subscriber",1988,"Male"
"29477","2018-11-28 18:40:46.225","2018-11-28 18:45:49.504","3211",40.72152515,-74.046304543,"3681",40.7151776773203,-74.0376833081245,"Subscriber",1994,"Male"
"29477","2018-11-28 19:35:14.169","2018-11-28 19:37:05.225","3681",40.7151776773203,-74.0376833081245,"3183",40.7162469,-74.0334588,"Subscriber",1994,"Male"
"29477","2018-11-28 20:21:00.712","2018-11-28 20:23:06.879","3183",40.7162469,-74.0334588,"3639",40.7192517,-74.034234,"Subscriber",1989,"Male"
"29477","2018-11-29 06:22:45.158","2018-11-29 06:26:31.042","3639",40.7192517,-74.034234,"3202",40.7272235,-74.0337589,"Subscriber",1984,"Female"
"29477","2018-11-29 09:14:40.927","2018-11-29 09:21:35.378","3202",40.7272235,-74.0337589,"3183",40.7162469,-74.0334588,"Subscriber",1991,"Male"
"29477","2018-11-29 15:00:41.66","2018-11-29 15:04:47.832","3194",40.7253399253558,-74.0676221251488,"3195",40.7307426253066,-74.0637838840485,"Subscriber",1978,"Male"
"29477","2018-11-29 18:44:11.7","2018-11-29 18:54:05.975","3195",40.7307426253066,-74.0637838840485,"3280",40.719282200707,-74.071261882782,"Subscriber",1991,"Female"
"29477","2018-11-30 08:53:43.163","2018-11-30 09:01:12.469","3280",40.719282200707,-74.071261882782,"3195",40.7307426253066,-74.0637838840485,"Subscriber",1978,"Male"
"29477","2018-11-30 19:47:26.337","2018-11-30 19:55:36.962","3195",40.7307426253066,-74.0637838840485,"3193",40.7246050998869,-74.0784059464931,"Subscriber",1980,"Male"
"29477","2018-12-03 18:16:40.449","2018-12-03 18:26:52.161","3640",40.73367,-74.0625,"3281",40.7459099663156,-74.0572714805603,"Subscriber",1990,"Male"
"29477","2018-12-04 08:45:26.337","2018-12-04 08:55:04.714","3281",40.7459099663156,-74.0572714805603,"3640",40.73367,-74.0625,"Subscriber",1990,"Male"
"29477","2018-12-04 11:53:33.033","2018-12-04 11:56:59.5","3640",40.73367,-74.0625,"3201",40.737711,-74.066921,"Subscriber",1974,"Female"
"29477","2018-12-10 08:49:37.975","2018-12-10 09:00:57.286","3203",40.727595966,-74.044247311,"3276",40.7145840353589,-74.042817056179,"Subscriber",1971,"Female"
"29477","2018-12-10 09:06:07.713","2018-12-10 09:10:58.021","3276",40.7145840353589,-74.042817056179,"3183",40.7162469,-74.0334588,"Subscriber",1965,"Male"
"29477","2018-12-10 18:06:41.87","2018-12-10 18:10:23.593","3183",40.7162469,-74.0334588,"3214",40.7127742,-74.0364857,"Subscriber",1973,"Male"
"29477","2018-12-10 18:51:22.944","2018-12-10 18:54:46.398","3214",40.7127742,-74.0364857,"3183",40.7162469,-74.0334588,"Subscriber",1993,"Male"
"29477","2018-12-10 19:00:11.664","2018-12-10 19:15:20.312","3183",40.7162469,-74.0334588,"3214",40.7127742,-74.0364857,"Subscriber",1963,"Male"
"29477","2018-12-11 18:13:05.381","2018-12-11 18:23:53.683","3198",40.7487159453802,-74.0404433012009,"3210",40.742677141,-74.051788633,"Subscriber",1991,"Male"
"29477","2018-12-12 08:03:42.883","2018-12-12 08:10:14.071","3210",40.742677141,-74.051788633,"3640",40.73367,-74.0625,"Subscriber",1977,"Male"
"29477","2018-12-12 20:16:32.573","2018-12-12 20:21:39.263","3640",40.73367,-74.0625,"3207",40.7376037,-74.0524783,"Subscriber",1985,"Male"
"29477","2018-12-13 06:52:06.868","2018-12-13 06:55:54.515","3207",40.7376037,-74.0524783,"3640",40.73367,-74.0625,"Subscriber",1985,"Male"
"29477","2018-12-13 08:44:19.761","2018-12-13 08:57:09.282","3640",40.73367,-74.0625,"3214",40.7127742,-74.0364857,"Subscriber",1992,"Female"
"29477","2018-12-13 09:24:05.303","2018-12-13 09:26:48.016","3214",40.7127742,-74.0364857,"3183",40.7162469,-74.0334588,"Subscriber",1994,"Male"
"29477","2018-12-13 17:47:40.722","2018-12-13 17:58:10.316","3183",40.7162469,-74.0334588,"3192",40.7112423,-74.0557013,"Subscriber",1990,"Male"
"29477","2018-12-14 07:24:29.808","2018-12-14 07:38:30.967","3192",40.7112423,-74.0557013,"3183",40.7162469,-74.0334588,"Subscriber",1980,"Male"
"29477","2018-12-15 17:40:24.294","2018-12-15 17:46:30.129","3276",40.7145840353589,-74.042817056179,"3272",40.7233315864644,-74.0459525585174,"Subscriber",1988,"Male"
"29477","2018-12-16 18:47:29.483","2018-12-16 18:48:34.122","3272",40.7233315864644,-74.0459525585174,"3270",40.7252891078113,-74.0455716848373,"Subscriber",1987,"Male"
"29477","2018-12-17 09:23:49.525","2018-12-17 09:27:01.559","3272",40.7233315864644,-74.0459525585174,"3186",40.7195861164717,-74.0431174635887,"Subscriber",1988,"Female"
"29477","2018-12-17 18:27:43.946","2018-12-17 18:32:48.801","3186",40.7195861164717,-74.0431174635887,"3203",40.727595966,-74.044247311,"Subscriber",1987,"Female"
"29477","2018-12-18 09:03:10.629","2018-12-18 09:07:45.741","3203",40.727595966,-74.044247311,"3186",40.7195861164717,-74.0431174635887,"Subscriber",1984,"Male"
"29477","2018-12-18 17:10:43.188","2018-12-18 17:14:13.094","3272",40.7233315864644,-74.0459525585174,"3186",40.7195861164717,-74.0431174635887,"Subscriber",1991,"Male"
"29477","2018-12-18 17:21:29.87","2018-12-18 17:25:56.431","3186",40.7195861164717,-74.0431174635887,"3269",40.7260117296463,-74.0503889322281,"Subscriber",1976,"Male"
"29477","2018-12-18 18:47:17.022","2018-12-18 18:50:53.28","3269",40.7260117296463,-74.0503889322281,"3211",40.72152515,-74.046304543,"Subscriber",1990,"Male"
"29477","2018-12-19 19:34:53.504","2018-12-19 19:39:45.702","3183",40.7162469,-74.0334588,"3267",40.7124188237569,-74.0385255217552,"Subscriber",1990,"Male"
"29506","2018-05-05 16:08:05.673","2018-05-05 16:19:21.148","3196",40.7443187,-74.0439909,"3269",40.7260117296463,-74.0503889322281,"Subscriber",1968,"Male"
"29506","2018-05-05 17:14:43.037","2018-05-05 17:30:52.022","3269",40.7260117296463,-74.0503889322281,"3272",40.7233315864644,-74.0459525585174,"Subscriber",1982,"Male"
"29506","2018-05-05 17:37:15.209","2018-05-05 17:40:12.728","3272",40.7233315864644,-74.0459525585174,"3203",40.727595966,-74.044247311,"Subscriber",1982,"Male"
"29506","2018-05-05 18:17:04.59","2018-05-05 18:44:10.784","3203",40.727595966,-74.044247311,"3203",40.727595966,-74.044247311,"Subscriber",1987,"Male"
"29506","2018-05-05 19:25:25.887","2018-05-05 19:28:54.848","3203",40.727595966,-74.044247311,"3273",40.72165072488,-74.0428841114044,"Subscriber",1979,"Male"
"29506","2018-05-06 11:46:19.212","2018-05-06 11:50:41.619","3273",40.72165072488,-74.0428841114044,"3203",40.727595966,-74.044247311,"Subscriber",1989,"Male"
"29506","2018-05-06 17:04:28.578","2018-05-06 17:10:23.423","3203",40.727595966,-74.044247311,"3275",40.7183551982321,-74.0389144420624,"Subscriber",1986,"Male"
"29506","2018-05-08 13:11:28.989","2018-05-08 13:14:52.931","3275",40.7183551982321,-74.0389144420624,"3214",40.7127742,-74.0364857,"Subscriber",1992,"Female"
"29506","2018-05-08 17:40:08.537","2018-05-08 17:48:23.801","3214",40.7127742,-74.0364857,"3202",40.7272235,-74.0337589,"Subscriber",1991,"Male"
"29506","2018-05-08 17:50:02.578","2018-05-08 18:11:24.5","3202",40.7272235,-74.0337589,"3281",40.7459099663156,-74.0572714805603,"Subscriber",1982,"Male"
"29506","2018-05-09 08:13:02.995","2018-05-09 08:27:42.775","3281",40.7459099663156,-74.0572714805603,"3202",40.7272235,-74.0337589,"Subscriber",1982,"Male"
"29506","2018-05-09 16:17:18.13","2018-05-09 16:31:02.593","3681",40.7151776773203,-74.0376833081245,"3481",40.71649,-74.04105,"Subscriber",1958,"Male"
"29506","2018-05-11 15:35:15.853","2018-05-11 15:38:53.06","3481",40.71649,-74.04105,"3186",40.7195861164717,-74.0431174635887,"Subscriber",1957,"Male"
"29506","2018-05-11 16:10:43.507","2018-05-11 16:17:37.097","3186",40.7195861164717,-74.0431174635887,"3203",40.727595966,-74.044247311,"Subscriber",1979,"Male"
"29506","2018-05-11 17:41:35.223","2018-05-11 17:44:59.921","3186",40.7195861164717,-74.0431174635887,"3272",40.7233315864644,-74.0459525585174,"Subscriber",1961,"Female"
"29506","2018-05-11 17:52:27.515","2018-05-11 17:54:07.304","3272",40.7233315864644,-74.0459525585174,"3270",40.7252891078113,-74.0455716848373,"Subscriber",1961,"Female"
"29506","2018-05-11 18:31:11.106","2018-05-11 18:34:22.927","3270",40.7252891078113,-74.0455716848373,"3186",40.7195861164717,-74.0431174635887,"Subscriber",1989,"Male"
"29506","2018-05-11 19:43:20.487","2018-05-11 19:48:32.01","3186",40.7195861164717,-74.0431174635887,"3269",40.7260117296463,-74.0503889322281,"Subscriber",1988,"Female"
"29506","2018-05-12 11:18:24.274","2018-05-12 11:41:17.429","3269",40.7260117296463,-74.0503889322281,"3269",40.7260117296463,-74.0503889322281,"Customer",1993,"Male"
"29506","2018-05-12 12:58:26.423","2018-05-12 13:06:15.821","3269",40.7260117296463,-74.0503889322281,"3186",40.7195861164717,-74.0431174635887,"Customer",1993,"Male"
"29506","2018-05-12 14:13:50.121","2018-05-12 14:21:24.997","3186",40.7195861164717,-74.0431174635887,"3214",40.7127742,-74.0364857,"Subscriber",1967,"Female"
"29506","2018-05-13 08:46:40.363","2018-05-13 08:52:15.26","3214",40.7127742,-74.0364857,"3185",40.7177325,-74.043845,"Subscriber",1983,"Female"
"29506","2018-05-13 21:47:39.541","2018-05-13 21:51:57.533","3185",40.7177325,-74.043845,"3209",40.7241765,-74.0506564,"Subscriber",1992,"Male"
"29506","2018-05-13 22:21:19.915","2018-05-13 22:34:17.247","3209",40.7241765,-74.0506564,"3199",40.7287448,-74.0321082,"Subscriber",1990,"Female"
"29506","2018-05-14 00:40:10.699","2018-05-14 00:48:59.006","3199",40.7287448,-74.0321082,"3639",40.7192517,-74.034234,"Subscriber",1995,"Female"
"29506","2018-05-14 08:25:42.856","2018-05-14 08:31:54.907","3639",40.7192517,-74.034234,"3202",40.7272235,-74.0337589,"Subscriber",1989,"Male"
"29506","2018-05-14 10:18:19.317","2018-05-14 10:22:53.868","3267",40.7124188237569,-74.0385255217552,"3183",40.7162469,-74.0334588,"Subscriber",1987,"Male"
"29506","2018-05-14 11:13:42.31","2018-05-14 11:23:10.457","3183",40.7162469,-74.0334588,"3272",40.7233315864644,-74.0459525585174,"Subscriber",1987,"Female"
"29506","2018-05-14 12:14:27.611","2018-05-14 12:18:02.314","3272",40.7233315864644,-74.0459525585174,"3187",40.7211236,-74.03805095,"Subscriber",1981,"Male"
"29506","2018-05-14 14:17:14.479","2018-05-14 14:50:20.495","3187",40.7211236,-74.03805095,"3213",40.71848892,-74.047726625,"Subscriber",1983,"Male"
"29506","2018-05-15 08:28:36.845","2018-05-15 08:35:50.963","3213",40.71848892,-74.047726625,"3184",40.7141454,-74.0335519,"Subscriber",1964,"Female"
"29506","2018-05-15 10:34:15.212","2018-05-15 10:53:56.858","3184",40.7141454,-74.0335519,"3192",40.7112423,-74.0557013,"Customer",1979,"Male"
"29506","2018-05-15 10:57:19.019","2018-05-15 11:32:24.761","3192",40.7112423,-74.0557013,"3192",40.7112423,-74.0557013,"Customer",1979,"Male"
"29506","2018-05-15 11:34:55.135","2018-05-15 11:48:11.463","3192",40.7112423,-74.0557013,"3183",40.7162469,-74.0334588,"Customer",1979,"Male"
"29506","2018-05-15 11:52:18.842","2018-05-15 12:03:07.689","3183",40.7162469,-74.0334588,"3186",40.7195861164717,-74.0431174635887,"Subscriber",1990,"Male"
"29506","2018-05-15 17:06:23.735","2018-05-15 17:10:45.052","3186",40.7195861164717,-74.0431174635887,"3203",40.727595966,-74.044247311,"Subscriber",1964,"Male"
"29506","2018-05-15 17:48:15.341","2018-05-15 17:53:21.339","3203",40.727595966,-74.044247311,"3186",40.7195861164717,-74.0431174635887,"Subscriber",1976,"Male"
"29506","2018-05-15 18:20:05.82","2018-05-15 18:24:45.568","3186",40.7195861164717,-74.0431174635887,"3269",40.7260117296463,-74.0503889322281,"Subscriber",1978,"Male"
"29506","2018-05-16 06:03:42.378","2018-05-16 06:08:57.915","3207",40.7376037,-74.0524783,"3195",40.7307426253066,-74.0637838840485,"Subscriber",1977,"Male"
"29506","2018-05-16 08:12:44.778","2018-05-16 08:17:58.056","3269",40.7260117296463,-74.0503889322281,"3186",40.7195861164717,-74.0431174635887,"Subscriber",1974,"Male"
"29506","2018-05-17 08:07:10.186","2018-05-17 08:13:50.19","3210",40.742677141,-74.051788633,"3195",40.7307426253066,-74.0637838840485,"Subscriber",1979,"Male"
"29506","2018-05-17 17:27:41.237","2018-05-17 17:36:31.353","3195",40.7307426253066,-74.0637838840485,"3281",40.7459099663156,-74.0572714805603,"Subscriber",1972,"Male"
"29506","2018-05-18 08:10:58.09","2018-05-18 08:16:42.874","3281",40.7459099663156,-74.0572714805603,"3640",40.73367,-74.0625,"Subscriber",1983,"Male"
"29506","2018-05-18 09:21:58.45","2018-05-18 09:24:37.112","3640",40.73367,-74.0625,"3201",40.737711,-74.066921,"Subscriber",1973,"Male"
"29506","2018-05-25 18:02:53.936","2018-05-25 18:07:23.786","3201",40.737711,-74.066921,"3640",40.73367,-74.0625,"Subscriber",1962,"Female"
"29506","2018-05-26 03:43:38.855","2018-05-26 03:46:06.872","3640",40.73367,-74.0625,"3201",40.737711,-74.066921,"Subscriber",1970,"Male"
"29506","2018-06-03 17:39:49.152","2018-06-03 17:49:24.408","3201",40.737711,-74.066921,"3193",40.7246050998869,-74.0784059464931,"Subscriber",1988,"Male"
"29506","2018-06-03 18:31:53.261","2018-06-03 18:44:17.401","3193",40.7246050998869,-74.0784059464931,"3201",40.737711,-74.066921,"Subscriber",1988,"Male"
"29506","2018-06-04 19:08:31.009","2018-06-04 19:12:44.253","3201",40.737711,-74.066921,"3640",40.73367,-74.0625,"Subscriber",1985,"Male"
"29506","2018-06-04 19:36:32.914","2018-06-04 20:08:18.137","3640",40.73367,-74.0625,"3640",40.73367,-74.0625,"Customer",1969,"Unknown"
"29506","2018-06-04 20:35:50.143","2018-06-04 20:45:49.301","3640",40.73367,-74.0625,"3281",40.7459099663156,-74.0572714805603,"Subscriber",1990,"Male"
"29506","2018-06-05 15:59:12.462","2018-06-05 16:05:40.963","3281",40.7459099663156,-74.0572714805603,"3640",40.73367,-74.0625,"Subscriber",1978,"Male"
"29506","2018-06-05 20:58:28.387","2018-06-05 21:07:04.922","3640",40.73367,-74.0625,"3210",40.742677141,-74.051788633,"Subscriber",1986,"Male"
"29506","2018-06-06 07:46:37.243","2018-06-06 07:56:48.316","3210",40.742677141,-74.051788633,"3202",40.7272235,-74.0337589,"Subscriber",1990,"Male"
"29506","2018-06-06 10:24:31.505","2018-06-06 10:31:18.155","3269",40.7260117296463,-74.0503889322281,"3186",40.7195861164717,-74.0431174635887,"Subscriber",1991,"Male"
"29506","2018-06-06 15:45:39.208","2018-06-06 15:52:20.571","3186",40.7195861164717,-74.0431174635887,"3203",40.727595966,-74.044247311,"Subscriber",1972,"Male"
"29506","2018-06-06 16:52:02.85","2018-06-06 16:54:39.205","3203",40.727595966,-74.044247311,"3211",40.72152515,-74.046304543,"Subscriber",1985,"Male"
"29506","2018-06-06 17:48:12.087","2018-06-06 17:51:57.542","3211",40.72152515,-74.046304543,"3186",40.7195861164717,-74.0431174635887,"Subscriber",1968,"Male"
"29506","2018-06-06 17:53:04.142","2018-06-06 17:57:43.703","3186",40.7195861164717,-74.0431174635887,"3483",40.71942,-74.05099,"Subscriber",1986,"Male"
"29506","2018-06-06 18:04:02.879","2018-06-06 18:06:20.149","3483",40.71942,-74.05099,"3279",40.7216301426384,-74.0499678254128,"Subscriber",1986,"Male"
"29506","2018-06-06 21:55:47.046","2018-06-06 22:10:55.861","3279",40.7216301426384,-74.0499678254128,"3199",40.7287448,-74.0321082,"Subscriber",1983,"Female"
"29506","2018-06-06 22:56:53.349","2018-06-06 22:58:50.09","3199",40.7287448,-74.0321082,"3202",40.7272235,-74.0337589,"Subscriber",1978,"Male"
"29506","2018-06-06 23:00:35.537","2018-06-06 23:05:34.428","3202",40.7272235,-74.0337589,"3187",40.7211236,-74.03805095,"Subscriber",1973,"Male"
"29506","2018-06-07 09:44:54.716","2018-06-07 09:48:48.916","3187",40.7211236,-74.03805095,"3183",40.7162469,-74.0334588,"Subscriber",1987,"Male"
"29506","2018-06-07 15:17:13.48","2018-06-07 15:24:54.942","3183",40.7162469,-74.0334588,"3202",40.7272235,-74.0337589,"Subscriber",1989,"Female"
"29506","2018-06-07 17:32:06.111","2018-06-07 17:41:16.858","3202",40.7272235,-74.0337589,"3209",40.7241765,-74.0506564,"Subscriber",1984,"Female"
"29506","2018-06-08 09:56:39.362","2018-06-08 10:02:38.917","3209",40.7241765,-74.0506564,"3186",40.7195861164717,-74.0431174635887,"Subscriber",1978,"Female"
"29506","2018-06-08 10:55:10.414","2018-06-08 10:56:55.092","3199",40.7287448,-74.0321082,"3202",40.7272235,-74.0337589,"Subscriber",1989,"Male"
"29506","2018-06-08 13:55:15.778","2018-06-08 14:01:36.751","3202",40.7272235,-74.0337589,"3203",40.727595966,-74.044247311,"Subscriber",1988,"Male"
"29506","2018-06-08 15:43:48.889","2018-06-08 16:06:27.698","3203",40.727595966,-74.044247311,"3681",40.7151776773203,-74.0376833081245,"Subscriber",1990,"Female"
"29506","2018-06-08 20:19:26.584","2018-06-08 20:26:27.949","3681",40.7151776773203,-74.0376833081245,"3483",40.71942,-74.05099,"Subscriber",1981,"Male"
"29506","2018-06-09 13:42:11.374","2018-06-09 13:44:15.452","3483",40.71942,-74.05099,"3213",40.71848892,-74.047726625,"Subscriber",1994,"Female"
"29506","2018-06-09 17:00:58.922","2018-06-09 17:07:04.568","3213",40.71848892,-74.047726625,"3203",40.727595966,-74.044247311,"Subscriber",1994,"Female"
"29506","2018-06-09 17:10:12.827","2018-06-09 17:17:48.923","3203",40.727595966,-74.044247311,"3681",40.7151776773203,-74.0376833081245,"Subscriber",1979,"Female"
"29506","2018-06-09 18:11:11.877","2018-06-09 18:22:52.093","3681",40.7151776773203,-74.0376833081245,"3185",40.7177325,-74.043845,"Customer",1969,"Unknown"
"29506","2018-06-11 20:13:45.49","2018-06-11 20:18:53.187","3185",40.7177325,-74.043845,"3681",40.7151776773203,-74.0376833081245,"Subscriber",1977,"Female"
"29506","2018-06-12 07:52:24.016","2018-06-12 08:03:33.089","3681",40.7151776773203,-74.0376833081245,"3277",40.7143583687043,-74.0666109323502,"Subscriber",1986,"Female"
"29506","2018-06-12 17:15:46.234","2018-06-12 17:27:20.601","3277",40.7143583687043,-74.0666109323502,"3681",40.7151776773203,-74.0376833081245,"Subscriber",1986,"Female"
"29506","2018-06-12 19:47:27.018","2018-06-12 19:54:28.545","3681",40.7151776773203,-74.0376833081245,"3213",40.71848892,-74.047726625,"Subscriber",1980,"Male"
"29506","2018-06-12 22:47:43.63","2018-06-12 22:56:35.661","3213",40.71848892,-74.047726625,"3681",40.7151776773203,-74.0376833081245,"Subscriber",1975,"Female"
"29506","2018-06-13 07:56:43.709","2018-06-13 07:59:32.046","3681",40.7151776773203,-74.0376833081245,"3275",40.7183551982321,-74.0389144420624,"Subscriber",1994,"Male"
"29506","2018-06-13 08:37:38.362","2018-06-13 08:41:35.625","3275",40.7183551982321,-74.0389144420624,"3638",40.7242941,-74.0354826,"Subscriber",1969,"Unknown"
"29506","2018-06-13 14:45:27.922","2018-06-13 14:48:47.414","3638",40.7242941,-74.0354826,"3187",40.7211236,-74.03805095,"Subscriber",1980,"Male"
"29506","2018-06-13 16:37:37.987","2018-06-13 16:40:19.39","3187",40.7211236,-74.03805095,"3638",40.7242941,-74.0354826,"Subscriber",1980,"Male"
"29506","2018-06-13 17:28:01.519","2018-06-13 17:34:43.045","3638",40.7242941,-74.0354826,"3273",40.72165072488,-74.0428841114044,"Subscriber",1974,"Male"
"29506","2018-06-13 19:55:41.919","2018-06-13 19:58:40.579","3273",40.72165072488,-74.0428841114044,"3203",40.727595966,-74.044247311,"Subscriber",1986,"Male"
"29506","2018-06-13 21:27:46.088","2018-06-13 21:35:02.889","3203",40.727595966,-74.044247311,"3206",40.7311689,-74.0575736,"Subscriber",1974,"Male"
"29506","2018-06-14 07:57:09.855","2018-06-14 08:08:40.94","3206",40.7311689,-74.0575736,"3214",40.7127742,-74.0364857,"Subscriber",1992,"Male"
"29506","2018-06-14 19:53:07.025","2018-06-14 19:59:53.312","3214",40.7127742,-74.0364857,"3213",40.71848892,-74.047726625,"Subscriber",1983,"Male"
"29506","2018-06-15 06:52:21.642","2018-06-15 06:54:09.982","3213",40.71848892,-74.047726625,"3211",40.72152515,-74.046304543,"Subscriber",1962,"Male"
"29506","2018-06-15 10:48:03.221","2018-06-15 10:52:11.753","3211",40.72152515,-74.046304543,"3185",40.7177325,-74.043845,"Subscriber",1988,"Male"
"29506","2018-06-15 15:12:42.97","2018-06-15 15:14:25.497","3185",40.7177325,-74.043845,"3213",40.71848892,-74.047726625,"Subscriber",1977,"Female"
"29506","2018-06-16 11:21:07.238","2018-06-16 11:26:22.969","3213",40.71848892,-74.047726625,"3209",40.7241765,-74.0506564,"Subscriber",1977,"Male"
"29506","2018-06-16 14:16:17.118","2018-06-16 14:28:27.82","3207",40.7376037,-74.0524783,"3196",40.7443187,-74.0439909,"Customer",1986,"Female"
"29506","2018-06-16 14:30:46.946","2018-06-16 16:02:04.405","3196",40.7443187,-74.0439909,"3196",40.7443187,-74.0439909,"Subscriber",1985,"Male"
"29506","2018-06-16 20:59:49.718","2018-06-16 22:01:16.137","3196",40.7443187,-74.0439909,"3198",40.7487159453802,-74.0404433012009,"Customer",1976,"Female"
"29506","2018-06-17 12:25:06.428","2018-06-17 12:51:02.335","3198",40.7487159453802,-74.0404433012009,"3202",40.7272235,-74.0337589,"Customer",1969,"Unknown"
"29506","2018-06-17 16:54:40.326","2018-06-17 16:57:10.658","3202",40.7272235,-74.0337589,"3199",40.7287448,-74.0321082,"Subscriber",1987,"Female"
"29506","2018-06-17 18:31:30.744","2018-06-17 19:02:39.498","3199",40.7287448,-74.0321082,"3202",40.7272235,-74.0337589,"Customer",1990,"Female"
"29506","2018-06-18 12:07:41.26","2018-06-18 12:13:53.2","3203",40.727595966,-74.044247311,"3639",40.7192517,-74.034234,"Subscriber",1983,"Male"
"29506","2018-06-18 20:03:25.895","2018-06-18 20:12:42.27","3639",40.7192517,-74.034234,"3483",40.71942,-74.05099,"Subscriber",1981,"Male"
"29506","2018-06-27 19:07:27.198","2018-06-27 19:09:23.55","3183",40.7162469,-74.0334588,"3214",40.7127742,-74.0364857,"Subscriber",1980,"Male"
"29506","2018-06-27 20:14:24.888","2018-06-27 20:21:24.324","3214",40.7127742,-74.0364857,"3275",40.7183551982321,-74.0389144420624,"Subscriber",1995,"Female"
"29506","2018-06-27 20:38:35.892","2018-06-27 20:41:59.359","3275",40.7183551982321,-74.0389144420624,"3267",40.7124188237569,-74.0385255217552,"Subscriber",1958,"Male"
"29506","2018-06-28 08:30:37.133","2018-06-28 08:33:59.738","3267",40.7124188237569,-74.0385255217552,"3183",40.7162469,-74.0334588,"Subscriber",1990,"Male"
"29506","2018-06-28 15:54:28.431","2018-06-28 16:00:58.713","3183",40.7162469,-74.0334588,"3272",40.7233315864644,-74.0459525585174,"Subscriber",1988,"Male"
"29506","2018-06-28 18:54:33.332","2018-06-28 19:05:00.612","3272",40.7233315864644,-74.0459525585174,"3220",40.7349610200095,-74.0595030784607,"Subscriber",1987,"Male"
"29506","2018-06-28 22:25:58.546","2018-06-28 22:32:50.179","3220",40.7349610200095,-74.0595030784607,"3207",40.7376037,-74.0524783,"Subscriber",1984,"Male"
"29506","2018-06-29 07:35:30.475","2018-06-29 07:40:20.983","3207",40.7376037,-74.0524783,"3640",40.73367,-74.0625,"Subscriber",1986,"Male"
"29506","2018-06-29 08:07:42.549","2018-06-29 08:16:45.146","3640",40.73367,-74.0625,"3210",40.742677141,-74.051788633,"Subscriber",1991,"Male"
"29506","2018-06-29 09:41:04.454","2018-06-29 10:29:24.176","3210",40.742677141,-74.051788633,"3210",40.742677141,-74.051788633,"Subscriber",1985,"Female"
"29506","2018-06-29 10:46:13.337","2018-06-29 10:58:32.129","3210",40.742677141,-74.051788633,"3206",40.7311689,-74.0575736,"Subscriber",1995,"Female"
"29506","2018-06-29 15:20:41.291","2018-06-29 15:39:43.131","3206",40.7311689,-74.0575736,"3202",40.7272235,-74.0337589,"Customer",1969,"Unknown"
"29506","2018-06-29 16:48:59.548","2018-06-29 17:23:17.455","3202",40.7272235,-74.0337589,"3202",40.7272235,-74.0337589,"Customer",1997,"Male"
"29506","2018-06-29 17:23:31.372","2018-06-29 17:28:16.336","3202",40.7272235,-74.0337589,"3639",40.7192517,-74.034234,"Subscriber",1990,"Male"
"29506","2018-06-29 17:41:37.13","2018-06-29 17:54:24.174","3639",40.7192517,-74.034234,"3483",40.71942,-74.05099,"Subscriber",1984,"Male"
"29506","2018-06-30 11:16:26.313","2018-06-30 11:48:30.449","3483",40.71942,-74.05099,"3276",40.7145840353589,-74.042817056179,"Subscriber",1988,"Female"
"29506","2018-06-30 18:51:40.557","2018-06-30 19:20:50.303","3276",40.7145840353589,-74.042817056179,"3267",40.7124188237569,-74.0385255217552,"Customer",1969,"Unknown"
"29506","2018-07-01 09:00:23.209","2018-07-01 09:06:15.519","3267",40.7124188237569,-74.0385255217552,"3183",40.7162469,-74.0334588,"Subscriber",1982,"Female"
"29506","2018-07-01 12:32:55.036","2018-07-01 12:37:49.049","3183",40.7162469,-74.0334588,"3267",40.7124188237569,-74.0385255217552,"Subscriber",1990,"Male"
"29506","2018-07-01 15:11:32.273","2018-07-01 15:15:55.662","3267",40.7124188237569,-74.0385255217552,"3639",40.7192517,-74.034234,"Subscriber",1983,"Male"
"29506","2018-07-01 15:24:42.294","2018-07-01 15:28:55.515","3639",40.7192517,-74.034234,"3267",40.7124188237569,-74.0385255217552,"Subscriber",1983,"Male"
"29506","2018-07-02 05:37:42.397","2018-07-02 05:40:47.883","3267",40.7124188237569,-74.0385255217552,"3183",40.7162469,-74.0334588,"Subscriber",1994,"Female"
"29506","2018-07-02 08:53:50.637","2018-07-02 09:00:31.858","3267",40.7124188237569,-74.0385255217552,"3186",40.7195861164717,-74.0431174635887,"Subscriber",1976,"Male"
"29506","2018-07-02 10:07:09.879","2018-07-02 10:10:26.301","3267",40.7124188237569,-74.0385255217552,"3183",40.7162469,-74.0334588,"Subscriber",1990,"Male"
"29506","2018-07-03 13:29:41.894","2018-07-03 13:32:16.039","3198",40.7487159453802,-74.0404433012009,"3196",40.7443187,-74.0439909,"Subscriber",1972,"Female"
"29506","2018-07-04 09:32:56.975","2018-07-04 09:44:44.445","3196",40.7443187,-74.0439909,"3199",40.7287448,-74.0321082,"Subscriber",1972,"Female"
"29506","2018-07-04 11:07:01.287","2018-07-04 11:09:28.43","3199",40.7287448,-74.0321082,"3202",40.7272235,-74.0337589,"Subscriber",1994,"Female"
"29506","2018-07-04 11:34:41.456","2018-07-04 11:46:39.235","3202",40.7272235,-74.0337589,"3681",40.7151776773203,-74.0376833081245,"Subscriber",1989,"Male"
"29506","2018-07-04 19:26:20.075","2018-07-04 19:32:21.627","3681",40.7151776773203,-74.0376833081245,"3681",40.7151776773203,-74.0376833081245,"Subscriber",1962,"Male"
"29506","2018-07-04 21:05:44.121","2018-07-04 21:14:00.821","3681",40.7151776773203,-74.0376833081245,"3273",40.72165072488,-74.0428841114044,"Subscriber",1994,"Male"
"29506","2018-07-05 19:51:53.991","2018-07-05 19:54:11.777","3273",40.72165072488,-74.0428841114044,"3272",40.7233315864644,-74.0459525585174,"Subscriber",1960,"Male"
"29506","2018-07-05 20:01:57.203","2018-07-05 20:03:13.063","3272",40.7233315864644,-74.0459525585174,"3270",40.7252891078113,-74.0455716848373,"Subscriber",1960,"Male"
"29506","2018-07-05 23:09:55.424","2018-07-05 23:15:59.394","3270",40.7252891078113,-74.0455716848373,"3481",40.71649,-74.04105,"Subscriber",1989,"Male"
"29506","2018-07-06 08:13:56.047","2018-07-06 08:18:41.608","3481",40.71649,-74.04105,"3183",40.7162469,-74.0334588,"Subscriber",1968,"Female"
"29506","2018-07-06 16:19:17.443","2018-07-06 16:25:04.839","3183",40.7162469,-74.0334588,"3183",40.7162469,-74.0334588,"Subscriber",1971,"Female"
"29506","2018-07-06 17:36:58.49","2018-07-06 17:42:13.733","3183",40.7162469,-74.0334588,"3267",40.7124188237569,-74.0385255217552,"Customer",1981,"Male"
"29506","2018-07-06 19:40:54.252","2018-07-06 19:46:23.663","3640",40.73367,-74.0625,"3207",40.7376037,-74.0524783,"Subscriber",1979,"Male"
"29506","2018-07-06 20:20:45.31","2018-07-06 20:31:58.676","3207",40.7376037,-74.0524783,"3205",40.7165397809919,-74.0496379137039,"Subscriber",1989,"Male"
"29506","2018-07-07 12:21:32.473","2018-07-07 12:25:05.53","3205",40.7165397809919,-74.0496379137039,"3186",40.7195861164717,-74.0431174635887,"Subscriber",1977,"Female"
"29506","2018-07-07 14:53:53.584","2018-07-07 14:59:18.752","3186",40.7195861164717,-74.0431174635887,"3183",40.7162469,-74.0334588,"Subscriber",1963,"Male"
"29506","2018-07-08 13:38:26.155","2018-07-08 13:55:28.229","3183",40.7162469,-74.0334588,"3212",40.734785818,-74.050443636,"Subscriber",1963,"Male"
"29506","2018-07-09 08:06:03.697","2018-07-09 08:13:15.744","3212",40.734785818,-74.050443636,"3195",40.7307426253066,-74.0637838840485,"Subscriber",1989,"Female"
"29506","2018-07-09 18:57:55.121","2018-07-09 19:01:53.329","3195",40.7307426253066,-74.0637838840485,"3194",40.7253399253558,-74.0676221251488,"Subscriber",1977,"Male"
"29506","2018-07-10 08:46:30.298","2018-07-10 08:56:45.73","3194",40.7253399253558,-74.0676221251488,"3186",40.7195861164717,-74.0431174635887,"Subscriber",1981,"Male"
"29506","2018-07-10 09:25:50.69","2018-07-10 09:31:04.949","3269",40.7260117296463,-74.0503889322281,"3202",40.7272235,-74.0337589,"Subscriber",1983,"Male"
"29506","2018-07-10 18:48:03.344","2018-07-10 18:49:34.121","3276",40.7145840353589,-74.042817056179,"3481",40.71649,-74.04105,"Subscriber",1949,"Male"
"29506","2018-07-11 08:49:48.075","2018-07-11 08:54:57.689","3481",40.71649,-74.04105,"3638",40.7242941,-74.0354826,"Subscriber",1978,"Male"
"29506","2018-07-11 11:54:10.872","2018-07-11 12:40:12.488","3638",40.7242941,-74.0354826,"3196",40.7443187,-74.0439909,"Subscriber",1980,"Female"
"29506","2018-07-11 17:46:43.153","2018-07-11 17:57:36.561","3196",40.7443187,-74.0439909,"3206",40.7311689,-74.0575736,"Subscriber",1984,"Male"
"29506","2018-07-11 22:47:02.223","2018-07-11 22:54:29.601","3206",40.7311689,-74.0575736,"3210",40.742677141,-74.051788633,"Subscriber",1995,"Female"
"29506","2018-07-12 08:11:46.528","2018-07-12 08:18:28.321","3210",40.742677141,-74.051788633,"3640",40.73367,-74.0625,"Subscriber",1989,"Male"
"29506","2018-07-12 16:17:19.803","2018-07-12 16:20:43.79","3640",40.73367,-74.0625,"3201",40.737711,-74.066921,"Subscriber",1963,"Male"
"29506","2018-07-13 17:31:28.727","2018-07-13 17:35:43.969","3201",40.737711,-74.066921,"3640",40.73367,-74.0625,"Subscriber",1967,"Male"
"29506","2018-07-13 18:47:13.507","2018-07-13 18:59:37.346","3640",40.73367,-74.0625,"3210",40.742677141,-74.051788633,"Subscriber",1979,"Male"
"29506","2018-07-16 07:20:24.762","2018-07-16 07:28:39.766","3210",40.742677141,-74.051788633,"3220",40.7349610200095,-74.0595030784607,"Subscriber",1983,"Male"
"29506","2018-07-16 16:19:47.91","2018-07-16 16:53:27.661","3220",40.7349610200095,-74.0595030784607,"3196",40.7443187,-74.0439909,"Customer",1969,"Unknown"
"29506","2018-07-18 07:42:06.804","2018-07-18 07:44:40.416","3196",40.7443187,-74.0439909,"3198",40.7487159453802,-74.0404433012009,"Subscriber",1989,"Male"
"29506","2018-07-18 08:22:16.862","2018-07-18 09:16:03.986","3198",40.7487159453802,-74.0404433012009,"3202",40.7272235,-74.0337589,"Customer",1986,"Male"
"29506","2018-07-18 18:06:19.779","2018-07-18 18:14:24.02","3202",40.7272235,-74.0337589,"3639",40.7192517,-74.034234,"Customer",1987,"Male"
"29506","2018-07-20 08:28:38.445","2018-07-20 08:32:39.033","3639",40.7192517,-74.034234,"3202",40.7272235,-74.0337589,"Subscriber",1989,"Male"
"29506","2018-07-20 11:55:44.36","2018-07-20 12:00:29.185","3270",40.7252891078113,-74.0455716848373,"3186",40.7195861164717,-74.0431174635887,"Subscriber",1991,"Female"
"29506","2018-07-20 15:48:17.691","2018-07-20 15:52:42.814","3186",40.7195861164717,-74.0431174635887,"3203",40.727595966,-74.044247311,"Subscriber",1969,"Unknown"
"29506","2018-07-20 18:06:10.463","2018-07-20 18:12:41.692","3184",40.7141454,-74.0335519,"3272",40.7233315864644,-74.0459525585174,"Subscriber",1991,"Male"
"29506","2018-07-22 09:27:08.047","2018-07-22 09:31:38.236","3272",40.7233315864644,-74.0459525585174,"3203",40.727595966,-74.044247311,"Subscriber",1975,"Male"
"29506","2018-07-22 09:56:18.028","2018-07-22 09:58:59.456","3203",40.727595966,-74.044247311,"3272",40.7233315864644,-74.0459525585174,"Subscriber",1986,"Female"
"29506","2018-07-22 13:39:52.397","2018-07-22 13:48:33.593","3272",40.7233315864644,-74.0459525585174,"3192",40.7112423,-74.0557013,"Subscriber",1961,"Male"
"29506","2018-07-22 14:02:14.626","2018-07-22 14:45:04.775","3192",40.7112423,-74.0557013,"3192",40.7112423,-74.0557013,"Subscriber",1989,"Female"
"29506","2018-07-22 15:55:19.634","2018-07-22 16:13:21.137","3192",40.7112423,-74.0557013,"3639",40.7192517,-74.034234,"Subscriber",1992,"Male"
"29506","2018-07-23 07:04:41.017","2018-07-23 07:10:17.246","3639",40.7192517,-74.034234,"3638",40.7242941,-74.0354826,"Subscriber",1984,"Female"
"29506","2018-07-24 23:20:16.633","2018-07-24 23:52:35.302","3638",40.7242941,-74.0354826,"3638",40.7242941,-74.0354826,"Customer",1969,"Unknown"
"29506","2018-07-25 23:04:07.8","2018-07-25 23:07:24.262","3638",40.7242941,-74.0354826,"3639",40.7192517,-74.034234,"Subscriber",1990,"Female"
"29506","2018-07-26 07:52:58.902","2018-07-26 07:56:09.84","3639",40.7192517,-74.034234,"3202",40.7272235,-74.0337589,"Subscriber",1990,"Male"
"29506","2018-07-26 17:26:11.299","2018-07-26 17:31:08.146","3186",40.7195861164717,-74.0431174635887,"3209",40.7241765,-74.0506564,"Subscriber",1980,"Female"
"29506","2018-07-27 08:20:42.121","2018-07-27 08:24:55.803","3209",40.7241765,-74.0506564,"3186",40.7195861164717,-74.0431174635887,"Subscriber",1981,"Male"
"29506","2018-07-28 02:51:12.258","2018-07-28 03:00:03.372","3186",40.7195861164717,-74.0431174635887,"3206",40.7311689,-74.0575736,"Customer",1969,"Unknown"
"29506","2018-07-28 10:19:37.133","2018-07-28 10:29:08.932","3206",40.7311689,-74.0575736,"3205",40.7165397809919,-74.0496379137039,"Subscriber",1976,"Female"
"29506","2018-07-28 16:56:31.699","2018-07-28 17:05:23.441","3205",40.7165397809919,-74.0496379137039,"3639",40.7192517,-74.034234,"Subscriber",1986,"Male"
"29506","2018-07-29 02:27:21.417","2018-07-29 02:34:12.869","3639",40.7192517,-74.034234,"3199",40.7287448,-74.0321082,"Customer",1988,"Unknown"
"29506","2018-07-29 08:46:28.232","2018-07-29 09:09:21.024","3199",40.7287448,-74.0321082,"3199",40.7287448,-74.0321082,"Subscriber",1959,"Male"
"29506","2018-07-29 09:43:39.558","2018-07-29 09:50:31.63","3199",40.7287448,-74.0321082,"3639",40.7192517,-74.034234,"Subscriber",1994,"Female"
"29506","2018-07-29 11:02:03.844","2018-07-29 11:20:40.58","3639",40.7192517,-74.034234,"3205",40.7165397809919,-74.0496379137039,"Customer",1969,"Unknown"
"29506","2018-07-29 11:27:09.693","2018-07-29 11:47:58.128","3205",40.7165397809919,-74.0496379137039,"3267",40.7124188237569,-74.0385255217552,"Customer",1969,"Unknown"
"29506","2018-07-29 15:32:54.137","2018-07-29 15:51:22.108","3267",40.7124188237569,-74.0385255217552,"3639",40.7192517,-74.034234,"Customer",1969,"Unknown"
"29506","2018-07-29 16:24:08.19","2018-07-29 16:30:48.35","3639",40.7192517,-74.034234,"3272",40.7233315864644,-74.0459525585174,"Subscriber",1988,"Male"
"29506","2018-07-30 08:50:59.428","2018-07-30 08:53:54.413","3272",40.7233315864644,-74.0459525585174,"3186",40.7195861164717,-74.0431174635887,"Subscriber",1988,"Female"
"29506","2018-07-30 09:48:42.044","2018-07-30 09:53:06.801","3186",40.7195861164717,-74.0431174635887,"3209",40.7241765,-74.0506564,"Subscriber",1977,"Female"
"29506","2018-07-30 09:55:32.483","2018-07-30 10:01:11.547","3209",40.7241765,-74.0506564,"3186",40.7195861164717,-74.0431174635887,"Subscriber",1978,"Female"
"29506","2018-07-30 14:46:12.494","2018-07-30 14:50:48.132","3210",40.742677141,-74.051788633,"3212",40.734785818,-74.050443636,"Subscriber",1982,"Male"
"29506","2018-07-30 17:36:31.851","2018-07-30 17:42:10.944","3212",40.734785818,-74.050443636,"3195",40.7307426253066,-74.0637838840485,"Subscriber",1961,"Male"
"29506","2018-07-30 18:22:50.498","2018-07-30 18:27:34.405","3195",40.7307426253066,-74.0637838840485,"3280",40.719282200707,-74.071261882782,"Subscriber",1987,"Male"
"29506","2018-07-31 09:02:06.782","2018-07-31 09:15:35.914","3280",40.719282200707,-74.071261882782,"3194",40.7253399253558,-74.0676221251488,"Subscriber",1981,"Male"
"29506","2018-07-31 10:24:46.006","2018-07-31 10:28:16.716","3194",40.7253399253558,-74.0676221251488,"3195",40.7307426253066,-74.0637838840485,"Subscriber",1972,"Male"
"29506","2018-07-31 16:31:15.884","2018-07-31 16:35:46.774","3195",40.7307426253066,-74.0637838840485,"3225",40.7236589,-74.0641943,"Subscriber",1972,"Male"
"29506","2018-07-31 17:40:43.595","2018-07-31 17:50:38.149","3225",40.7236589,-74.0641943,"3186",40.7195861164717,-74.0431174635887,"Subscriber",1987,"Male"
"29506","2018-07-31 17:51:33.669","2018-07-31 18:12:18.651","3186",40.7195861164717,-74.0431174635887,"3269",40.7260117296463,-74.0503889322281,"Subscriber",1993,"Male"
"29506","2018-08-01 07:56:15.349","2018-08-01 08:01:17.4","3269",40.7260117296463,-74.0503889322281,"3186",40.7195861164717,-74.0431174635887,"Subscriber",1989,"Male"
"29506","2018-08-01 22:13:43.254","2018-08-01 22:21:10.617","3225",40.7236589,-74.0641943,"3186",40.7195861164717,-74.0431174635887,"Subscriber",1988,"Male"
"29506","2018-08-01 22:25:32.147","2018-08-01 22:29:21.061","3186",40.7195861164717,-74.0431174635887,"3276",40.7145840353589,-74.042817056179,"Subscriber",1986,"Male"
"29506","2018-08-02 08:13:27.383","2018-08-02 08:17:09.046","3276",40.7145840353589,-74.042817056179,"3186",40.7195861164717,-74.0431174635887,"Subscriber",1975,"Male"
"29506","2018-08-02 08:33:03.192","2018-08-02 08:34:36.951","3186",40.7195861164717,-74.0431174635887,"3185",40.7177325,-74.043845,"Subscriber",1970,"Male"
"29506","2018-08-02 20:05:16.499","2018-08-02 20:14:15.299","3185",40.7177325,-74.043845,"3192",40.7112423,-74.0557013,"Subscriber",1991,"Male"
"29506","2018-08-03 07:50:57.059","2018-08-03 07:57:54.897","3192",40.7112423,-74.0557013,"3211",40.72152515,-74.046304543,"Subscriber",1991,"Male"
"29506","2018-08-03 22:50:57.774","2018-08-03 23:45:24.76","3211",40.72152515,-74.046304543,"3211",40.72152515,-74.046304543,"Customer",1969,"Unknown"
"29506","2018-08-04 14:27:26.554","2018-08-04 14:35:52.754","3211",40.72152515,-74.046304543,"3205",40.7165397809919,-74.0496379137039,"Subscriber",1984,"Female"
"29506","2018-08-06 09:43:46.445","2018-08-06 10:15:51.226","3205",40.7165397809919,-74.0496379137039,"3205",40.7165397809919,-74.0496379137039,"Subscriber",1988,"Male"
"29506","2018-08-06 19:50:30.614","2018-08-06 20:02:34.822","3186",40.7195861164717,-74.0431174635887,"3192",40.7112423,-74.0557013,"Subscriber",1991,"Female"
"29506","2018-08-06 20:07:56.655","2018-08-06 20:13:38.69","3192",40.7112423,-74.0557013,"3186",40.7195861164717,-74.0431174635887,"Subscriber",1993,"Male"
"29506","2018-08-06 21:03:35.513","2018-08-06 21:09:54.197","3186",40.7195861164717,-74.0431174635887,"3269",40.7260117296463,-74.0503889322281,"Subscriber",1980,"Male"
"29506","2018-08-07 05:23:44.323","2018-08-07 05:27:01.032","3269",40.7260117296463,-74.0503889322281,"3186",40.7195861164717,-74.0431174635887,"Subscriber",1985,"Male"
"29506","2018-08-07 05:50:03.404","2018-08-07 05:53:35.08","3186",40.7195861164717,-74.0431174635887,"3205",40.7165397809919,-74.0496379137039,"Subscriber",1980,"Male"
"29506","2018-08-07 07:35:30.853","2018-08-07 07:39:15.912","3205",40.7165397809919,-74.0496379137039,"3186",40.7195861164717,-74.0431174635887,"Subscriber",1989,"Male"
"29506","2018-08-07 08:39:57.472","2018-08-07 08:46:40.959","3186",40.7195861164717,-74.0431174635887,"3202",40.7272235,-74.0337589,"Subscriber",1990,"Male"
"29506","2018-08-07 12:05:57.329","2018-08-07 12:10:35.801","3202",40.7272235,-74.0337589,"3639",40.7192517,-74.034234,"Subscriber",1986,"Male"
"29506","2018-08-07 17:28:15.798","2018-08-07 17:33:11.761","3639",40.7192517,-74.034234,"3213",40.71848892,-74.047726625,"Subscriber",1986,"Male"
"29506","2018-08-08 07:02:51.98","2018-08-08 07:10:08.344","3213",40.71848892,-74.047726625,"3639",40.7192517,-74.034234,"Subscriber",1969,"Unknown"
"29506","2018-08-08 08:00:35.754","2018-08-08 08:07:02.076","3639",40.7192517,-74.034234,"3213",40.71848892,-74.047726625,"Subscriber",1969,"Unknown"
"29506","2018-08-08 08:36:42.262","2018-08-08 08:49:34.703","3213",40.71848892,-74.047726625,"3199",40.7287448,-74.0321082,"Subscriber",1990,"Female"
"29506","2018-08-08 09:49:54.235","2018-08-08 09:51:28.032","3199",40.7287448,-74.0321082,"3202",40.7272235,-74.0337589,"Subscriber",1988,"Male"
"29506","2018-08-08 18:32:19.384","2018-08-08 18:40:25.479","3638",40.7242941,-74.0354826,"3186",40.7195861164717,-74.0431174635887,"Customer",1969,"Unknown"
"29506","2018-08-08 18:41:29.215","2018-08-08 18:47:28.161","3186",40.7195861164717,-74.0431174635887,"3209",40.7241765,-74.0506564,"Subscriber",1965,"Male"
"29506","2018-08-09 09:21:09.306","2018-08-09 09:26:43.139","3209",40.7241765,-74.0506564,"3186",40.7195861164717,-74.0431174635887,"Subscriber",1965,"Male"
"29506","2018-08-10 08:23:32.402","2018-08-10 08:25:58.223","3279",40.7216301426384,-74.0499678254128,"3186",40.7195861164717,-74.0431174635887,"Subscriber",1981,"Male"
"29506","2018-08-10 18:54:12.121","2018-08-10 18:59:10.154","3186",40.7195861164717,-74.0431174635887,"3203",40.727595966,-74.044247311,"Subscriber",1974,"Male"
"29506","2018-08-10 20:02:52.74","2018-08-10 20:09:28.169","3195",40.7307426253066,-74.0637838840485,"3225",40.7236589,-74.0641943,"Subscriber",1962,"Male"
"29506","2018-08-11 13:17:14.674","2018-08-11 13:31:00.63","3225",40.7236589,-74.0641943,"3211",40.72152515,-74.046304543,"Subscriber",1992,"Female"
"29506","2018-08-11 13:35:20.92","2018-08-11 13:40:36.646","3211",40.72152515,-74.046304543,"3203",40.727595966,-74.044247311,"Subscriber",1988,"Female"
"29506","2018-08-11 13:53:44.533","2018-08-11 13:58:20.133","3203",40.727595966,-74.044247311,"3186",40.7195861164717,-74.0431174635887,"Subscriber",1964,"Male"
"29506","2018-08-12 02:59:53.314","2018-08-12 03:03:22.862","3186",40.7195861164717,-74.0431174635887,"3270",40.7252891078113,-74.0455716848373,"Subscriber",1958,"Female"
"29506","2018-08-12 11:10:23.953","2018-08-12 11:11:43.09","3270",40.7252891078113,-74.0455716848373,"3272",40.7233315864644,-74.0459525585174,"Subscriber",1972,"Male"
"29506","2018-08-12 20:58:35.604","2018-08-12 21:03:52.394","3272",40.7233315864644,-74.0459525585174,"3205",40.7165397809919,-74.0496379137039,"Subscriber",1989,"Male"
"29506","2018-08-14 12:35:51.124","2018-08-14 14:17:04.643","3205",40.7165397809919,-74.0496379137039,"3203",40.727595966,-74.044247311,"Customer",1969,"Unknown"
"29506","2018-08-14 14:17:17.313","2018-08-14 14:45:44.156","3203",40.727595966,-74.044247311,"3268",40.7134638266919,-74.0628585219383,"Customer",1969,"Unknown"
"29506","2018-08-15 08:57:35.848","2018-08-15 09:02:52.033","3268",40.7134638266919,-74.0628585219383,"3185",40.7177325,-74.043845,"Subscriber",1992,"Male"
"29506","2018-08-15 18:55:02.438","2018-08-15 19:02:29.378","3185",40.7177325,-74.043845,"3192",40.7112423,-74.0557013,"Subscriber",1988,"Male"
"29506","2018-08-16 07:50:40.828","2018-08-16 07:58:01.483","3192",40.7112423,-74.0557013,"3185",40.7177325,-74.043845,"Subscriber",1977,"Male"
"29506","2018-08-16 08:53:24.032","2018-08-16 08:57:51.051","3185",40.7177325,-74.043845,"3214",40.7127742,-74.0364857,"Subscriber",1988,"Female"
"29506","2018-08-16 17:11:37.059","2018-08-16 17:22:18.81","3214",40.7127742,-74.0364857,"3192",40.7112423,-74.0557013,"Subscriber",1984,"Male"
"29506","2018-08-17 00:22:34.039","2018-08-17 00:27:28.713","3195",40.7307426253066,-74.0637838840485,"3193",40.7246050998869,-74.0784059464931,"Subscriber",1985,"Male"
"29506","2018-08-17 07:55:58.049","2018-08-17 08:04:27.154","3193",40.7246050998869,-74.0784059464931,"3195",40.7307426253066,-74.0637838840485,"Subscriber",1983,"Male"
"29506","2018-08-17 19:22:51.594","2018-08-17 19:30:21.895","3195",40.7307426253066,-74.0637838840485,"3210",40.742677141,-74.051788633,"Subscriber",1982,"Male"
"29506","2018-08-19 09:03:24.424","2018-08-19 09:11:28.474","3212",40.734785818,-74.050443636,"3185",40.7177325,-74.043845,"Subscriber",1992,"Male"
"29506","2018-08-19 17:33:14.457","2018-08-19 18:02:59.091","3185",40.7177325,-74.043845,"3185",40.7177325,-74.043845,"Subscriber",1983,"Male"
"29506","2018-08-19 22:31:15.458","2018-08-19 22:33:11.27","3185",40.7177325,-74.043845,"3213",40.71848892,-74.047726625,"Subscriber",1967,"Female"
"29506","2018-08-20 08:52:32.855","2018-08-20 08:54:57.034","3213",40.71848892,-74.047726625,"3186",40.7195861164717,-74.0431174635887,"Subscriber",1989,"Female"
"29506","2018-08-21 08:18:50.766","2018-08-21 08:22:03.579","3213",40.71848892,-74.047726625,"3186",40.7195861164717,-74.0431174635887,"Subscriber",1969,"Unknown"
"29506","2018-08-21 19:23:42.558","2018-08-21 19:30:33.435","3186",40.7195861164717,-74.0431174635887,"3483",40.71942,-74.05099,"Subscriber",1985,"Male"
"29506","2018-08-22 07:32:38.368","2018-08-22 07:36:21.637","3483",40.71942,-74.05099,"3186",40.7195861164717,-74.0431174635887,"Subscriber",1979,"Unknown"
"29506","2018-08-22 19:14:48.649","2018-08-22 19:18:25.157","3186",40.7195861164717,-74.0431174635887,"3209",40.7241765,-74.0506564,"Subscriber",1980,"Male"
"29506","2018-08-23 06:28:31.981","2018-08-23 06:31:09.544","3209",40.7241765,-74.0506564,"3186",40.7195861164717,-74.0431174635887,"Subscriber",1980,"Male"
"29506","2018-08-23 10:22:10.239","2018-08-23 10:28:00.969","3207",40.7376037,-74.0524783,"3220",40.7349610200095,-74.0595030784607,"Subscriber",1983,"Male"
"29506","2018-08-23 18:41:16.946","2018-08-23 18:49:02.803","3220",40.7349610200095,-74.0595030784607,"3210",40.742677141,-74.051788633,"Subscriber",1977,"Male"
"29506","2018-08-24 07:15:49.183","2018-08-24 07:21:40.795","3210",40.742677141,-74.051788633,"3195",40.7307426253066,-74.0637838840485,"Subscriber",1979,"Male"
"29506","2018-08-24 08:45:59.575","2018-08-24 08:49:18.261","3195",40.7307426253066,-74.0637838840485,"3677",40.7275514673001,-74.0710607171059,"Subscriber",1994,"Female"
"29506","2018-08-24 09:30:43.282","2018-08-24 09:45:33.494","3677",40.7275514673001,-74.0710607171059,"3183",40.7162469,-74.0334588,"Subscriber",1989,"Male"
"29506","2018-08-24 15:42:58.974","2018-08-24 15:51:32.496","3211",40.72152515,-74.046304543,"3681",40.7151776773203,-74.0376833081245,"Subscriber",1975,"Male"
"29506","2018-08-25 12:45:13.656","2018-08-25 12:54:00.553","3681",40.7151776773203,-74.0376833081245,"3278",40.725685483629,-74.0487903356552,"Subscriber",1987,"Male"
"29506","2018-08-25 13:46:24.928","2018-08-25 13:48:24.792","3278",40.725685483629,-74.0487903356552,"3270",40.7252891078113,-74.0455716848373,"Subscriber",1973,"Male"
"29506","2018-08-25 14:40:53.315","2018-08-25 14:42:34.646","3270",40.7252891078113,-74.0455716848373,"3211",40.72152515,-74.046304543,"Subscriber",1960,"Male"
"29506","2018-08-25 18:45:19.408","2018-08-25 18:49:21.878","3211",40.72152515,-74.046304543,"3203",40.727595966,-74.044247311,"Subscriber",1975,"Male"
"29506","2018-08-25 19:01:45.269","2018-08-25 19:14:10.206","3203",40.727595966,-74.044247311,"3203",40.727595966,-74.044247311,"Subscriber",1993,"Male"
"29506","2018-08-25 22:33:48.121","2018-08-25 23:04:13.83","3203",40.727595966,-74.044247311,"3199",40.7287448,-74.0321082,"Subscriber",1988,"Male"
"29506","2018-08-25 23:06:54.191","2018-08-25 23:21:49.774","3199",40.7287448,-74.0321082,"3203",40.727595966,-74.044247311,"Subscriber",1988,"Male"
"29506","2018-08-26 11:53:03.245","2018-08-26 11:56:44.776","3203",40.727595966,-74.044247311,"3273",40.72165072488,-74.0428841114044,"Subscriber",1977,"Female"
"29506","2018-08-27 09:04:32.838","2018-08-27 09:09:15.663","3203",40.727595966,-74.044247311,"3186",40.7195861164717,-74.0431174635887,"Subscriber",1973,"Male"
"29506","2018-08-27 14:10:33.58","2018-08-27 14:16:34.792","3678",40.7257261374256,-74.0719592571259,"3195",40.7307426253066,-74.0637838840485,"Subscriber",1980,"Male"
"29506","2018-08-27 18:50:48.376","2018-08-27 18:59:44.008","3195",40.7307426253066,-74.0637838840485,"3280",40.719282200707,-74.071261882782,"Subscriber",1982,"Female"
"29506","2018-08-28 06:17:58.274","2018-08-28 06:24:20.313","3280",40.719282200707,-74.071261882782,"3195",40.7307426253066,-74.0637838840485,"Subscriber",1983,"Male"
"29506","2018-08-28 13:35:42.688","2018-08-28 13:41:08.32","3195",40.7307426253066,-74.0637838840485,"3207",40.7376037,-74.0524783,"Subscriber",1976,"Female"
"29506","2018-08-28 15:29:44.206","2018-08-28 15:34:06.955","3207",40.7376037,-74.0524783,"3210",40.742677141,-74.051788633,"Subscriber",1954,"Male"
"29506","2018-08-28 15:44:38.449","2018-08-28 15:47:57.566","3210",40.742677141,-74.051788633,"3207",40.7376037,-74.0524783,"Subscriber",1954,"Male"
"29506","2018-08-28 18:10:21.574","2018-08-28 18:16:44.988","3207",40.7376037,-74.0524783,"3195",40.7307426253066,-74.0637838840485,"Subscriber",1954,"Male"
"29506","2018-08-28 18:45:56.027","2018-08-28 18:52:12.087","3195",40.7307426253066,-74.0637838840485,"3210",40.742677141,-74.051788633,"Subscriber",1987,"Male"
"29506","2018-08-29 09:16:50.244","2018-08-29 09:20:55.252","3210",40.742677141,-74.051788633,"3196",40.7443187,-74.0439909,"Subscriber",1963,"Male"
"29506","2018-08-29 09:57:24.426","2018-08-29 10:07:40.23","3196",40.7443187,-74.0439909,"3199",40.7287448,-74.0321082,"Subscriber",1988,"Male"
"29506","2018-08-29 10:21:11.998","2018-08-29 10:28:20.679","3199",40.7287448,-74.0321082,"3272",40.7233315864644,-74.0459525585174,"Subscriber",1983,"Female"
"29506","2018-08-29 10:55:38.968","2018-08-29 11:02:07.832","3272",40.7233315864644,-74.0459525585174,"3202",40.7272235,-74.0337589,"Subscriber",1981,"Male"
"29506","2018-08-29 11:06:52.193","2018-08-29 11:15:20.25","3202",40.7272235,-74.0337589,"3183",40.7162469,-74.0334588,"Subscriber",1988,"Male"
"29506","2018-08-29 14:30:12.989","2018-08-29 14:40:13.401","3183",40.7162469,-74.0334588,"3213",40.71848892,-74.047726625,"Subscriber",1982,"Female"
"29506","2018-08-30 07:49:48.145","2018-08-30 07:59:56.736","3213",40.71848892,-74.047726625,"3184",40.7141454,-74.0335519,"Subscriber",1989,"Male"
"29506","2018-08-30 11:02:23.424","2018-08-30 11:31:35.403","3184",40.7141454,-74.0335519,"3273",40.72165072488,-74.0428841114044,"Customer",1992,"Male"
"29506","2018-08-30 19:47:47.983","2018-08-30 19:52:31.888","3273",40.72165072488,-74.0428841114044,"3203",40.727595966,-74.044247311,"Customer",1965,"Male"
"29506","2018-08-31 07:26:29.925","2018-08-31 07:30:55.665","3203",40.727595966,-74.044247311,"3273",40.72165072488,-74.0428841114044,"Subscriber",1992,"Male"
"29506","2018-08-31 07:33:19.866","2018-08-31 07:38:03.308","3273",40.72165072488,-74.0428841114044,"3276",40.7145840353589,-74.042817056179,"Subscriber",1985,"Male"
"29506","2018-08-31 07:52:33.415","2018-08-31 07:56:23.89","3276",40.7145840353589,-74.042817056179,"3183",40.7162469,-74.0334588,"Subscriber",1981,"Male"
"29506","2018-09-01 11:15:00.493","2018-09-01 11:22:47.521","3270",40.7252891078113,-74.0455716848373,"3272",40.7233315864644,-74.0459525585174,"Subscriber",1972,"Male"
"29506","2018-09-01 11:46:56.549","2018-09-01 11:49:14.665","3272",40.7233315864644,-74.0459525585174,"3209",40.7241765,-74.0506564,"Subscriber",1991,"Female"
"29506","2018-09-02 13:44:23.674","2018-09-02 14:03:45.948","3209",40.7241765,-74.0506564,"3192",40.7112423,-74.0557013,"Customer",1969,"Unknown"
"29506","2018-09-02 17:24:00.947","2018-09-02 17:46:14.693","3206",40.7311689,-74.0575736,"3206",40.7311689,-74.0575736,"Customer",1969,"Unknown"
"29506","2018-09-05 21:38:26.735","2018-09-05 21:44:13.93","3206",40.7311689,-74.0575736,"3212",40.734785818,-74.050443636,"Subscriber",1994,"Female"
"29506","2018-09-06 08:36:45.965","2018-09-06 08:46:26.232","3212",40.734785818,-74.050443636,"3186",40.7195861164717,-74.0431174635887,"Subscriber",1986,"Male"
"29506","2018-09-06 18:32:37.889","2018-09-06 18:43:40.114","3186",40.7195861164717,-74.0431174635887,"3203",40.727595966,-74.044247311,"Subscriber",1983,"Female"
"29506","2018-09-07 09:51:18.942","2018-09-07 09:59:53.769","3203",40.727595966,-74.044247311,"3186",40.7195861164717,-74.0431174635887,"Subscriber",1984,"Female"
"29506","2018-09-07 12:34:26.966","2018-09-07 12:39:21.57","3186",40.7195861164717,-74.0431174635887,"3203",40.727595966,-74.044247311,"Subscriber",1986,"Female"
"29506","2018-09-07 17:30:49.602","2018-09-07 17:45:26.25","3203",40.727595966,-74.044247311,"3196",40.7443187,-74.0439909,"Customer",1967,"Male"
"29506","2018-09-07 20:47:07.576","2018-09-07 21:33:55.265","3196",40.7443187,-74.0439909,"3183",40.7162469,-74.0334588,"Customer",1985,"Male"
"29506","2018-09-07 22:35:49.778","2018-09-07 22:38:17.476","3183",40.7162469,-74.0334588,"3214",40.7127742,-74.0364857,"Subscriber",1989,"Male"
"29506","2018-09-08 12:52:42.255","2018-09-08 13:01:46.289","3214",40.7127742,-74.0364857,"3213",40.71848892,-74.047726625,"Subscriber",1976,"Female"
"29506","2018-09-08 15:52:39.947","2018-09-08 15:55:40.837","3213",40.71848892,-74.047726625,"3185",40.7177325,-74.043845,"Subscriber",1987,"Male"
"29506","2018-09-08 18:15:27.321","2018-09-08 18:19:28.628","3185",40.7177325,-74.043845,"3681",40.7151776773203,-74.0376833081245,"Subscriber",1989,"Male"
"29506","2018-09-10 18:41:57.466","2018-09-10 18:46:45.416","3681",40.7151776773203,-74.0376833081245,"3187",40.7211236,-74.03805095,"Subscriber",1956,"Male"
"29506","2018-09-10 18:47:18.215","2018-09-10 18:54:26.095","3187",40.7211236,-74.03805095,"3203",40.727595966,-74.044247311,"Subscriber",1988,"Female"
"29506","2018-09-11 08:08:43.152","2018-09-11 08:17:34.859","3203",40.727595966,-74.044247311,"3186",40.7195861164717,-74.0431174635887,"Subscriber",1981,"Male"
"29506","2018-09-12 20:41:44.405","2018-09-12 20:47:28.439","3186",40.7195861164717,-74.0431174635887,"3203",40.727595966,-74.044247311,"Subscriber",1989,"Female"
"29506","2018-09-13 06:56:29.256","2018-09-13 06:58:42.416","3203",40.727595966,-74.044247311,"3272",40.7233315864644,-74.0459525585174,"Subscriber",1991,"Female"
"29506","2018-09-13 08:09:06.55","2018-09-13 08:12:29.375","3272",40.7233315864644,-74.0459525585174,"3213",40.71848892,-74.047726625,"Subscriber",1962,"Male"
"29506","2018-09-13 08:35:50.653","2018-09-13 08:38:21.606","3213",40.71848892,-74.047726625,"3186",40.7195861164717,-74.0431174635887,"Subscriber",1977,"Male"
"29506","2018-09-14 08:49:06.318","2018-09-14 08:52:10.33","3279",40.7216301426384,-74.0499678254128,"3186",40.7195861164717,-74.0431174635887,"Subscriber",1977,"Male"
"29506","2018-09-14 12:05:15.12","2018-09-14 12:13:17.958","3269",40.7260117296463,-74.0503889322281,"3186",40.7195861164717,-74.0431174635887,"Subscriber",1987,"Female"
"29506","2018-09-14 17:23:20.73","2018-09-14 17:26:52.085","3186",40.7195861164717,-74.0431174635887,"3270",40.7252891078113,-74.0455716848373,"Subscriber",1981,"Male"
"29506","2018-09-14 19:24:11.765","2018-09-14 19:26:34.433","3183",40.7162469,-74.0334588,"3639",40.7192517,-74.034234,"Subscriber",1992,"Male"
"29506","2018-09-15 04:45:25.605","2018-09-15 04:51:11.436","3639",40.7192517,-74.034234,"3199",40.7287448,-74.0321082,"Subscriber",1988,"Male"
"29506","2018-09-15 08:57:51.802","2018-09-15 09:11:20.313","3199",40.7287448,-74.0321082,"3186",40.7195861164717,-74.0431174635887,"Customer",1990,"Male"
"29506","2018-09-15 17:32:46.602","2018-09-15 17:42:32.484","3186",40.7195861164717,-74.0431174635887,"3483",40.71942,-74.05099,"Customer",1969,"Unknown"
"29506","2018-09-16 09:22:44.306","2018-09-16 09:32:11.274","3483",40.71942,-74.05099,"3186",40.7195861164717,-74.0431174635887,"Subscriber",1988,"Male"
"29506","2018-09-16 10:27:37.793","2018-09-16 10:29:56.541","3186",40.7195861164717,-74.0431174635887,"3275",40.7183551982321,-74.0389144420624,"Subscriber",1988,"Male"
"29506","2018-09-16 13:54:17.881","2018-09-16 14:47:03.234","3275",40.7183551982321,-74.0389144420624,"3186",40.7195861164717,-74.0431174635887,"Subscriber",1994,"Male"
"29506","2018-09-16 15:42:34.634","2018-09-16 15:55:52.608","3186",40.7195861164717,-74.0431174635887,"3225",40.7236589,-74.0641943,"Subscriber",1986,"Male"
"29506","2018-09-17 09:18:14.651","2018-09-17 09:32:36.508","3225",40.7236589,-74.0641943,"3183",40.7162469,-74.0334588,"Subscriber",1989,"Male"
"29506","2018-09-17 21:25:56.96","2018-09-17 21:34:03.432","3187",40.7211236,-74.03805095,"3214",40.7127742,-74.0364857,"Subscriber",1989,"Male"
"29506","2018-09-18 07:18:30.415","2018-09-18 07:20:32.439","3214",40.7127742,-74.0364857,"3183",40.7162469,-74.0334588,"Subscriber",1960,"Male"
"29506","2018-09-18 08:42:09.551","2018-09-18 08:45:25.607","3279",40.7216301426384,-74.0499678254128,"3186",40.7195861164717,-74.0431174635887,"Subscriber",1981,"Male"
"29506","2018-09-19 09:19:52.644","2018-09-19 09:22:27.75","3211",40.72152515,-74.046304543,"3186",40.7195861164717,-74.0431174635887,"Subscriber",1990,"Female"
"29506","2018-09-19 18:57:49.847","2018-09-19 19:01:11.985","3186",40.7195861164717,-74.0431174635887,"3276",40.7145840353589,-74.042817056179,"Subscriber",1979,"Male"
"29506","2018-09-20 08:41:08.948","2018-09-20 08:49:21.62","3276",40.7145840353589,-74.042817056179,"3183",40.7162469,-74.0334588,"Subscriber",1991,"Female"
"29506","2018-09-20 10:56:36.201","2018-09-20 11:02:41.948","3213",40.71848892,-74.047726625,"3187",40.7211236,-74.03805095,"Customer",1969,"Unknown"
"29506","2018-09-21 07:55:37.79","2018-09-21 07:57:36.708","3187",40.7211236,-74.03805095,"3638",40.7242941,-74.0354826,"Subscriber",1982,"Male"
"29506","2018-09-21 10:09:04.303","2018-09-21 10:13:14.197","3638",40.7242941,-74.0354826,"3183",40.7162469,-74.0334588,"Subscriber",1989,"Male"
"29506","2018-09-21 12:00:03.436","2018-09-21 12:07:26.079","3183",40.7162469,-74.0334588,"3211",40.72152515,-74.046304543,"Subscriber",1975,"Male"
"29506","2018-09-21 15:50:14.878","2018-09-21 16:03:39.046","3211",40.72152515,-74.046304543,"3201",40.737711,-74.066921,"Subscriber",1973,"Male"
"29506","2018-09-21 19:11:56.939","2018-09-21 19:24:11.458","3195",40.7307426253066,-74.0637838840485,"3198",40.7487159453802,-74.0404433012009,"Subscriber",1978,"Male"
"29506","2018-09-22 09:25:29.727","2018-09-22 09:37:39.72","3198",40.7487159453802,-74.0404433012009,"3195",40.7307426253066,-74.0637838840485,"Subscriber",1978,"Male"
"29506","2018-09-22 14:22:28.031","2018-09-22 14:31:51.122","3195",40.7307426253066,-74.0637838840485,"3186",40.7195861164717,-74.0431174635887,"Subscriber",1988,"Male"
"29506","2018-09-22 16:41:31.997","2018-09-22 16:47:24.706","3186",40.7195861164717,-74.0431174635887,"3481",40.71649,-74.04105,"Subscriber",1960,"Female"
"29506","2018-09-22 17:19:57.4","2018-09-22 17:22:48.834","3481",40.71649,-74.04105,"3186",40.7195861164717,-74.0431174635887,"Subscriber",1961,"Male"
"29506","2018-09-22 17:24:08.801","2018-09-22 17:28:05.174","3186",40.7195861164717,-74.0431174635887,"3213",40.71848892,-74.047726625,"Subscriber",1976,"Male"
"29506","2018-09-22 18:27:23.703","2018-09-22 18:33:55.941","3213",40.71848892,-74.047726625,"3275",40.7183551982321,-74.0389144420624,"Subscriber",1987,"Male"
"29506","2018-09-22 20:09:47.529","2018-09-22 20:14:32.299","3275",40.7183551982321,-74.0389144420624,"3276",40.7145840353589,-74.042817056179,"Customer",1969,"Unknown"
"29506","2018-09-23 09:21:52.21","2018-09-23 09:30:58.606","3276",40.7145840353589,-74.042817056179,"3192",40.7112423,-74.0557013,"Subscriber",1964,"Unknown"
"29506","2018-09-23 10:10:49.095","2018-09-23 10:21:33.261","3192",40.7112423,-74.0557013,"3183",40.7162469,-74.0334588,"Subscriber",1986,"Male"
"29506","2018-09-23 16:15:12.922","2018-09-23 16:33:00.505","3640",40.73367,-74.0625,"3183",40.7162469,-74.0334588,"Subscriber",1984,"Male"
"29506","2018-09-23 16:53:32.841","2018-09-23 17:03:06.269","3183",40.7162469,-74.0334588,"3639",40.7192517,-74.034234,"Subscriber",1985,"Male"
"29506","2018-09-23 17:35:45.966","2018-09-23 17:53:54.379","3639",40.7192517,-74.034234,"3192",40.7112423,-74.0557013,"Subscriber",1963,"Male"
"29506","2018-09-23 19:49:40.305","2018-09-23 20:15:50.009","3192",40.7112423,-74.0557013,"3225",40.7236589,-74.0641943,"Customer",1969,"Unknown"
"29506","2018-09-24 07:09:07.679","2018-09-24 07:20:25.175","3225",40.7236589,-74.0641943,"3206",40.7311689,-74.0575736,"Subscriber",1976,"Unknown"
"29506","2018-09-24 08:48:20.612","2018-09-24 08:59:15.432","3206",40.7311689,-74.0575736,"3426",40.7096508336406,-74.0686011314392,"Subscriber",1989,"Male"
"29506","2018-10-12 18:08:44.847","2018-10-12 18:16:19.342","3183",40.7162469,-74.0334588,"3211",40.72152515,-74.046304543,"Subscriber",1985,"Male"
"29506","2018-10-12 18:20:00.172","2018-10-12 18:25:44.768","3211",40.72152515,-74.046304543,"3206",40.7311689,-74.0575736,"Subscriber",1989,"Male"
"29506","2018-10-13 00:26:25.115","2018-10-13 00:48:43.12","3206",40.7311689,-74.0575736,"3206",40.7311689,-74.0575736,"Customer",1969,"Unknown"
"29506","2018-10-13 06:14:40.367","2018-10-13 10:46:19.203","3206",40.7311689,-74.0575736,"3694",40.71113,-74.0789,"Subscriber",1990,"Male"
"29506","2018-10-15 11:09:39.66","2018-10-15 11:22:48.155","3694",40.71113,-74.0789,"3195",40.7307426253066,-74.0637838840485,"Subscriber",1990,"Male"
"29506","2018-10-15 18:56:12.458","2018-10-15 19:05:31.328","3195",40.7307426253066,-74.0637838840485,"3280",40.719282200707,-74.071261882782,"Subscriber",1983,"Female"
"29506","2018-10-16 07:34:51.355","2018-10-16 07:42:58.246","3280",40.719282200707,-74.071261882782,"3195",40.7307426253066,-74.0637838840485,"Subscriber",1960,"Male"
"29506","2018-10-16 18:46:39.937","2018-10-16 18:52:01.925","3195",40.7307426253066,-74.0637838840485,"3280",40.719282200707,-74.071261882782,"Subscriber",1986,"Male"
"29506","2018-10-17 07:48:53.724","2018-10-17 07:57:10.34","3280",40.719282200707,-74.071261882782,"3195",40.7307426253066,-74.0637838840485,"Subscriber",1960,"Male"
"29506","2018-10-17 17:43:59.879","2018-10-17 17:49:33.79","3195",40.7307426253066,-74.0637838840485,"3212",40.734785818,-74.050443636,"Subscriber",1982,"Male"
"29506","2018-10-17 19:00:08.479","2018-10-17 19:07:13.495","3212",40.734785818,-74.050443636,"3198",40.7487159453802,-74.0404433012009,"Subscriber",1992,"Male"
"29506","2018-10-19 17:22:17.453","2018-10-19 17:24:20.347","3198",40.7487159453802,-74.0404433012009,"3196",40.7443187,-74.0439909,"Subscriber",1992,"Male"
"29506","2018-10-20 13:29:31.611","2018-10-20 13:42:20.1","3196",40.7443187,-74.0439909,"3198",40.7487159453802,-74.0404433012009,"Subscriber",1972,"Female"
"29506","2018-10-23 08:29:32.391","2018-10-23 08:48:48.34","3281",40.7459099663156,-74.0572714805603,"3183",40.7162469,-74.0334588,"Subscriber",1976,"Male"
"29506","2018-10-23 18:18:35.258","2018-10-23 18:21:39.874","3206",40.7311689,-74.0575736,"3269",40.7260117296463,-74.0503889322281,"Subscriber",1983,"Male"
"29506","2018-10-24 07:34:01.706","2018-10-24 07:38:59.83","3269",40.7260117296463,-74.0503889322281,"3186",40.7195861164717,-74.0431174635887,"Subscriber",1973,"Male"
"29506","2018-10-24 18:47:24.768","2018-10-24 18:51:48.927","3186",40.7195861164717,-74.0431174635887,"3209",40.7241765,-74.0506564,"Subscriber",1978,"Female"
"29506","2018-10-25 08:35:34.501","2018-10-25 08:45:18.965","3209",40.7241765,-74.0506564,"3209",40.7241765,-74.0506564,"Customer",1969,"Unknown"
"29506","2018-10-25 09:31:30.7","2018-10-25 09:35:38.686","3209",40.7241765,-74.0506564,"3186",40.7195861164717,-74.0431174635887,"Subscriber",1986,"Male"
"29506","2018-10-25 19:25:30.733","2018-10-25 19:30:38.528","3195",40.7307426253066,-74.0637838840485,"3678",40.7257261374256,-74.0719592571259,"Subscriber",1980,"Male"
"29506","2018-10-25 22:36:00.671","2018-10-25 22:40:34.272","3678",40.7257261374256,-74.0719592571259,"3195",40.7307426253066,-74.0637838840485,"Subscriber",1994,"Female"
"29506","2018-10-26 00:05:51.083","2018-10-26 00:11:54.687","3195",40.7307426253066,-74.0637838840485,"3280",40.719282200707,-74.071261882782,"Subscriber",1988,"Male"
"29506","2018-10-26 08:32:54.36","2018-10-26 08:39:59.412","3280",40.719282200707,-74.071261882782,"3195",40.7307426253066,-74.0637838840485,"Subscriber",1986,"Male"
"29506","2018-10-26 18:14:27.473","2018-10-26 18:18:10.296","3195",40.7307426253066,-74.0637838840485,"3194",40.7253399253558,-74.0676221251488,"Subscriber",1972,"Male"
"29506","2018-10-26 18:34:57.545","2018-10-26 18:41:58.217","3194",40.7253399253558,-74.0676221251488,"3211",40.72152515,-74.046304543,"Subscriber",1986,"Male"
"29506","2018-10-26 19:19:20.937","2018-10-26 19:21:09.337","3211",40.72152515,-74.046304543,"3279",40.7216301426384,-74.0499678254128,"Subscriber",1970,"Male"
"29506","2018-10-26 19:27:33.96","2018-10-26 19:29:49.394","3279",40.7216301426384,-74.0499678254128,"3211",40.72152515,-74.046304543,"Subscriber",1970,"Male"
"29506","2018-10-27 17:36:24.314","2018-10-27 17:39:10.597","3211",40.72152515,-74.046304543,"3278",40.725685483629,-74.0487903356552,"Subscriber",1972,"Male"
"29506","2018-10-27 23:19:25.901","2018-10-27 23:21:09.096","3278",40.725685483629,-74.0487903356552,"3209",40.7241765,-74.0506564,"Subscriber",1984,"Male"
"29506","2018-10-28 15:09:04.614","2018-10-28 15:59:34.022","3209",40.7241765,-74.0506564,"3276",40.7145840353589,-74.042817056179,"Subscriber",1991,"Female"
"29506","2018-10-29 07:56:15.482","2018-10-29 08:01:05.593","3276",40.7145840353589,-74.042817056179,"3186",40.7195861164717,-74.0431174635887,"Subscriber",1986,"Male"
"29506","2018-10-29 18:01:32.932","2018-10-29 18:06:31.112","3186",40.7195861164717,-74.0431174635887,"3209",40.7241765,-74.0506564,"Subscriber",1980,"Male"
"29506","2018-10-30 06:29:01.717","2018-10-30 06:32:06.294","3209",40.7241765,-74.0506564,"3186",40.7195861164717,-74.0431174635887,"Subscriber",1980,"Male"
"29506","2018-10-30 08:25:50.405","2018-10-30 08:28:36.442","3270",40.7252891078113,-74.0455716848373,"3186",40.7195861164717,-74.0431174635887,"Subscriber",1988,"Male"
"29506","2018-10-30 18:19:50.878","2018-10-30 18:23:17.277","3186",40.7195861164717,-74.0431174635887,"3270",40.7252891078113,-74.0455716848373,"Subscriber",1986,"Male"
"29506","2018-11-10 00:03:36.833","2018-11-10 00:07:46.93","3183",40.7162469,-74.0334588,"3184",40.7141454,-74.0335519,"Subscriber",1980,"Female"
"29506","2018-11-11 15:16:58.908","2018-11-11 15:34:09.285","3203",40.727595966,-74.044247311,"3199",40.7287448,-74.0321082,"Subscriber",1954,"Female"
"29506","2018-11-12 09:07:25.74","2018-11-12 09:09:14.832","3199",40.7287448,-74.0321082,"3202",40.7272235,-74.0337589,"Subscriber",1990,"Male"
"29506","2018-11-12 18:20:16.444","2018-11-12 18:28:05.514","3202",40.7272235,-74.0337589,"3639",40.7192517,-74.034234,"Subscriber",1989,"Male"
"29506","2018-11-12 18:29:08.439","2018-11-12 18:33:49.729","3639",40.7192517,-74.034234,"3481",40.71649,-74.04105,"Subscriber",1985,"Female"
"29506","2018-11-12 19:11:53.061","2018-11-12 19:17:21.407","3481",40.71649,-74.04105,"3211",40.72152515,-74.046304543,"Subscriber",1987,"Female"
"29506","2018-11-12 20:41:42.062","2018-11-12 20:46:13.882","3211",40.72152515,-74.046304543,"3481",40.71649,-74.04105,"Subscriber",1987,"Female"
"29506","2018-11-13 07:32:58.857","2018-11-13 07:36:33.636","3481",40.71649,-74.04105,"3184",40.7141454,-74.0335519,"Subscriber",1985,"Female"
"29506","2018-11-13 11:38:23.701","2018-11-13 11:39:52.694","3184",40.7141454,-74.0335519,"3183",40.7162469,-74.0334588,"Subscriber",1989,"Male"
"29506","2018-11-13 12:55:10.788","2018-11-13 13:02:33.949","3183",40.7162469,-74.0334588,"3275",40.7183551982321,-74.0389144420624,"Subscriber",1969,"Female"
"29506","2018-11-13 15:17:27.001","2018-11-13 15:24:46.336","3275",40.7183551982321,-74.0389144420624,"3203",40.727595966,-74.044247311,"Subscriber",1984,"Female"
"29506","2018-11-14 09:13:48.023","2018-11-14 09:19:19.308","3203",40.727595966,-74.044247311,"3273",40.72165072488,-74.0428841114044,"Subscriber",1956,"Male"
"29506","2018-11-14 18:31:31.825","2018-11-14 18:37:12.258","3273",40.72165072488,-74.0428841114044,"3278",40.725685483629,-74.0487903356552,"Subscriber",1988,"Male"
"29506","2018-11-14 19:02:46.865","2018-11-14 19:05:26.342","3186",40.7195861164717,-74.0431174635887,"3279",40.7216301426384,-74.0499678254128,"Subscriber",1984,"Male"
"29506","2018-11-15 09:09:56.284","2018-11-15 09:12:51.933","3279",40.7216301426384,-74.0499678254128,"3186",40.7195861164717,-74.0431174635887,"Subscriber",1970,"Male"
"29506","2018-11-15 09:21:57.087","2018-11-15 09:42:13.113","3270",40.7252891078113,-74.0455716848373,"3214",40.7127742,-74.0364857,"Subscriber",1987,"Female"
"29506","2018-11-16 08:44:59.516","2018-11-16 08:57:42.158","3678",40.7257261374256,-74.0719592571259,"3272",40.7233315864644,-74.0459525585174,"Subscriber",1990,"Male"
"29506","2018-11-16 22:57:04.952","2018-11-16 23:05:59.996","3272",40.7233315864644,-74.0459525585174,"3213",40.71848892,-74.047726625,"Subscriber",1971,"Male"
"29506","2018-11-17 12:16:46.34","2018-11-17 12:28:32.128","3213",40.71848892,-74.047726625,"3220",40.7349610200095,-74.0595030784607,"Subscriber",1988,"Male"
"29506","2018-11-17 12:35:51.01","2018-11-17 12:45:28.413","3220",40.7349610200095,-74.0595030784607,"3213",40.71848892,-74.047726625,"Subscriber",1985,"Male"
"29506","2018-11-17 16:07:34.593","2018-11-17 16:42:20.44","3213",40.71848892,-74.047726625,"3213",40.71848892,-74.047726625,"Subscriber",1962,"Male"
"29506","2018-11-17 18:27:20.799","2018-11-17 19:10:54.983","3213",40.71848892,-74.047726625,"3213",40.71848892,-74.047726625,"Subscriber",1962,"Male"
"29506","2018-11-18 12:49:26.75","2018-11-18 12:55:50.632","3213",40.71848892,-74.047726625,"3185",40.7177325,-74.043845,"Subscriber",1971,"Female"
"29506","2018-11-18 18:34:02.862","2018-11-18 18:52:45.886","3185",40.7177325,-74.043845,"3270",40.7252891078113,-74.0455716848373,"Subscriber",1972,"Male"
"29506","2018-11-18 19:05:00.855","2018-11-18 19:10:02.426","3270",40.7252891078113,-74.0455716848373,"3185",40.7177325,-74.043845,"Subscriber",1972,"Male"
"29506","2018-11-19 10:12:21.755","2018-11-19 10:16:36.612","3203",40.727595966,-74.044247311,"3186",40.7195861164717,-74.0431174635887,"Subscriber",1986,"Male"
"29506","2018-11-19 15:05:34.026","2018-11-19 15:09:48.985","3186",40.7195861164717,-74.0431174635887,"3269",40.7260117296463,-74.0503889322281,"Subscriber",1971,"Female"
"29506","2018-11-19 17:51:54.55","2018-11-19 17:56:03.019","3186",40.7195861164717,-74.0431174635887,"3269",40.7260117296463,-74.0503889322281,"Subscriber",1981,"Male"
"29506","2018-11-19 19:28:52.413","2018-11-19 19:34:19.25","3269",40.7260117296463,-74.0503889322281,"3273",40.72165072488,-74.0428841114044,"Subscriber",1985,"Male"
"29506","2018-11-19 19:42:26.246","2018-11-19 19:44:07.394","3273",40.72165072488,-74.0428841114044,"3186",40.7195861164717,-74.0431174635887,"Subscriber",1981,"Male"
"29506","2018-11-19 19:46:21.422","2018-11-19 19:50:02.717","3186",40.7195861164717,-74.0431174635887,"3269",40.7260117296463,-74.0503889322281,"Subscriber",1991,"Male"
"29506","2018-11-20 07:10:35.691","2018-11-20 07:17:23.743","3269",40.7260117296463,-74.0503889322281,"3205",40.7165397809919,-74.0496379137039,"Customer",1969,"Unknown"
"29506","2018-11-20 07:20:14.329","2018-11-20 07:48:16.87","3205",40.7165397809919,-74.0496379137039,"3205",40.7165397809919,-74.0496379137039,"Customer",1969,"Unknown"
"29506","2018-11-20 07:50:49.558","2018-11-20 07:58:17.964","3205",40.7165397809919,-74.0496379137039,"3278",40.725685483629,-74.0487903356552,"Customer",1969,"Unknown"
"29506","2018-11-20 07:59:27.919","2018-11-20 08:03:26.513","3278",40.725685483629,-74.0487903356552,"3186",40.7195861164717,-74.0431174635887,"Subscriber",1983,"Female"
"29506","2018-11-20 19:38:40.72","2018-11-20 19:43:23.967","3203",40.727595966,-74.044247311,"3186",40.7195861164717,-74.0431174635887,"Subscriber",1983,"Male"
"29506","2018-11-20 19:43:56.873","2018-11-20 19:50:07.353","3186",40.7195861164717,-74.0431174635887,"3483",40.71942,-74.05099,"Subscriber",1985,"Female"
"29506","2018-11-21 08:44:23.98","2018-11-21 08:50:46.994","3483",40.71942,-74.05099,"3186",40.7195861164717,-74.0431174635887,"Subscriber",1985,"Male"
"29506","2018-11-23 11:07:04.452","2018-11-23 11:13:52.501","3679",40.722103786686,-74.0714550018311,"3195",40.7307426253066,-74.0637838840485,"Subscriber",1986,"Male"
"29506","2018-11-24 03:33:37.265","2018-11-24 03:40:13.628","3195",40.7307426253066,-74.0637838840485,"3679",40.722103786686,-74.0714550018311,"Subscriber",1986,"Male"
"29506","2018-11-24 14:09:50.006","2018-11-24 14:15:54.085","3679",40.722103786686,-74.0714550018311,"3195",40.7307426253066,-74.0637838840485,"Subscriber",1989,"Male"
"29506","2018-11-25 17:55:44.238","2018-11-25 18:05:09.145","3195",40.7307426253066,-74.0637838840485,"3694",40.71113,-74.0789,"Subscriber",1994,"Male"
"29506","2018-11-26 09:55:15.292","2018-11-26 10:18:54.058","3694",40.71113,-74.0789,"3198",40.7487159453802,-74.0404433012009,"Customer",1987,"Male"
"29506","2018-11-29 15:11:25.865","2018-11-29 15:29:22.002","3198",40.7487159453802,-74.0404433012009,"3199",40.7287448,-74.0321082,"Subscriber",1989,"Female"
"29506","2018-12-01 11:25:14.929","2018-12-01 11:58:32.661","3199",40.7287448,-74.0321082,"3199",40.7287448,-74.0321082,"Subscriber",1982,"Female"
"29506","2018-12-01 15:59:00.435","2018-12-01 16:06:43.934","3199",40.7287448,-74.0321082,"3639",40.7192517,-74.034234,"Subscriber",1993,"Unknown"
"29506","2018-12-01 19:05:38.539","2018-12-01 19:11:34.416","3639",40.7192517,-74.034234,"3186",40.7195861164717,-74.0431174635887,"Subscriber",1989,"Female"
"29506","2018-12-02 01:05:41.728","2018-12-02 01:08:43.756","3186",40.7195861164717,-74.0431174635887,"3272",40.7233315864644,-74.0459525585174,"Subscriber",1961,"Male"
"29506","2018-12-03 08:22:58.336","2018-12-03 08:25:29.466","3272",40.7233315864644,-74.0459525585174,"3186",40.7195861164717,-74.0431174635887,"Subscriber",1976,"Male"
"29506","2018-12-03 09:53:43.137","2018-12-03 09:57:26.665","3279",40.7216301426384,-74.0499678254128,"3186",40.7195861164717,-74.0431174635887,"Subscriber",1993,"Male"
"29506","2018-12-03 16:22:02.315","2018-12-03 16:25:36.739","3186",40.7195861164717,-74.0431174635887,"3279",40.7216301426384,-74.0499678254128,"Subscriber",1986,"Male"
"29506","2018-12-03 21:20:45.029","2018-12-03 21:29:30.961","3279",40.7216301426384,-74.0499678254128,"3212",40.734785818,-74.050443636,"Subscriber",1988,"Male"
"29506","2018-12-04 08:51:38.656","2018-12-04 09:09:40.477","3212",40.734785818,-74.050443636,"3638",40.7242941,-74.0354826,"Subscriber",1980,"Male"
"29506","2018-12-06 08:53:30.058","2018-12-06 09:01:59.257","3638",40.7242941,-74.0354826,"3638",40.7242941,-74.0354826,"Subscriber",1992,"Female"
"29506","2018-12-06 18:31:09.918","2018-12-06 18:34:54.854","3638",40.7242941,-74.0354826,"3199",40.7287448,-74.0321082,"Subscriber",1976,"Male"
"29506","2018-12-06 18:58:42.689","2018-12-06 19:00:23.667","3199",40.7287448,-74.0321082,"3202",40.7272235,-74.0337589,"Subscriber",1975,"Male"
"29506","2018-12-06 21:01:02.595","2018-12-06 21:03:01.196","3202",40.7272235,-74.0337589,"3638",40.7242941,-74.0354826,"Subscriber",1996,"Male"
"29506","2018-12-09 09:27:44.144","2018-12-09 09:33:38.108","3638",40.7242941,-74.0354826,"3278",40.725685483629,-74.0487903356552,"Subscriber",1981,"Male"
"29506","2018-12-10 08:15:31.459","2018-12-10 08:19:02.991","3278",40.725685483629,-74.0487903356552,"3273",40.72165072488,-74.0428841114044,"Subscriber",1980,"Male"
"29506","2018-12-10 14:16:15.041","2018-12-10 14:18:00.293","3273",40.72165072488,-74.0428841114044,"3211",40.72152515,-74.046304543,"Subscriber",1984,"Male"
"29506","2018-12-10 17:04:07.398","2018-12-10 17:07:31.755","3211",40.72152515,-74.046304543,"3278",40.725685483629,-74.0487903356552,"Subscriber",1982,"Female"
"29506","2018-12-14 16:37:43.814","2018-12-14 16:41:44.648","3183",40.7162469,-74.0334588,"3267",40.7124188237569,-74.0385255217552,"Subscriber",1968,"Male"
"29506","2018-12-15 13:30:24.813","2018-12-15 13:43:08.472","3267",40.7124188237569,-74.0385255217552,"3203",40.727595966,-74.044247311,"Subscriber",1970,"Male"
"29506","2018-12-15 14:33:59.491","2018-12-15 14:43:54.038","3203",40.727595966,-74.044247311,"3276",40.7145840353589,-74.042817056179,"Subscriber",1970,"Female"
"29506","2018-12-15 17:59:46.889","2018-12-15 18:07:44.975","3276",40.7145840353589,-74.042817056179,"3269",40.7260117296463,-74.0503889322281,"Subscriber",1980,"Male"
"29506","2018-12-16 09:00:29.615","2018-12-16 09:05:30.523","3269",40.7260117296463,-74.0503889322281,"3273",40.72165072488,-74.0428841114044,"Subscriber",1989,"Female"
"29506","2018-12-16 16:45:49.298","2018-12-16 16:50:31.25","3273",40.72165072488,-74.0428841114044,"3279",40.7216301426384,-74.0499678254128,"Subscriber",1988,"Male"
"29506","2018-12-17 05:58:52.313","2018-12-17 06:00:44.018","3279",40.7216301426384,-74.0499678254128,"3186",40.7195861164717,-74.0431174635887,"Subscriber",1981,"Female"
"29506","2018-12-17 08:38:52.689","2018-12-17 08:43:00.675","3203",40.727595966,-74.044247311,"3273",40.72165072488,-74.0428841114044,"Subscriber",1977,"Female"
"29506","2018-12-17 18:42:41.323","2018-12-17 18:48:05.102","3186",40.7195861164717,-74.0431174635887,"3203",40.727595966,-74.044247311,"Subscriber",1973,"Male"
"29506","2018-12-18 09:07:45.324","2018-12-18 09:11:54.452","3203",40.727595966,-74.044247311,"3186",40.7195861164717,-74.0431174635887,"Subscriber",1978,"Male"
"29506","2018-12-18 10:27:09.457","2018-12-18 10:31:17.323","3209",40.7241765,-74.0506564,"3186",40.7195861164717,-74.0431174635887,"Subscriber",1980,"Male"
"29506","2018-12-18 12:21:58.511","2018-12-18 12:27:22.357","3186",40.7195861164717,-74.0431174635887,"3209",40.7241765,-74.0506564,"Subscriber",1980,"Male"
"29506","2018-12-19 00:32:03.285","2018-12-19 00:37:18.909","3209",40.7241765,-74.0506564,"3205",40.7165397809919,-74.0496379137039,"Subscriber",1991,"Male"
"29506","2018-12-19 07:29:13.784","2018-12-19 07:33:26.736","3205",40.7165397809919,-74.0496379137039,"3186",40.7195861164717,-74.0431174635887,"Subscriber",1992,"Male"
"29506","2018-12-19 08:19:52.25","2018-12-19 08:24:19.3","3269",40.7260117296463,-74.0503889322281,"3186",40.7195861164717,-74.0431174635887,"Subscriber",1979,"Male"
"29506","2018-12-19 09:52:44.78","2018-12-19 09:58:43.025","3269",40.7260117296463,-74.0503889322281,"3186",40.7195861164717,-74.0431174635887,"Subscriber",1987,"Male"
"29506","2018-12-19 16:58:28.692","2018-12-19 17:03:25.628","3186",40.7195861164717,-74.0431174635887,"3269",40.7260117296463,-74.0503889322281,"Subscriber",1989,"Male"
"29506","2018-12-19 17:19:39.208","2018-12-19 17:24:07.564","3269",40.7260117296463,-74.0503889322281,"3203",40.727595966,-74.044247311,"Subscriber",1975,"Female"
"29506","2018-12-19 17:52:30.804","2018-12-19 18:00:32.16","3203",40.727595966,-74.044247311,"3202",40.7272235,-74.0337589,"Subscriber",1973,"Female"
"29506","2018-12-19 18:02:04.781","2018-12-19 18:08:25.504","3202",40.7272235,-74.0337589,"3681",40.7151776773203,-74.0376833081245,"Subscriber",1971,"Male"
"29506","2018-12-19 19:32:05.563","2018-12-19 19:39:24.168","3681",40.7151776773203,-74.0376833081245,"3639",40.7192517,-74.034234,"Subscriber",1991,"Female"
"29506","2018-12-22 15:27:15.883","2018-12-22 15:34:07.283","3183",40.7162469,-74.0334588,"3267",40.7124188237569,-74.0385255217552,"Subscriber",1977,"Male"
"29506","2018-12-23 11:21:12.844","2018-12-23 13:26:04.567","3267",40.7124188237569,-74.0385255217552,"3276",40.7145840353589,-74.042817056179,"Subscriber",1975,"Female"
"29506","2018-12-24 12:00:28.814","2018-12-24 12:03:13.948","3276",40.7145840353589,-74.042817056179,"3185",40.7177325,-74.043845,"Subscriber",1973,"Male"
"29506","2018-12-26 09:24:38.73","2018-12-26 09:30:23.072","3185",40.7177325,-74.043845,"3203",40.727595966,-74.044247311,"Subscriber",1973,"Female"
"29506","2018-12-26 10:48:09.315","2018-12-26 10:51:56.301","3203",40.727595966,-74.044247311,"3186",40.7195861164717,-74.0431174635887,"Subscriber",1986,"Male"
"29506","2018-12-26 22:38:35.752","2018-12-26 22:47:54.847","3186",40.7195861164717,-74.0431174635887,"3268",40.7134638266919,-74.0628585219383,"Subscriber",1978,"Male"
"29522","2018-04-23 16:14:57.71","2018-04-23 16:19:51.18","3186",40.7195861164717,-74.0431174635887,"3278",40.725685483629,-74.0487903356552,"Subscriber",1977,"Male"
"29522","2018-04-27 21:02:13.677","2018-04-27 21:06:00.694","3195",40.7307426253066,-74.0637838840485,"3225",40.7236589,-74.0641943,"Subscriber",1986,"Male"
"29522","2018-04-28 09:32:52.009","2018-04-28 09:35:48.456","3225",40.7236589,-74.0641943,"3678",40.7257261374256,-74.0719592571259,"Subscriber",1992,"Male"
"29522","2018-04-28 14:11:43.698","2018-04-28 14:22:56.165","3678",40.7257261374256,-74.0719592571259,"3186",40.7195861164717,-74.0431174635887,"Subscriber",1992,"Male"
"29522","2018-04-30 08:03:59.321","2018-04-30 08:17:28.493","3212",40.734785818,-74.050443636,"3214",40.7127742,-74.0364857,"Subscriber",1992,"Female"
"29522","2018-04-30 09:15:32.432","2018-04-30 09:19:41.823","3214",40.7127742,-74.0364857,"3183",40.7162469,-74.0334588,"Subscriber",1984,"Male"
"29522","2018-04-30 18:44:29.387","2018-04-30 18:47:56.534","3183",40.7162469,-74.0334588,"3214",40.7127742,-74.0364857,"Subscriber",1974,"Male"
"29522","2018-04-30 21:45:24.299","2018-04-30 22:28:40.969","3214",40.7127742,-74.0364857,"3272",40.7233315864644,-74.0459525585174,"Subscriber",1975,"Male"
"29522","2018-05-01 08:33:19.651","2018-05-01 08:35:55.412","3272",40.7233315864644,-74.0459525585174,"3273",40.72165072488,-74.0428841114044,"Subscriber",1981,"Female"
"29522","2018-05-01 15:57:14.346","2018-05-01 16:00:05.105","3273",40.72165072488,-74.0428841114044,"3270",40.7252891078113,-74.0455716848373,"Subscriber",1977,"Male"
"29522","2018-05-01 16:11:00.706","2018-05-01 16:14:35.876","3270",40.7252891078113,-74.0455716848373,"3186",40.7195861164717,-74.0431174635887,"Subscriber",1973,"Male"
"29522","2018-05-01 16:48:55.821","2018-05-01 16:53:13.804","3186",40.7195861164717,-74.0431174635887,"3203",40.727595966,-74.044247311,"Subscriber",1983,"Male"
"29522","2018-05-01 17:32:09.197","2018-05-01 17:38:13.158","3203",40.727595966,-74.044247311,"3186",40.7195861164717,-74.0431174635887,"Subscriber",1964,"Male"
"29522","2018-05-01 17:45:16.548","2018-05-01 17:48:41.28","3186",40.7195861164717,-74.0431174635887,"3483",40.71942,-74.05099,"Subscriber",1963,"Male"
"29522","2018-05-03 07:21:52.628","2018-05-03 07:24:56.506","3483",40.71942,-74.05099,"3186",40.7195861164717,-74.0431174635887,"Subscriber",1963,"Male"
"29522","2018-05-03 08:51:05.323","2018-05-03 08:55:21.991","3267",40.7124188237569,-74.0385255217552,"3183",40.7162469,-74.0334588,"Subscriber",1963,"Male"
"29522","2018-05-03 10:21:15.022","2018-05-03 10:24:42.229","3267",40.7124188237569,-74.0385255217552,"3183",40.7162469,-74.0334588,"Subscriber",1991,"Male"
"29522","2018-05-03 14:55:41.127","2018-05-03 15:09:15.905","3183",40.7162469,-74.0334588,"3203",40.727595966,-74.044247311,"Subscriber",1956,"Male"
"29522","2018-05-03 17:53:47.259","2018-05-03 17:58:47.934","3186",40.7195861164717,-74.0431174635887,"3269",40.7260117296463,-74.0503889322281,"Subscriber",1983,"Male"
"29522","2018-05-04 08:04:34.295","2018-05-04 08:09:15.393","3269",40.7260117296463,-74.0503889322281,"3186",40.7195861164717,-74.0431174635887,"Subscriber",1991,"Male"
"29522","2018-05-04 09:50:46.115","2018-05-04 09:54:28.061","3203",40.727595966,-74.044247311,"3186",40.7195861164717,-74.0431174635887,"Subscriber",1983,"Male"
"29522","2018-05-04 17:35:02.685","2018-05-04 17:38:32.12","3186",40.7195861164717,-74.0431174635887,"3270",40.7252891078113,-74.0455716848373,"Subscriber",1956,"Male"
"29522","2018-05-05 11:19:42.819","2018-05-05 11:50:36.327","3270",40.7252891078113,-74.0455716848373,"3199",40.7287448,-74.0321082,"Customer",1969,"Unknown"
"29522","2018-05-06 01:09:42.628","2018-05-06 01:24:05.842","3199",40.7287448,-74.0321082,"3199",40.7287448,-74.0321082,"Customer",1969,"Unknown"
"29522","2018-05-06 01:26:19.586","2018-05-06 01:39:29.342","3199",40.7287448,-74.0321082,"3199",40.7287448,-74.0321082,"Customer",1969,"Unknown"
"29522","2018-05-06 10:12:31.076","2018-05-06 10:21:24.88","3199",40.7287448,-74.0321082,"3187",40.7211236,-74.03805095,"Subscriber",1979,"Male"
"29522","2018-05-06 11:19:14.577","2018-05-06 11:21:00.569","3187",40.7211236,-74.03805095,"3275",40.7183551982321,-74.0389144420624,"Subscriber",1987,"Male"
"29522","2018-05-06 19:24:31.738","2018-05-06 19:27:02.892","3275",40.7183551982321,-74.0389144420624,"3681",40.7151776773203,-74.0376833081245,"Subscriber",1990,"Male"
"29522","2018-05-07 20:35:20.897","2018-05-07 21:36:10.632","3681",40.7151776773203,-74.0376833081245,"3184",40.7141454,-74.0335519,"Customer",1969,"Unknown"
"29522","2018-05-07 22:29:46.803","2018-05-07 22:31:16.745","3184",40.7141454,-74.0335519,"3214",40.7127742,-74.0364857,"Subscriber",1986,"Male"
"29522","2018-05-08 15:06:59.834","2018-05-08 15:46:56.937","3214",40.7127742,-74.0364857,"3214",40.7127742,-74.0364857,"Subscriber",1983,"Male"
"29522","2018-05-10 08:49:58.099","2018-05-10 08:52:55.847","3214",40.7127742,-74.0364857,"3183",40.7162469,-74.0334588,"Subscriber",1977,"Male"
"29522","2018-05-10 12:48:07.87","2018-05-10 12:54:18.402","3225",40.7236589,-74.0641943,"3280",40.719282200707,-74.071261882782,"Subscriber",1987,"Female"
"29522","2018-05-12 09:18:13.866","2018-05-12 09:25:01.125","3280",40.719282200707,-74.071261882782,"3195",40.7307426253066,-74.0637838840485,"Subscriber",1987,"Male"
"29522","2018-05-12 18:47:55.255","2018-05-12 18:56:26.391","3195",40.7307426253066,-74.0637838840485,"3678",40.7257261374256,-74.0719592571259,"Customer",1969,"Unknown"
"29522","2018-05-14 08:45:17.238","2018-05-14 08:53:57.141","3678",40.7257261374256,-74.0719592571259,"3195",40.7307426253066,-74.0637838840485,"Subscriber",1989,"Male"
"29522","2018-05-14 18:35:13.829","2018-05-14 18:39:28.046","3195",40.7307426253066,-74.0637838840485,"3194",40.7253399253558,-74.0676221251488,"Subscriber",1972,"Male"
"29522","2018-05-15 11:11:34.704","2018-05-15 11:28:55.426","3194",40.7253399253558,-74.0676221251488,"3194",40.7253399253558,-74.0676221251488,"Customer",1969,"Unknown"
"29522","2018-05-16 10:13:38.828","2018-05-16 10:16:40.438","3194",40.7253399253558,-74.0676221251488,"3195",40.7307426253066,-74.0637838840485,"Subscriber",1990,"Male"
"29522","2018-05-17 08:06:41.529","2018-05-17 08:13:38.627","3269",40.7260117296463,-74.0503889322281,"3186",40.7195861164717,-74.0431174635887,"Subscriber",1992,"Female"
"29522","2018-05-17 17:59:51.715","2018-05-17 18:03:44.042","3186",40.7195861164717,-74.0431174635887,"3213",40.71848892,-74.047726625,"Subscriber",1959,"Female"
"29522","2018-05-18 05:56:57.329","2018-05-18 05:59:28.76","3213",40.71848892,-74.047726625,"3186",40.7195861164717,-74.0431174635887,"Subscriber",1975,"Female"
"29522","2018-05-18 21:47:56.052","2018-05-18 22:04:39.947","3273",40.72165072488,-74.0428841114044,"3199",40.7287448,-74.0321082,"Subscriber",1986,"Female"
"29522","2018-05-18 23:15:54.056","2018-05-18 23:29:22.04","3199",40.7287448,-74.0321082,"3481",40.71649,-74.04105,"Subscriber",1986,"Female"
"29522","2018-05-20 18:28:52.043","2018-05-20 18:34:54.52","3481",40.71649,-74.04105,"3186",40.7195861164717,-74.0431174635887,"Subscriber",1992,"Male"
"29522","2018-05-20 19:05:49.469","2018-05-20 19:15:12.621","3186",40.7195861164717,-74.0431174635887,"3203",40.727595966,-74.044247311,"Subscriber",1954,"Female"
"29522","2018-05-21 08:13:34.156","2018-05-21 08:19:55.861","3203",40.727595966,-74.044247311,"3202",40.7272235,-74.0337589,"Subscriber",1979,"Male"
"29522","2018-05-22 02:59:48.172","2018-05-22 03:07:00.329","3638",40.7242941,-74.0354826,"3214",40.7127742,-74.0364857,"Subscriber",1987,"Male"
"29522","2018-05-22 09:38:18.932","2018-05-22 10:16:33.502","3214",40.7127742,-74.0364857,"3187",40.7211236,-74.03805095,"Subscriber",1974,"Male"
"29522","2018-05-22 10:36:22.312","2018-05-22 10:40:34.883","3187",40.7211236,-74.03805095,"3202",40.7272235,-74.0337589,"Subscriber",1987,"Male"
"29522","2018-05-22 15:52:04.31","2018-05-22 15:55:13.741","3202",40.7272235,-74.0337589,"3199",40.7287448,-74.0321082,"Subscriber",1988,"Male"
"29522","2018-05-23 08:50:17.518","2018-05-23 08:53:52.404","3199",40.7287448,-74.0321082,"3638",40.7242941,-74.0354826,"Subscriber",1993,"Male"
"29522","2018-05-23 14:56:46.411","2018-05-23 14:58:42.756","3638",40.7242941,-74.0354826,"3202",40.7272235,-74.0337589,"Subscriber",1993,"Male"
"29522","2018-05-23 17:32:01.486","2018-05-23 18:16:12.539","3202",40.7272235,-74.0337589,"3192",40.7112423,-74.0557013,"Customer",1991,"Male"
"29522","2018-05-24 09:05:14.193","2018-05-24 09:15:01.492","3192",40.7112423,-74.0557013,"3185",40.7177325,-74.043845,"Subscriber",1950,"Male"
"29522","2018-05-24 09:15:17.193","2018-05-24 09:23:09.607","3185",40.7177325,-74.043845,"3202",40.7272235,-74.0337589,"Subscriber",1975,"Female"
"29522","2018-05-24 15:04:48.923","2018-05-24 15:22:26.306","3677",40.7275514673001,-74.0710607171059,"3209",40.7241765,-74.0506564,"Customer",1970,"Female"
"29522","2018-05-24 18:53:20.988","2018-05-24 18:56:50.535","3183",40.7162469,-74.0334588,"3481",40.71649,-74.04105,"Subscriber",1992,"Male"
"29522","2018-05-24 20:35:11.157","2018-05-24 20:42:21.445","3195",40.7307426253066,-74.0637838840485,"3207",40.7376037,-74.0524783,"Subscriber",1977,"Male"
"29522","2018-05-25 08:32:54.125","2018-05-25 08:38:31.902","3207",40.7376037,-74.0524783,"3195",40.7307426253066,-74.0637838840485,"Subscriber",1989,"Male"
"29522","2018-05-25 14:42:01.285","2018-05-25 14:46:20.09","3195",40.7307426253066,-74.0637838840485,"3220",40.7349610200095,-74.0595030784607,"Subscriber",1961,"Male"
"29522","2018-05-29 08:01:42.963","2018-05-29 08:18:12.902","3220",40.7349610200095,-74.0595030784607,"3183",40.7162469,-74.0334588,"Subscriber",1983,"Male"
"29522","2018-05-30 10:32:55.996","2018-05-30 10:42:20.015","3225",40.7236589,-74.0641943,"3206",40.7311689,-74.0575736,"Subscriber",1972,"Male"
"29522","2018-05-30 11:14:38.589","2018-05-30 11:26:49.641","3206",40.7311689,-74.0575736,"3183",40.7162469,-74.0334588,"Subscriber",1990,"Male"
"29522","2018-05-30 17:21:29.218","2018-05-30 17:26:22.726","3183",40.7162469,-74.0334588,"3187",40.7211236,-74.03805095,"Subscriber",1987,"Male"
"29522","2018-05-31 06:55:37.368","2018-05-31 06:58:34.449","3187",40.7211236,-74.03805095,"3638",40.7242941,-74.0354826,"Subscriber",1988,"Male"
"29522","2018-05-31 12:10:45.529","2018-05-31 12:15:59.585","3638",40.7242941,-74.0354826,"3186",40.7195861164717,-74.0431174635887,"Subscriber",1969,"Unknown"
"29522","2018-05-31 14:35:47.871","2018-05-31 14:40:23.013","3186",40.7195861164717,-74.0431174635887,"3279",40.7216301426384,-74.0499678254128,"Subscriber",1982,"Male"
"29522","2018-05-31 15:52:57.982","2018-05-31 15:56:33.722","3279",40.7216301426384,-74.0499678254128,"3269",40.7260117296463,-74.0503889322281,"Subscriber",1959,"Female"
"29522","2018-05-31 16:49:54.589","2018-05-31 16:54:35.894","3269",40.7260117296463,-74.0503889322281,"3279",40.7216301426384,-74.0499678254128,"Subscriber",1959,"Female"
"29522","2018-06-01 09:39:39.069","2018-06-01 09:42:46.082","3279",40.7216301426384,-74.0499678254128,"3186",40.7195861164717,-74.0431174635887,"Subscriber",1989,"Female"
"29522","2018-06-01 15:18:01.456","2018-06-01 15:22:43.468","3186",40.7195861164717,-74.0431174635887,"3203",40.727595966,-74.044247311,"Subscriber",1956,"Female"
"29522","2018-06-01 17:40:50.895","2018-06-01 17:48:23.423","3203",40.727595966,-74.044247311,"3186",40.7195861164717,-74.0431174635887,"Subscriber",1990,"Male"
"29522","2018-06-01 17:50:05.243","2018-06-01 17:56:49.778","3186",40.7195861164717,-74.0431174635887,"3481",40.71649,-74.04105,"Subscriber",1988,"Unknown"
"29522","2018-06-01 19:25:29.22","2018-06-01 19:28:22.498","3481",40.71649,-74.04105,"3213",40.71848892,-74.047726625,"Subscriber",1981,"Male"
"29522","2018-06-02 11:59:23.619","2018-06-02 12:05:35.769","3213",40.71848892,-74.047726625,"3269",40.7260117296463,-74.0503889322281,"Subscriber",1984,"Female"
"29522","2018-06-04 06:04:00.641","2018-06-04 06:09:14.58","3269",40.7260117296463,-74.0503889322281,"3186",40.7195861164717,-74.0431174635887,"Subscriber",1993,"Male"
"29522","2018-06-04 08:49:52.994","2018-06-04 08:55:12.785","3194",40.7253399253558,-74.0676221251488,"3195",40.7307426253066,-74.0637838840485,"Subscriber",1982,"Female"
"29522","2018-06-04 18:44:29.86","2018-06-04 18:49:54.472","3195",40.7307426253066,-74.0637838840485,"3194",40.7253399253558,-74.0676221251488,"Subscriber",1980,"Male"
"29522","2018-06-04 19:47:55.745","2018-06-04 19:51:16.032","3194",40.7253399253558,-74.0676221251488,"3280",40.719282200707,-74.071261882782,"Subscriber",1986,"Male"
"29522","2018-06-11 18:56:34.094","2018-06-11 19:02:36.873","3195",40.7307426253066,-74.0637838840485,"3280",40.719282200707,-74.071261882782,"Subscriber",1986,"Male"
"29522","2018-06-12 11:07:47.32","2018-06-12 11:19:11.597","3280",40.719282200707,-74.071261882782,"3640",40.73367,-74.0625,"Customer",1973,"Female"
"29522","2018-06-12 19:35:17.306","2018-06-12 19:43:24.544","3640",40.73367,-74.0625,"3210",40.742677141,-74.051788633,"Subscriber",1988,"Male"
"29522","2018-06-13 07:35:27.421","2018-06-13 07:45:52.828","3210",40.742677141,-74.051788633,"3211",40.72152515,-74.046304543,"Subscriber",1988,"Male"
"29522","2018-06-13 08:42:58.698","2018-06-13 08:44:51.235","3211",40.72152515,-74.046304543,"3186",40.7195861164717,-74.0431174635887,"Subscriber",1984,"Male"
"29522","2018-06-13 16:52:17.42","2018-06-13 17:01:41.88","3186",40.7195861164717,-74.0431174635887,"3192",40.7112423,-74.0557013,"Customer",1960,"Male"
"29522","2018-06-14 08:15:51.57","2018-06-14 08:28:36.471","3192",40.7112423,-74.0557013,"3183",40.7162469,-74.0334588,"Subscriber",1967,"Male"
"29522","2018-06-14 18:41:25.879","2018-06-14 18:47:17.821","3183",40.7162469,-74.0334588,"3213",40.71848892,-74.047726625,"Subscriber",1987,"Male"
"29522","2018-06-14 19:48:32.874","2018-06-14 19:56:44.451","3213",40.71848892,-74.047726625,"3187",40.7211236,-74.03805095,"Subscriber",1987,"Male"
"29522","2018-06-15 07:04:31.319","2018-06-15 07:07:56.952","3187",40.7211236,-74.03805095,"3183",40.7162469,-74.0334588,"Subscriber",1988,"Male"
"29522","2018-06-15 12:25:15.375","2018-06-15 12:37:31.928","3183",40.7162469,-74.0334588,"3278",40.725685483629,-74.0487903356552,"Subscriber",1969,"Unknown"
"29522","2018-06-15 14:56:41.406","2018-06-15 15:00:41.729","3278",40.725685483629,-74.0487903356552,"3273",40.72165072488,-74.0428841114044,"Subscriber",1952,"Male"
"29522","2018-06-16 11:22:53.584","2018-06-16 11:25:17.86","3273",40.72165072488,-74.0428841114044,"3185",40.7177325,-74.043845,"Subscriber",1973,"Male"
"29522","2018-06-16 12:12:03.08","2018-06-16 12:17:12.074","3185",40.7177325,-74.043845,"3681",40.7151776773203,-74.0376833081245,"Subscriber",1953,"Female"
"29522","2018-06-17 10:03:21.838","2018-06-17 10:18:32.463","3681",40.7151776773203,-74.0376833081245,"3206",40.7311689,-74.0575736,"Subscriber",1977,"Female"
"29522","2018-06-17 10:22:38.649","2018-06-17 10:33:12.529","3206",40.7311689,-74.0575736,"3183",40.7162469,-74.0334588,"Customer",1969,"Unknown"
"29522","2018-06-17 15:25:05.212","2018-06-17 16:43:27.17","3183",40.7162469,-74.0334588,"3183",40.7162469,-74.0334588,"Subscriber",1970,"Male"
"29522","2018-06-17 17:52:35.415","2018-06-17 18:52:17.106","3183",40.7162469,-74.0334588,"3639",40.7192517,-74.034234,"Customer",1983,"Unknown"
"29522","2018-06-18 20:02:35.174","2018-06-18 20:09:27.036","3639",40.7192517,-74.034234,"3203",40.727595966,-74.044247311,"Subscriber",1985,"Male"
"29522","2018-06-19 07:36:12.386","2018-06-19 07:46:35.562","3203",40.727595966,-74.044247311,"3183",40.7162469,-74.0334588,"Subscriber",1979,"Male"
"29522","2018-06-19 09:49:57.922","2018-06-19 09:57:55.219","3269",40.7260117296463,-74.0503889322281,"3202",40.7272235,-74.0337589,"Subscriber",1993,"Female"
"29522","2018-06-19 11:10:08.705","2018-06-19 11:19:45.992","3202",40.7272235,-74.0337589,"3183",40.7162469,-74.0334588,"Subscriber",1988,"Male"
"29522","2018-06-19 16:34:38.15","2018-06-19 16:42:28.853","3183",40.7162469,-74.0334588,"3203",40.727595966,-74.044247311,"Subscriber",1956,"Male"
"29522","2018-06-20 08:48:11.164","2018-06-20 08:54:34.11","3203",40.727595966,-74.044247311,"3202",40.7272235,-74.0337589,"Subscriber",1968,"Male"
"29522","2018-06-20 10:03:54.901","2018-06-20 10:12:02.045","3202",40.7272235,-74.0337589,"3184",40.7141454,-74.0335519,"Subscriber",1991,"Male"
"29522","2018-06-20 11:05:13.68","2018-06-20 11:14:00.797","3184",40.7141454,-74.0335519,"3184",40.7141454,-74.0335519,"Subscriber",1980,"Male"
"29522","2018-06-20 16:48:51.578","2018-06-20 16:52:13.423","3184",40.7141454,-74.0335519,"3267",40.7124188237569,-74.0385255217552,"Subscriber",1974,"Male"
"29522","2018-06-20 19:47:04.506","2018-06-20 19:53:51.633","3184",40.7141454,-74.0335519,"3185",40.7177325,-74.043845,"Subscriber",1983,"Male"
"29522","2018-06-20 20:13:28.44","2018-06-20 20:18:22.422","3185",40.7177325,-74.043845,"3203",40.727595966,-74.044247311,"Subscriber",1987,"Male"
"29522","2018-06-20 21:11:42.978","2018-06-20 21:17:05.319","3203",40.727595966,-74.044247311,"3185",40.7177325,-74.043845,"Subscriber",1987,"Male"
"29522","2018-06-20 22:18:53.18","2018-06-20 22:21:06.403","3185",40.7177325,-74.043845,"3276",40.7145840353589,-74.042817056179,"Subscriber",1991,"Male"
"29522","2018-06-21 08:28:28.711","2018-06-21 08:32:29.252","3276",40.7145840353589,-74.042817056179,"3183",40.7162469,-74.0334588,"Subscriber",1993,"Male"
"29522","2018-06-21 17:19:37.011","2018-06-21 17:24:40.563","3183",40.7162469,-74.0334588,"3187",40.7211236,-74.03805095,"Subscriber",1971,"Male"
"29522","2018-06-21 18:49:33.739","2018-06-21 19:06:49.666","3187",40.7211236,-74.03805095,"3195",40.7307426253066,-74.0637838840485,"Subscriber",1986,"Male"
"29522","2018-06-21 19:41:15.458","2018-06-21 19:48:07.642","3195",40.7307426253066,-74.0637838840485,"3207",40.7376037,-74.0524783,"Subscriber",1976,"Female"
"29522","2018-06-23 11:10:02.519","2018-06-23 11:25:34.409","3196",40.7443187,-74.0439909,"3199",40.7287448,-74.0321082,"Subscriber",1987,"Male"
"29522","2018-06-23 12:24:23.025","2018-06-23 12:43:14.453","3199",40.7287448,-74.0321082,"3183",40.7162469,-74.0334588,"Customer",1969,"Unknown"
"29522","2018-06-23 20:23:56.143","2018-06-23 20:28:58.918","3183",40.7162469,-74.0334588,"3639",40.7192517,-74.034234,"Subscriber",1983,"Male"
"29522","2018-06-23 23:07:29.574","2018-06-23 23:11:10.481","3639",40.7192517,-74.034234,"3202",40.7272235,-74.0337589,"Subscriber",1988,"Male"
"29522","2018-06-24 11:12:06.567","2018-06-24 11:13:11.424","3202",40.7272235,-74.0337589,"3202",40.7272235,-74.0337589,"Customer",1969,"Unknown"
"29522","2018-06-24 13:09:51.466","2018-06-24 13:13:21.64","3202",40.7272235,-74.0337589,"3202",40.7272235,-74.0337589,"Customer",1969,"Unknown"
"29522","2018-06-24 16:51:29.924","2018-06-24 16:57:50.123","3202",40.7272235,-74.0337589,"3187",40.7211236,-74.03805095,"Subscriber",1988,"Male"
"29522","2018-06-24 17:53:58.045","2018-06-24 17:58:29.701","3187",40.7211236,-74.03805095,"3267",40.7124188237569,-74.0385255217552,"Subscriber",1987,"Male"
"29522","2018-06-25 06:18:47.586","2018-06-25 06:22:07.035","3267",40.7124188237569,-74.0385255217552,"3183",40.7162469,-74.0334588,"Subscriber",1994,"Female"
"29522","2018-06-25 19:21:21.378","2018-06-25 19:25:35.119","3681",40.7151776773203,-74.0376833081245,"3185",40.7177325,-74.043845,"Subscriber",1988,"Male"
"29522","2018-06-25 20:08:00.777","2018-06-25 20:30:59.629","3185",40.7177325,-74.043845,"3679",40.722103786686,-74.0714550018311,"Subscriber",1956,"Male"
"29522","2018-06-26 06:58:53.422","2018-06-26 07:06:08.964","3679",40.722103786686,-74.0714550018311,"3191",40.7182113,-74.0836394,"Subscriber",1990,"Male"
"29522","2018-06-27 11:02:06.452","2018-06-27 11:06:28.601","3191",40.7182113,-74.0836394,"3193",40.7246050998869,-74.0784059464931,"Subscriber",1996,"Male"
"29522","2018-06-27 18:02:39.584","2018-06-27 18:06:31.716","3195",40.7307426253066,-74.0637838840485,"3194",40.7253399253558,-74.0676221251488,"Subscriber",1970,"Male"
"29522","2018-06-28 06:14:05.972","2018-06-28 06:16:49.757","3194",40.7253399253558,-74.0676221251488,"3195",40.7307426253066,-74.0637838840485,"Subscriber",1990,"Male"
"29522","2018-06-28 18:01:24.201","2018-06-28 18:07:19.763","3195",40.7307426253066,-74.0637838840485,"3678",40.7257261374256,-74.0719592571259,"Subscriber",1982,"Male"
"29522","2018-06-29 06:11:15.732","2018-06-29 06:21:30.557","3678",40.7257261374256,-74.0719592571259,"3186",40.7195861164717,-74.0431174635887,"Subscriber",1970,"Male"
"29522","2018-06-29 07:37:47.964","2018-06-29 07:45:57.35","3186",40.7195861164717,-74.0431174635887,"3199",40.7287448,-74.0321082,"Subscriber",1969,"Male"
"29522","2018-06-29 08:52:52.747","2018-06-29 09:04:10.692","3199",40.7287448,-74.0321082,"3185",40.7177325,-74.043845,"Subscriber",1980,"Female"
"29522","2018-06-29 09:48:44.709","2018-06-29 09:54:34.044","3185",40.7177325,-74.043845,"3203",40.727595966,-74.044247311,"Subscriber",1994,"Male"
"29522","2018-06-29 10:08:06.387","2018-06-29 10:13:54.399","3203",40.727595966,-74.044247311,"3186",40.7195861164717,-74.0431174635887,"Subscriber",1971,"Male"
"29522","2018-06-29 12:54:01.526","2018-06-29 12:58:25.096","3213",40.71848892,-74.047726625,"3184",40.7141454,-74.0335519,"Subscriber",1995,"Male"
"29522","2018-06-29 14:30:53.558","2018-06-29 14:35:23.354","3184",40.7141454,-74.0335519,"3276",40.7145840353589,-74.042817056179,"Subscriber",1989,"Male"
"29522","2018-06-29 15:29:29.317","2018-06-29 15:32:29.692","3276",40.7145840353589,-74.042817056179,"3186",40.7195861164717,-74.0431174635887,"Subscriber",1979,"Female"
"29522","2018-06-29 15:40:34.317","2018-06-29 15:46:06.818","3186",40.7195861164717,-74.0431174635887,"3276",40.7145840353589,-74.042817056179,"Subscriber",1983,"Male"
"29522","2018-06-30 08:51:19.11","2018-06-30 08:54:48.758","3276",40.7145840353589,-74.042817056179,"3187",40.7211236,-74.03805095,"Subscriber",1988,"Male"
"29522","2018-06-30 09:31:52.66","2018-06-30 09:35:42.194","3187",40.7211236,-74.03805095,"3186",40.7195861164717,-74.0431174635887,"Subscriber",1972,"Male"
"29522","2018-06-30 11:35:46.882","2018-06-30 11:37:36.758","3186",40.7195861164717,-74.0431174635887,"3186",40.7195861164717,-74.0431174635887,"Subscriber",1975,"Male"
"29522","2018-06-30 12:47:41.501","2018-06-30 12:56:36.89","3186",40.7195861164717,-74.0431174635887,"3268",40.7134638266919,-74.0628585219383,"Customer",1992,"Male"
"29522","2018-06-30 13:26:10.468","2018-06-30 13:32:22.141","3268",40.7134638266919,-74.0628585219383,"3185",40.7177325,-74.043845,"Subscriber",1992,"Male"
"29522","2018-06-30 15:21:57.954","2018-06-30 15:25:34.536","3185",40.7177325,-74.043845,"3183",40.7162469,-74.0334588,"Subscriber",1985,"Male"
"29522","2018-06-30 20:41:58.364","2018-06-30 20:48:39.701","3183",40.7162469,-74.0334588,"3276",40.7145840353589,-74.042817056179,"Subscriber",1978,"Male"
"29522","2018-06-30 22:26:09.959","2018-06-30 23:01:19.478","3276",40.7145840353589,-74.042817056179,"3183",40.7162469,-74.0334588,"Customer",1990,"Male"
"29522","2018-07-01 04:07:58.165","2018-07-01 04:12:19.245","3183",40.7162469,-74.0334588,"3639",40.7192517,-74.034234,"Subscriber",1983,"Male"
"29522","2018-07-01 11:03:47.887","2018-07-01 11:12:50.834","3639",40.7192517,-74.034234,"3639",40.7192517,-74.034234,"Subscriber",1990,"Male"
"29522","2018-07-01 16:44:39.123","2018-07-01 16:51:00.097","3639",40.7192517,-74.034234,"3202",40.7272235,-74.0337589,"Subscriber",1991,"Female"
"29522","2018-07-02 16:47:31.305","2018-07-02 17:01:48.281","3203",40.727595966,-74.044247311,"3639",40.7192517,-74.034234,"Subscriber",1988,"Male"
"29522","2018-07-02 18:25:06.807","2018-07-02 18:30:19.626","3639",40.7192517,-74.034234,"3273",40.72165072488,-74.0428841114044,"Subscriber",1971,"Male"
"29522","2018-07-02 18:36:30.822","2018-07-02 18:40:02.716","3273",40.72165072488,-74.0428841114044,"3278",40.725685483629,-74.0487903356552,"Subscriber",1981,"Female"
"29522","2018-07-03 08:24:00.331","2018-07-03 08:28:38.379","3278",40.725685483629,-74.0487903356552,"3186",40.7195861164717,-74.0431174635887,"Subscriber",1992,"Male"
"29522","2018-07-03 08:39:21.611","2018-07-03 08:57:18.996","3186",40.7195861164717,-74.0431174635887,"3426",40.7096508336406,-74.0686011314392,"Subscriber",1991,"Male"
"29522","2018-07-04 10:01:33.687","2018-07-04 10:12:13.71","3213",40.71848892,-74.047726625,"3202",40.7272235,-74.0337589,"Subscriber",1986,"Male"
"29522","2018-07-04 14:05:13.213","2018-07-04 14:41:43.035","3202",40.7272235,-74.0337589,"3199",40.7287448,-74.0321082,"Subscriber",1977,"Male"
"29522","2018-07-04 14:46:40.329","2018-07-04 15:07:55.633","3199",40.7287448,-74.0321082,"3187",40.7211236,-74.03805095,"Customer",1989,"Male"
"29522","2018-07-04 17:10:41.167","2018-07-04 17:29:54.779","3187",40.7211236,-74.03805095,"3187",40.7211236,-74.03805095,"Subscriber",1986,"Male"
"29522","2018-07-05 08:54:40.551","2018-07-05 08:59:00.458","3187",40.7211236,-74.03805095,"3214",40.7127742,-74.0364857,"Subscriber",1989,"Male"
"29522","2018-07-05 18:09:45.509","2018-07-05 18:13:54.97","3214",40.7127742,-74.0364857,"3276",40.7145840353589,-74.042817056179,"Subscriber",1970,"Male"
"29522","2018-07-05 20:00:06.486","2018-07-05 20:03:29.889","3276",40.7145840353589,-74.042817056179,"3186",40.7195861164717,-74.0431174635887,"Subscriber",1989,"Male"
"29522","2018-07-05 20:06:01.54","2018-07-05 20:09:51.488","3186",40.7195861164717,-74.0431174635887,"3209",40.7241765,-74.0506564,"Subscriber",1980,"Female"
"29522","2018-07-05 20:46:20.347","2018-07-05 20:55:14.919","3209",40.7241765,-74.0506564,"3275",40.7183551982321,-74.0389144420624,"Subscriber",1989,"Male"
"29522","2018-07-06 17:10:28.481","2018-07-06 17:31:30.406","3275",40.7183551982321,-74.0389144420624,"3220",40.7349610200095,-74.0595030784607,"Subscriber",1985,"Male"
"29522","2018-07-06 22:37:31.201","2018-07-06 22:54:58.913","3220",40.7349610200095,-74.0595030784607,"3279",40.7216301426384,-74.0499678254128,"Customer",1969,"Unknown"
"29522","2018-07-06 22:59:45.168","2018-07-06 23:09:17.671","3279",40.7216301426384,-74.0499678254128,"3192",40.7112423,-74.0557013,"Customer",1969,"Unknown"
"29522","2018-07-07 01:20:18.881","2018-07-07 09:18:50.136","3192",40.7112423,-74.0557013,"3220",40.7349610200095,-74.0595030784607,"Customer",1969,"Unknown"
"29522","2018-07-07 09:23:45.661","2018-07-07 09:40:54.336","3220",40.7349610200095,-74.0595030784607,"3202",40.7272235,-74.0337589,"Customer",1969,"Unknown"
"29522","2018-07-07 10:29:50.722","2018-07-07 10:51:19.378","3202",40.7272235,-74.0337589,"3276",40.7145840353589,-74.042817056179,"Subscriber",1988,"Female"
"29522","2018-07-07 11:21:35.456","2018-07-07 11:28:51.643","3276",40.7145840353589,-74.042817056179,"3275",40.7183551982321,-74.0389144420624,"Subscriber",1987,"Female"
"29522","2018-07-07 18:25:16.903","2018-07-07 18:52:39.864","3275",40.7183551982321,-74.0389144420624,"3199",40.7287448,-74.0321082,"Subscriber",1977,"Unknown"
"29522","2018-07-07 19:00:02.416","2018-07-07 19:44:24.296","3199",40.7287448,-74.0321082,"3186",40.7195861164717,-74.0431174635887,"Subscriber",1993,"Male"
"29522","2018-07-08 00:19:56.72","2018-07-08 00:24:27.376","3186",40.7195861164717,-74.0431174635887,"3203",40.727595966,-74.044247311,"Subscriber",1991,"Male"
"29522","2018-07-08 08:49:47.727","2018-07-08 08:52:28.777","3203",40.727595966,-74.044247311,"3272",40.7233315864644,-74.0459525585174,"Subscriber",1958,"Male"
"29522","2018-07-08 10:21:55.063","2018-07-08 10:24:36.194","3272",40.7233315864644,-74.0459525585174,"3203",40.727595966,-74.044247311,"Subscriber",1958,"Male"
"29522","2018-07-08 10:48:11.647","2018-07-08 10:53:22.482","3203",40.727595966,-74.044247311,"3275",40.7183551982321,-74.0389144420624,"Subscriber",1986,"Male"
"29522","2018-07-08 11:18:04.226","2018-07-08 11:21:51.722","3275",40.7183551982321,-74.0389144420624,"3276",40.7145840353589,-74.042817056179,"Subscriber",1991,"Male"
"29522","2018-07-08 11:55:51.32","2018-07-08 13:04:31.012","3276",40.7145840353589,-74.042817056179,"3276",40.7145840353589,-74.042817056179,"Customer",1982,"Female"
"29522","2018-07-08 14:23:58.871","2018-07-08 14:31:35.778","3276",40.7145840353589,-74.042817056179,"3184",40.7141454,-74.0335519,"Subscriber",1992,"Female"
"29522","2018-07-08 19:43:37.488","2018-07-08 20:01:43.881","3184",40.7141454,-74.0335519,"3183",40.7162469,-74.0334588,"Customer",1969,"Unknown"
"29522","2018-07-08 20:06:40.55","2018-07-08 20:13:19.163","3183",40.7162469,-74.0334588,"3185",40.7177325,-74.043845,"Customer",1969,"Unknown"
"29522","2018-07-09 22:06:01.511","2018-07-09 22:07:32.829","3185",40.7177325,-74.043845,"3186",40.7195861164717,-74.0431174635887,"Subscriber",1978,"Male"
"29522","2018-07-09 22:15:03.545","2018-07-09 22:23:29.362","3186",40.7195861164717,-74.0431174635887,"3268",40.7134638266919,-74.0628585219383,"Subscriber",1985,"Male"
"29522","2018-07-10 07:19:32.426","2018-07-10 07:34:08.384","3268",40.7134638266919,-74.0628585219383,"3186",40.7195861164717,-74.0431174635887,"Subscriber",1982,"Female"
"29522","2018-07-10 11:54:14.998","2018-07-10 12:01:04.83","3272",40.7233315864644,-74.0459525585174,"3202",40.7272235,-74.0337589,"Subscriber",1981,"Male"
"29522","2018-07-10 12:26:55.877","2018-07-10 12:46:29.968","3202",40.7272235,-74.0337589,"3268",40.7134638266919,-74.0628585219383,"Subscriber",1991,"Male"
"29522","2018-07-10 19:49:53.269","2018-07-10 20:02:09.458","3195",40.7307426253066,-74.0637838840485,"3210",40.742677141,-74.051788633,"Subscriber",1995,"Female"
"29522","2018-07-11 08:40:00.168","2018-07-11 08:55:54.485","3210",40.742677141,-74.051788633,"3639",40.7192517,-74.034234,"Subscriber",1994,"Male"
"29522","2018-07-11 18:48:28.492","2018-07-11 18:53:34.008","3639",40.7192517,-74.034234,"3273",40.72165072488,-74.0428841114044,"Subscriber",1987,"Female"
"29522","2018-07-11 20:03:27.673","2018-07-11 20:10:13.577","3273",40.72165072488,-74.0428841114044,"3483",40.71942,-74.05099,"Subscriber",1986,"Female"
"29522","2018-07-13 13:01:09.188","2018-07-13 13:05:25.827","3483",40.71942,-74.05099,"3186",40.7195861164717,-74.0431174635887,"Subscriber",1971,"Female"
"29522","2018-07-13 16:37:59.837","2018-07-13 16:43:15.133","3186",40.7195861164717,-74.0431174635887,"3269",40.7260117296463,-74.0503889322281,"Subscriber",1992,"Male"
"29522","2018-07-13 16:48:35.059","2018-07-13 16:56:43.554","3269",40.7260117296463,-74.0503889322281,"3202",40.7272235,-74.0337589,"Subscriber",1990,"Male"
"29522","2018-07-13 17:25:16.471","2018-07-13 17:32:56.807","3202",40.7272235,-74.0337589,"3203",40.727595966,-74.044247311,"Subscriber",1959,"Male"
"29522","2018-07-13 19:25:01.327","2018-07-13 19:32:09.806","3203",40.727595966,-74.044247311,"3202",40.7272235,-74.0337589,"Subscriber",1977,"Male"
"29522","2018-07-13 23:40:29.554","2018-07-13 23:45:03.97","3202",40.7272235,-74.0337589,"3187",40.7211236,-74.03805095,"Subscriber",1958,"Male"
"29522","2018-07-16 08:06:40.803","2018-07-16 08:11:06.769","3225",40.7236589,-74.0641943,"3195",40.7307426253066,-74.0637838840485,"Subscriber",1991,"Male"
"29522","2018-07-16 19:22:53.269","2018-07-16 19:32:01.625","3195",40.7307426253066,-74.0637838840485,"3212",40.734785818,-74.050443636,"Subscriber",1961,"Male"
"29522","2018-07-17 08:17:12.261","2018-07-17 08:23:55.689","3212",40.734785818,-74.050443636,"3195",40.7307426253066,-74.0637838840485,"Subscriber",1981,"Male"
"29522","2018-07-17 16:13:56.522","2018-07-17 16:18:38.076","3195",40.7307426253066,-74.0637838840485,"3225",40.7236589,-74.0641943,"Subscriber",1972,"Male"
"29522","2018-07-18 05:28:42.994","2018-07-18 05:37:40.696","3225",40.7236589,-74.0641943,"3183",40.7162469,-74.0334588,"Subscriber",1995,"Male"
"29522","2018-07-19 09:10:20.672","2018-07-19 09:17:18.78","3192",40.7112423,-74.0557013,"3483",40.71942,-74.05099,"Subscriber",1990,"Male"
"29522","2018-07-19 12:17:27.063","2018-07-19 12:28:08.904","3483",40.71942,-74.05099,"3192",40.7112423,-74.0557013,"Subscriber",1990,"Male"
"29522","2018-07-19 14:56:17.584","2018-07-19 15:52:48.71","3192",40.7112423,-74.0557013,"3195",40.7307426253066,-74.0637838840485,"Subscriber",1965,"Female"
"29522","2018-07-19 18:57:17.277","2018-07-19 19:14:18.141","3195",40.7307426253066,-74.0637838840485,"3198",40.7487159453802,-74.0404433012009,"Subscriber",1978,"Male"
"29522","2018-07-20 20:33:16.767","2018-07-20 20:39:10.674","3195",40.7307426253066,-74.0637838840485,"3207",40.7376037,-74.0524783,"Subscriber",1981,"Male"
"29522","2018-07-21 13:43:56.291","2018-07-21 13:59:15.847","3207",40.7376037,-74.0524783,"3214",40.7127742,-74.0364857,"Subscriber",1992,"Female"
"29522","2018-07-22 15:57:08.348","2018-07-22 16:10:40.976","3214",40.7127742,-74.0364857,"3273",40.72165072488,-74.0428841114044,"Customer",1988,"Female"
"29522","2018-07-23 08:10:41.618","2018-07-23 08:17:39.269","3273",40.72165072488,-74.0428841114044,"3639",40.7192517,-74.034234,"Subscriber",1971,"Male"
"29522","2018-07-23 13:49:05.776","2018-07-23 13:53:38.172","3639",40.7192517,-74.034234,"3681",40.7151776773203,-74.0376833081245,"Subscriber",1956,"Male"
"29522","2018-07-23 17:38:22.961","2018-07-23 17:41:40.458","3184",40.7141454,-74.0335519,"3267",40.7124188237569,-74.0385255217552,"Subscriber",1987,"Male"
"29522","2018-07-23 22:24:38.631","2018-07-23 22:30:13.847","3184",40.7141454,-74.0335519,"3214",40.7127742,-74.0364857,"Subscriber",1967,"Male"
"29522","2018-07-25 11:03:17.932","2018-07-25 11:14:08.281","3214",40.7127742,-74.0364857,"3202",40.7272235,-74.0337589,"Subscriber",1963,"Male"
"29522","2018-07-25 16:13:26.638","2018-07-25 16:21:18.437","3202",40.7272235,-74.0337589,"3214",40.7127742,-74.0364857,"Subscriber",1963,"Male"
"29522","2018-07-26 14:55:21.509","2018-07-26 15:11:38.495","3214",40.7127742,-74.0364857,"3192",40.7112423,-74.0557013,"Customer",1969,"Unknown"
"29522","2018-07-26 22:32:57.356","2018-07-26 22:37:19.185","3195",40.7307426253066,-74.0637838840485,"3225",40.7236589,-74.0641943,"Subscriber",1993,"Male"
"29522","2018-07-27 10:17:10.235","2018-07-27 10:24:39.457","3225",40.7236589,-74.0641943,"3640",40.73367,-74.0625,"Subscriber",1972,"Male"
"29522","2018-07-27 17:32:00.651","2018-07-27 17:40:13.182","3640",40.73367,-74.0625,"3281",40.7459099663156,-74.0572714805603,"Subscriber",1987,"Male"
"29522","2018-07-28 08:07:10.355","2018-07-28 08:20:34.65","3281",40.7459099663156,-74.0572714805603,"3481",40.71649,-74.04105,"Subscriber",1983,"Male"
"29522","2018-07-28 10:20:48.158","2018-07-28 10:28:45.002","3481",40.71649,-74.04105,"3203",40.727595966,-74.044247311,"Subscriber",1968,"Female"
"29522","2018-07-28 10:58:02.981","2018-07-28 11:04:01.37","3203",40.727595966,-74.044247311,"3186",40.7195861164717,-74.0431174635887,"Subscriber",1988,"Female"
"29522","2018-07-29 06:24:41.636","2018-07-29 06:30:15.992","3679",40.722103786686,-74.0714550018311,"3195",40.7307426253066,-74.0637838840485,"Subscriber",1983,"Female"
"29522","2018-07-29 20:01:23.762","2018-07-29 20:06:13.591","3195",40.7307426253066,-74.0637838840485,"3679",40.722103786686,-74.0714550018311,"Subscriber",1990,"Male"
"29522","2018-07-30 08:14:24.683","2018-07-30 08:18:57.32","3679",40.722103786686,-74.0714550018311,"3195",40.7307426253066,-74.0637838840485,"Subscriber",1990,"Male"
"29522","2018-07-30 08:23:58.961","2018-07-30 08:32:45.857","3195",40.7307426253066,-74.0637838840485,"3273",40.72165072488,-74.0428841114044,"Subscriber",1986,"Female"
"29522","2018-07-30 16:04:26.467","2018-07-30 16:08:36.822","3273",40.72165072488,-74.0428841114044,"3269",40.7260117296463,-74.0503889322281,"Subscriber",1991,"Male"
"29522","2018-07-30 18:53:20.304","2018-07-30 19:04:25.79","3183",40.7162469,-74.0334588,"3199",40.7287448,-74.0321082,"Subscriber",1986,"Male"
"29522","2018-07-31 06:41:49.945","2018-07-31 06:43:45.915","3199",40.7287448,-74.0321082,"3202",40.7272235,-74.0337589,"Subscriber",1979,"Male"
"29522","2018-07-31 07:58:09.471","2018-07-31 08:00:34.339","3202",40.7272235,-74.0337589,"3199",40.7287448,-74.0321082,"Subscriber",1989,"Male"
"29522","2018-07-31 08:09:04.056","2018-07-31 08:12:44.432","3199",40.7287448,-74.0321082,"3638",40.7242941,-74.0354826,"Subscriber",1986,"Male"
"29522","2018-07-31 18:06:48.432","2018-07-31 18:12:51.931","3638",40.7242941,-74.0354826,"3269",40.7260117296463,-74.0503889322281,"Subscriber",1993,"Female"
"29522","2018-07-31 19:54:35.576","2018-07-31 20:09:19.676","3269",40.7260117296463,-74.0503889322281,"3267",40.7124188237569,-74.0385255217552,"Subscriber",1977,"Female"
"29522","2018-07-31 22:17:14.739","2018-07-31 22:34:12.899","3267",40.7124188237569,-74.0385255217552,"3203",40.727595966,-74.044247311,"Subscriber",1978,"Male"
"29522","2018-08-01 08:06:56.479","2018-08-01 08:13:05.427","3203",40.727595966,-74.044247311,"3202",40.7272235,-74.0337589,"Subscriber",1978,"Male"
"29522","2018-08-03 07:57:57.39","2018-08-03 08:02:24.901","3194",40.7253399253558,-74.0676221251488,"3195",40.7307426253066,-74.0637838840485,"Subscriber",1970,"Male"
"29522","2018-08-03 18:28:09.354","2018-08-03 18:36:00.54","3195",40.7307426253066,-74.0637838840485,"3280",40.719282200707,-74.071261882782,"Subscriber",1971,"Male"
"29522","2018-08-05 09:42:33.743","2018-08-05 10:16:30.152","3280",40.719282200707,-74.071261882782,"3280",40.719282200707,-74.071261882782,"Subscriber",1984,"Male"
"29522","2018-08-06 08:46:44.815","2018-08-06 08:54:21.866","3280",40.719282200707,-74.071261882782,"3195",40.7307426253066,-74.0637838840485,"Subscriber",1982,"Female"
"29522","2018-08-06 20:18:43.618","2018-08-06 20:27:08.095","3195",40.7307426253066,-74.0637838840485,"3193",40.7246050998869,-74.0784059464931,"Subscriber",1990,"Female"
"29522","2018-08-07 07:36:07.621","2018-08-07 07:43:39.777","3193",40.7246050998869,-74.0784059464931,"3195",40.7307426253066,-74.0637838840485,"Subscriber",1992,"Male"
"29522","2018-08-07 16:44:19.545","2018-08-07 16:55:26.134","3195",40.7307426253066,-74.0637838840485,"3191",40.7182113,-74.0836394,"Subscriber",1983,"Male"
"29522","2018-08-08 07:48:30.184","2018-08-08 07:57:40.359","3191",40.7182113,-74.0836394,"3195",40.7307426253066,-74.0637838840485,"Subscriber",1991,"Male"
"29522","2018-08-08 08:02:58.875","2018-08-08 08:12:25.702","3195",40.7307426253066,-74.0637838840485,"3193",40.7246050998869,-74.0784059464931,"Subscriber",1964,"Male"
"29522","2018-08-09 08:36:27.888","2018-08-09 08:44:21.972","3193",40.7246050998869,-74.0784059464931,"3195",40.7307426253066,-74.0637838840485,"Subscriber",1975,"Male"
"29522","2018-08-09 10:18:12.808","2018-08-09 10:23:27.764","3195",40.7307426253066,-74.0637838840485,"3679",40.722103786686,-74.0714550018311,"Subscriber",1973,"Female"
"29522","2018-08-09 11:11:16.953","2018-08-09 11:17:06.031","3679",40.722103786686,-74.0714550018311,"3195",40.7307426253066,-74.0637838840485,"Subscriber",1985,"Female"
"29522","2018-08-09 16:55:28.584","2018-08-09 17:01:47.6","3195",40.7307426253066,-74.0637838840485,"3679",40.722103786686,-74.0714550018311,"Subscriber",1967,"Female"
"29522","2018-08-09 22:12:43.31","2018-08-09 22:38:35.336","3679",40.722103786686,-74.0714550018311,"3694",40.71113,-74.0789,"Subscriber",1982,"Female"
"29522","2018-08-10 07:39:07.856","2018-08-10 08:03:04.977","3694",40.71113,-74.0789,"3280",40.719282200707,-74.071261882782,"Customer",1969,"Unknown"
"29522","2018-08-10 08:09:09.18","2018-08-10 08:14:58.95","3280",40.719282200707,-74.071261882782,"3194",40.7253399253558,-74.0676221251488,"Subscriber",1983,"Male"
"29522","2018-08-15 17:55:58.158","2018-08-15 18:02:36.855","3202",40.7272235,-74.0337589,"3203",40.727595966,-74.044247311,"Subscriber",1973,"Male"
"29522","2018-08-16 09:14:07.288","2018-08-16 09:18:20.703","3203",40.727595966,-74.044247311,"3273",40.72165072488,-74.0428841114044,"Subscriber",1981,"Female"
"29522","2018-08-16 20:34:34.102","2018-08-16 20:37:16.1","3273",40.72165072488,-74.0428841114044,"3203",40.727595966,-74.044247311,"Subscriber",1986,"Male"
"29522","2018-08-16 22:53:02.264","2018-08-16 23:04:49.542","3203",40.727595966,-74.044247311,"3267",40.7124188237569,-74.0385255217552,"Subscriber",1978,"Female"
"29522","2018-08-17 06:38:37.594","2018-08-17 06:43:15.372","3267",40.7124188237569,-74.0385255217552,"3183",40.7162469,-74.0334588,"Subscriber",1983,"Male"
"29522","2018-08-17 09:05:39.049","2018-08-17 09:07:34.056","3681",40.7151776773203,-74.0376833081245,"3183",40.7162469,-74.0334588,"Subscriber",1987,"Male"
"29522","2018-08-17 11:43:41.515","2018-08-17 11:57:59.135","3187",40.7211236,-74.03805095,"3206",40.7311689,-74.0575736,"Subscriber",1987,"Male"
"29522","2018-08-19 10:32:20.88","2018-08-19 10:44:52.012","3206",40.7311689,-74.0575736,"3276",40.7145840353589,-74.042817056179,"Subscriber",1989,"Female"
"29522","2018-08-19 12:00:30.872","2018-08-19 12:21:59.051","3276",40.7145840353589,-74.042817056179,"3202",40.7272235,-74.0337589,"Customer",1990,"Female"
"29522","2018-08-19 12:25:45.534","2018-08-19 12:38:08.133","3202",40.7272235,-74.0337589,"3186",40.7195861164717,-74.0431174635887,"Subscriber",1989,"Female"
"29522","2018-08-20 13:00:35.987","2018-08-20 13:07:53.38","3203",40.727595966,-74.044247311,"3639",40.7192517,-74.034234,"Subscriber",1966,"Male"
"29522","2018-08-20 18:12:08.585","2018-08-20 18:21:32.076","3639",40.7192517,-74.034234,"3203",40.727595966,-74.044247311,"Subscriber",1971,"Male"
"29522","2018-08-20 18:26:35.719","2018-08-20 19:00:26.73","3203",40.727595966,-74.044247311,"3198",40.7487159453802,-74.0404433012009,"Subscriber",1974,"Male"
"29522","2018-08-20 19:32:41.169","2018-08-20 19:46:57.029","3198",40.7487159453802,-74.0404433012009,"3278",40.725685483629,-74.0487903356552,"Subscriber",1983,"Male"
"29522","2018-08-21 06:19:26.112","2018-08-21 06:23:07.698","3278",40.725685483629,-74.0487903356552,"3186",40.7195861164717,-74.0431174635887,"Subscriber",1985,"Male"
"29522","2018-08-23 18:58:38.982","2018-08-23 19:15:43.325","3207",40.7376037,-74.0524783,"3639",40.7192517,-74.034234,"Subscriber",1975,"Male"
"29522","2018-08-23 19:56:40.868","2018-08-23 20:02:49.886","3639",40.7192517,-74.034234,"3273",40.72165072488,-74.0428841114044,"Subscriber",1975,"Male"
"29522","2018-08-23 20:11:25.212","2018-08-23 20:16:15.685","3273",40.72165072488,-74.0428841114044,"3203",40.727595966,-74.044247311,"Subscriber",1989,"Male"
"29522","2018-08-23 22:07:54.416","2018-08-23 22:12:31.153","3203",40.727595966,-74.044247311,"3186",40.7195861164717,-74.0431174635887,"Subscriber",1988,"Female"
"29522","2018-08-23 22:13:38.528","2018-08-23 22:20:19.28","3186",40.7195861164717,-74.0431174635887,"3214",40.7127742,-74.0364857,"Subscriber",1987,"Male"
"29522","2018-08-26 16:41:03.323","2018-08-26 16:44:51.147","3639",40.7192517,-74.034234,"3273",40.72165072488,-74.0428841114044,"Subscriber",1982,"Male"
"29522","2018-08-27 00:08:16.985","2018-08-27 00:11:32.842","3273",40.72165072488,-74.0428841114044,"3270",40.7252891078113,-74.0455716848373,"Subscriber",1992,"Female"
"29522","2018-08-27 06:30:28.003","2018-08-27 06:34:13.952","3270",40.7252891078113,-74.0455716848373,"3186",40.7195861164717,-74.0431174635887,"Subscriber",1976,"Male"
"29522","2018-08-27 19:49:27.244","2018-08-27 19:52:22.4","3483",40.71942,-74.05099,"3211",40.72152515,-74.046304543,"Subscriber",1990,"Female"
"29522","2018-08-27 21:27:12.114","2018-08-27 21:31:03.286","3211",40.72152515,-74.046304543,"3278",40.725685483629,-74.0487903356552,"Subscriber",1986,"Male"
"29522","2018-08-28 07:58:48.481","2018-08-28 08:02:25.357","3278",40.725685483629,-74.0487903356552,"3186",40.7195861164717,-74.0431174635887,"Subscriber",1987,"Male"
"29522","2018-08-28 18:50:39.124","2018-08-28 18:56:17.661","3186",40.7195861164717,-74.0431174635887,"3203",40.727595966,-74.044247311,"Subscriber",1981,"Female"
"29522","2018-08-28 18:56:57.368","2018-08-28 19:03:26.921","3203",40.727595966,-74.044247311,"3202",40.7272235,-74.0337589,"Subscriber",1978,"Male"
"29522","2018-08-28 19:06:14.955","2018-08-28 19:12:23.014","3202",40.7272235,-74.0337589,"3203",40.727595966,-74.044247311,"Subscriber",1993,"Male"
"29522","2018-08-29 08:01:51.325","2018-08-29 08:12:45.04","3203",40.727595966,-74.044247311,"3183",40.7162469,-74.0334588,"Subscriber",1982,"Male"
"29522","2018-08-30 08:41:01.985","2018-08-30 08:47:52.325","3209",40.7241765,-74.0506564,"3187",40.7211236,-74.03805095,"Subscriber",1986,"Male"
"29522","2018-08-30 08:54:03.022","2018-08-30 08:55:23.877","3187",40.7211236,-74.03805095,"3275",40.7183551982321,-74.0389144420624,"Subscriber",1986,"Female"
"29522","2018-08-30 10:04:12.475","2018-08-30 10:07:31.145","3275",40.7183551982321,-74.0389144420624,"3639",40.7192517,-74.034234,"Subscriber",1987,"Male"
"29522","2018-08-30 17:07:35.088","2018-08-30 17:14:10.879","3639",40.7192517,-74.034234,"3203",40.727595966,-74.044247311,"Subscriber",1983,"Male"
"29522","2018-08-31 11:08:59.615","2018-08-31 11:11:57.758","3203",40.727595966,-74.044247311,"3211",40.72152515,-74.046304543,"Subscriber",1985,"Female"
"29522","2018-08-31 11:16:20.811","2018-08-31 11:23:55.316","3211",40.72152515,-74.046304543,"3212",40.734785818,-74.050443636,"Subscriber",1988,"Male"
"29522","2018-08-31 19:07:54.364","2018-08-31 19:15:36.073","3212",40.734785818,-74.050443636,"3206",40.7311689,-74.0575736,"Subscriber",1991,"Female"
"29522","2018-09-01 14:39:51.473","2018-09-01 14:52:22.669","3206",40.7311689,-74.0575736,"3184",40.7141454,-74.0335519,"Subscriber",1972,"Male"
"29522","2018-09-01 15:03:38.14","2018-09-01 15:09:14.141","3184",40.7141454,-74.0335519,"3276",40.7145840353589,-74.042817056179,"Subscriber",1963,"Male"
"29522","2018-09-02 06:36:08.214","2018-09-02 06:38:33.683","3276",40.7145840353589,-74.042817056179,"3481",40.71649,-74.04105,"Subscriber",1987,"Female"
"29522","2018-09-02 22:09:56.102","2018-09-02 22:12:35.586","3481",40.71649,-74.04105,"3275",40.7183551982321,-74.0389144420624,"Subscriber",1989,"Male"
"29522","2018-09-02 22:26:14.034","2018-09-02 22:28:32.71","3275",40.7183551982321,-74.0389144420624,"3481",40.71649,-74.04105,"Subscriber",1989,"Male"
"29522","2018-09-03 02:02:26.35","2018-09-03 03:55:40.407","3481",40.71649,-74.04105,"3196",40.7443187,-74.0439909,"Subscriber",1983,"Male"
"29522","2018-09-03 08:56:40.878","2018-09-03 09:02:59.222","3196",40.7443187,-74.0439909,"3196",40.7443187,-74.0439909,"Subscriber",1987,"Male"
"29522","2018-09-04 11:12:28.282","2018-09-04 11:29:23.187","3196",40.7443187,-74.0439909,"3202",40.7272235,-74.0337589,"Subscriber",1972,"Female"
"29522","2018-09-05 16:44:55.893","2018-09-05 16:54:47.409","3202",40.7272235,-74.0337589,"3214",40.7127742,-74.0364857,"Subscriber",1963,"Male"
"29522","2018-09-05 17:12:07.057","2018-09-05 17:13:30.27","3214",40.7127742,-74.0364857,"3267",40.7124188237569,-74.0385255217552,"Subscriber",1984,"Male"
"29522","2018-09-05 17:16:09.137","2018-09-05 17:26:26.293","3267",40.7124188237569,-74.0385255217552,"3192",40.7112423,-74.0557013,"Subscriber",1984,"Male"
"29522","2018-09-06 08:32:40.023","2018-09-06 08:41:47.25","3192",40.7112423,-74.0557013,"3185",40.7177325,-74.043845,"Subscriber",1990,"Male"
"29522","2018-09-06 17:57:48.919","2018-09-06 18:13:19.493","3185",40.7177325,-74.043845,"3207",40.7376037,-74.0524783,"Subscriber",1982,"Female"
"29522","2018-09-07 08:09:49.644","2018-09-07 08:22:37.397","3207",40.7376037,-74.0524783,"3202",40.7272235,-74.0337589,"Subscriber",1993,"Male"
"29522","2018-09-07 10:14:44.741","2018-09-07 10:17:22.132","3213",40.71848892,-74.047726625,"3186",40.7195861164717,-74.0431174635887,"Subscriber",1967,"Female"
"29522","2018-09-07 13:47:34.647","2018-09-07 13:54:04.491","3186",40.7195861164717,-74.0431174635887,"3183",40.7162469,-74.0334588,"Subscriber",1986,"Male"
"29522","2018-09-07 16:24:40.904","2018-09-07 16:29:15.931","3183",40.7162469,-74.0334588,"3186",40.7195861164717,-74.0431174635887,"Subscriber",1993,"Male"
"29522","2018-09-07 16:29:28.193","2018-09-07 16:32:49.521","3186",40.7195861164717,-74.0431174635887,"3483",40.71942,-74.05099,"Subscriber",1963,"Female"
"29522","2018-09-08 09:52:17.459","2018-09-08 10:02:34.594","3483",40.71942,-74.05099,"3277",40.7143583687043,-74.0666109323502,"Subscriber",1991,"Male"
"29522","2018-09-15 12:02:32.16","2018-09-15 12:14:28.745","3199",40.7287448,-74.0321082,"3273",40.72165072488,-74.0428841114044,"Subscriber",1983,"Male"
"29522","2018-09-15 12:29:20.074","2018-09-15 12:39:15.052","3273",40.72165072488,-74.0428841114044,"3273",40.72165072488,-74.0428841114044,"Subscriber",1980,"Male"
"29522","2018-09-15 22:09:50.216","2018-09-15 22:13:14.027","3273",40.72165072488,-74.0428841114044,"3270",40.7252891078113,-74.0455716848373,"Subscriber",1960,"Male"
"29522","2018-09-16 11:57:12.548","2018-09-16 12:04:57.997","3270",40.7252891078113,-74.0455716848373,"3202",40.7272235,-74.0337589,"Subscriber",1960,"Male"
"29522","2018-09-16 12:34:03.316","2018-09-16 13:02:52.968","3202",40.7272235,-74.0337589,"3640",40.73367,-74.0625,"Customer",1998,"Male"
"29522","2018-09-16 14:53:32.792","2018-09-16 15:15:06.38","3640",40.73367,-74.0625,"3202",40.7272235,-74.0337589,"Customer",1998,"Male"
"29522","2018-09-17 09:00:57.071","2018-09-17 09:10:23.405","3202",40.7272235,-74.0337589,"3183",40.7162469,-74.0334588,"Subscriber",1991,"Male"
"29522","2018-09-17 18:57:59.159","2018-09-17 19:03:07.627","3186",40.7195861164717,-74.0431174635887,"3270",40.7252891078113,-74.0455716848373,"Subscriber",1996,"Female"
"29522","2018-09-18 07:58:21.549","2018-09-18 08:04:44.658","3270",40.7252891078113,-74.0455716848373,"3275",40.7183551982321,-74.0389144420624,"Subscriber",1963,"Male"
"29522","2018-09-18 08:57:38.069","2018-09-18 09:02:21.564","3275",40.7183551982321,-74.0389144420624,"3202",40.7272235,-74.0337589,"Subscriber",1986,"Male"
"29522","2018-09-18 11:23:18.399","2018-09-18 13:48:08.666","3202",40.7272235,-74.0337589,"3202",40.7272235,-74.0337589,"Subscriber",1961,"Male"
"29522","2018-09-18 15:25:12.393","2018-09-18 15:44:34.494","3202",40.7272235,-74.0337589,"3210",40.742677141,-74.051788633,"Subscriber",1981,"Male"
"29522","2018-09-19 08:40:48.055","2018-09-19 08:48:16.034","3210",40.742677141,-74.051788633,"3640",40.73367,-74.0625,"Subscriber",1985,"Male"
"29522","2018-09-19 18:39:57.161","2018-09-19 18:48:54.58","3640",40.73367,-74.0625,"3210",40.742677141,-74.051788633,"Subscriber",1989,"Male"
"29522","2018-09-19 20:07:44.954","2018-09-19 20:21:11.253","3210",40.742677141,-74.051788633,"3202",40.7272235,-74.0337589,"Subscriber",1984,"Male"
"29522","2018-10-08 17:24:45.217","2018-10-08 17:28:19.076","3186",40.7195861164717,-74.0431174635887,"3203",40.727595966,-74.044247311,"Subscriber",1990,"Male"
"29522","2018-10-09 08:19:45.305","2018-10-09 08:23:46.046","3203",40.727595966,-74.044247311,"3186",40.7195861164717,-74.0431174635887,"Subscriber",1990,"Male"
"29522","2018-10-09 18:39:12.45","2018-10-09 18:55:45.561","3186",40.7195861164717,-74.0431174635887,"3203",40.727595966,-74.044247311,"Subscriber",1989,"Female"
"29522","2018-10-10 09:14:57.975","2018-10-10 09:21:16.385","3203",40.727595966,-74.044247311,"3186",40.7195861164717,-74.0431174635887,"Subscriber",1989,"Female"
"29522","2018-10-10 18:37:21.694","2018-10-10 18:41:23.337","3272",40.7233315864644,-74.0459525585174,"3185",40.7177325,-74.043845,"Subscriber",1973,"Female"
"29522","2018-10-10 21:50:09.262","2018-10-10 21:53:51.86","3185",40.7177325,-74.043845,"3205",40.7165397809919,-74.0496379137039,"Subscriber",1961,"Male"
"29522","2018-10-11 09:23:53.288","2018-10-11 09:31:53.727","3205",40.7165397809919,-74.0496379137039,"3186",40.7195861164717,-74.0431174635887,"Subscriber",1967,"Male"
"29522","2018-10-12 07:52:37.988","2018-10-12 07:57:24.895","3187",40.7211236,-74.03805095,"3185",40.7177325,-74.043845,"Subscriber",1985,"Male"
"29522","2018-10-12 12:19:03.704","2018-10-12 12:33:48.181","3185",40.7177325,-74.043845,"3638",40.7242941,-74.0354826,"Subscriber",1962,"Male"
"29522","2018-10-12 17:31:11.32","2018-10-12 17:35:30.554","3638",40.7242941,-74.0354826,"3270",40.7252891078113,-74.0455716848373,"Subscriber",1978,"Male"
"29522","2018-10-12 17:46:36.286","2018-10-12 17:51:59.793","3270",40.7252891078113,-74.0455716848373,"3639",40.7192517,-74.034234,"Subscriber",1985,"Male"
"29522","2018-10-12 18:07:31.863","2018-10-12 18:11:01.869","3639",40.7192517,-74.034234,"3481",40.71649,-74.04105,"Subscriber",1986,"Male"
"29522","2018-10-12 18:41:52.522","2018-10-12 18:45:00.483","3481",40.71649,-74.04105,"3186",40.7195861164717,-74.0431174635887,"Subscriber",1986,"Male"
"29522","2018-10-12 18:55:47.141","2018-10-12 19:04:16.22","3186",40.7195861164717,-74.0431174635887,"3192",40.7112423,-74.0557013,"Subscriber",1985,"Male"
"29522","2018-10-13 10:55:38.367","2018-10-13 11:01:50.226","3192",40.7112423,-74.0557013,"3185",40.7177325,-74.043845,"Subscriber",1986,"Male"
"29522","2018-10-13 11:12:36.191","2018-10-13 11:18:04.641","3185",40.7177325,-74.043845,"3203",40.727595966,-74.044247311,"Customer",1986,"Male"
"29522","2018-10-13 13:22:22.864","2018-10-13 13:27:58.255","3203",40.727595966,-74.044247311,"3213",40.71848892,-74.047726625,"Subscriber",1976,"Female"
"29522","2018-10-13 13:53:42.35","2018-10-13 14:00:03.3","3213",40.71848892,-74.047726625,"3638",40.7242941,-74.0354826,"Subscriber",1986,"Male"
"29522","2018-10-14 15:11:19.801","2018-10-14 15:13:26.023","3638",40.7242941,-74.0354826,"3638",40.7242941,-74.0354826,"Customer",1989,"Male"
"29522","2018-10-14 15:38:00.245","2018-10-14 16:08:23.271","3638",40.7242941,-74.0354826,"3213",40.71848892,-74.047726625,"Subscriber",1987,"Male"
"29522","2018-10-15 06:26:12.027","2018-10-15 06:27:52.783","3213",40.71848892,-74.047726625,"3185",40.7177325,-74.043845,"Subscriber",1981,"Male"
"29522","2018-10-15 16:14:15.757","2018-10-15 16:20:51.179","3185",40.7177325,-74.043845,"3187",40.7211236,-74.03805095,"Subscriber",1992,"Unknown"
"29522","2018-10-15 16:45:49.562","2018-10-15 16:52:46.818","3187",40.7211236,-74.03805095,"3211",40.72152515,-74.046304543,"Subscriber",1992,"Unknown"
"29522","2018-10-15 18:01:01.695","2018-10-15 18:03:04.906","3211",40.72152515,-74.046304543,"3213",40.71848892,-74.047726625,"Subscriber",1983,"Male"
"29522","2018-10-15 19:05:54.956","2018-10-15 19:09:14.347","3213",40.71848892,-74.047726625,"3211",40.72152515,-74.046304543,"Subscriber",1981,"Female"
"29522","2018-10-15 22:01:08.598","2018-10-15 22:04:08","3211",40.72152515,-74.046304543,"3203",40.727595966,-74.044247311,"Subscriber",1976,"Male"
"29522","2018-10-16 07:45:38.868","2018-10-16 07:52:46.273","3203",40.727595966,-74.044247311,"3638",40.7242941,-74.0354826,"Subscriber",1989,"Male"
"29522","2018-10-16 08:36:05.902","2018-10-16 08:42:58.836","3638",40.7242941,-74.0354826,"3267",40.7124188237569,-74.0385255217552,"Subscriber",1979,"Male"
"29522","2018-10-16 08:44:02.278","2018-10-16 08:48:22.402","3267",40.7124188237569,-74.0385255217552,"3183",40.7162469,-74.0334588,"Subscriber",1976,"Male"
"29522","2018-10-16 09:36:31.93","2018-10-16 09:40:53.033","3267",40.7124188237569,-74.0385255217552,"3183",40.7162469,-74.0334588,"Subscriber",1988,"Male"
"29522","2018-10-17 10:11:55.984","2018-10-17 11:09:48.781","3268",40.7134638266919,-74.0628585219383,"3192",40.7112423,-74.0557013,"Subscriber",1960,"Male"
"29522","2018-10-17 20:34:15.135","2018-10-17 20:41:40.232","3192",40.7112423,-74.0557013,"3186",40.7195861164717,-74.0431174635887,"Subscriber",1988,"Male"
"29522","2018-10-18 06:23:10.602","2018-10-18 06:26:02.875","3270",40.7252891078113,-74.0455716848373,"3186",40.7195861164717,-74.0431174635887,"Subscriber",1972,"Male"
"29522","2018-10-18 08:34:53.338","2018-10-18 08:38:33.011","3194",40.7253399253558,-74.0676221251488,"3195",40.7307426253066,-74.0637838840485,"Subscriber",1988,"Male"
"29522","2018-10-18 17:52:11.495","2018-10-18 18:03:42.606","3195",40.7307426253066,-74.0637838840485,"3195",40.7307426253066,-74.0637838840485,"Subscriber",1967,"Male"
"29522","2018-10-18 18:19:46.452","2018-10-18 18:23:32.927","3195",40.7307426253066,-74.0637838840485,"3194",40.7253399253558,-74.0676221251488,"Subscriber",1980,"Male"
"29522","2018-10-19 07:33:41.173","2018-10-19 07:37:22.176","3194",40.7253399253558,-74.0676221251488,"3195",40.7307426253066,-74.0637838840485,"Subscriber",1994,"Male"
"29522","2018-10-19 17:03:12.013","2018-10-19 17:10:12.1","3195",40.7307426253066,-74.0637838840485,"3280",40.719282200707,-74.071261882782,"Subscriber",1982,"Male"
"29522","2018-10-20 13:09:10.423","2018-10-20 13:24:28.787","3280",40.719282200707,-74.071261882782,"3187",40.7211236,-74.03805095,"Subscriber",1956,"Male"
"29522","2018-10-20 13:40:20.11","2018-10-20 13:46:02.279","3187",40.7211236,-74.03805095,"3681",40.7151776773203,-74.0376833081245,"Subscriber",1957,"Male"
"29522","2018-10-20 16:22:41.661","2018-10-20 16:27:05.475","3681",40.7151776773203,-74.0376833081245,"3186",40.7195861164717,-74.0431174635887,"Subscriber",1984,"Male"
"29522","2018-10-20 16:36:25.887","2018-10-20 16:43:44.624","3186",40.7195861164717,-74.0431174635887,"3202",40.7272235,-74.0337589,"Subscriber",1988,"Male"
"29522","2018-10-20 17:41:04.554","2018-10-20 17:48:13.604","3202",40.7272235,-74.0337589,"3186",40.7195861164717,-74.0431174635887,"Subscriber",1988,"Male"
"29522","2018-10-20 18:45:34.325","2018-10-20 18:49:29.49","3186",40.7195861164717,-74.0431174635887,"3270",40.7252891078113,-74.0455716848373,"Subscriber",1973,"Male"
"29522","2018-10-21 16:52:44.601","2018-10-21 16:56:06.824","3270",40.7252891078113,-74.0455716848373,"3186",40.7195861164717,-74.0431174635887,"Subscriber",1960,"Male"
"29522","2018-10-21 18:53:34.245","2018-10-21 18:57:41.533","3186",40.7195861164717,-74.0431174635887,"3213",40.71848892,-74.047726625,"Subscriber",1987,"Male"
"29522","2018-10-22 08:46:33.507","2018-10-22 08:51:10.355","3213",40.71848892,-74.047726625,"3186",40.7195861164717,-74.0431174635887,"Subscriber",1990,"Female"
"29522","2018-10-22 09:04:24.308","2018-10-22 09:17:53.807","3203",40.727595966,-74.044247311,"3225",40.7236589,-74.0641943,"Subscriber",1983,"Female"
"29522","2018-10-22 10:02:50.22","2018-10-22 10:08:32.402","3225",40.7236589,-74.0641943,"3195",40.7307426253066,-74.0637838840485,"Subscriber",1980,"Male"
"29522","2018-10-22 15:56:32.43","2018-10-22 16:04:33.374","3195",40.7307426253066,-74.0637838840485,"3280",40.719282200707,-74.071261882782,"Subscriber",1971,"Male"
"29522","2018-10-22 17:16:54.466","2018-10-22 17:36:36.539","3280",40.719282200707,-74.071261882782,"3211",40.72152515,-74.046304543,"Subscriber",1953,"Female"
"29522","2018-10-22 18:48:23.947","2018-10-22 18:53:37.508","3211",40.72152515,-74.046304543,"3278",40.725685483629,-74.0487903356552,"Customer",1986,"Male"
"29522","2018-10-23 07:14:59.642","2018-10-23 07:20:52.55","3278",40.725685483629,-74.0487903356552,"3186",40.7195861164717,-74.0431174635887,"Customer",1983,"Female"
"29522","2018-10-23 08:06:25.732","2018-10-23 08:08:05.779","3270",40.7252891078113,-74.0455716848373,"3203",40.727595966,-74.044247311,"Subscriber",1970,"Male"
"29522","2018-10-23 08:23:09.22","2018-10-23 08:26:52.68","3203",40.727595966,-74.044247311,"3186",40.7195861164717,-74.0431174635887,"Subscriber",1980,"Male"
"29522","2018-10-23 08:29:21.132","2018-10-23 08:33:45.961","3186",40.7195861164717,-74.0431174635887,"3481",40.71649,-74.04105,"Subscriber",1888,"Unknown"
"29522","2018-10-23 08:35:22.15","2018-10-23 08:37:51.755","3481",40.71649,-74.04105,"3183",40.7162469,-74.0334588,"Subscriber",1980,"Male"
"29522","2018-10-24 08:20:41.516","2018-10-24 08:25:37.25","3483",40.71942,-74.05099,"3270",40.7252891078113,-74.0455716848373,"Subscriber",1987,"Male"
"29522","2018-10-24 08:46:29.579","2018-10-24 08:49:44.44","3270",40.7252891078113,-74.0455716848373,"3186",40.7195861164717,-74.0431174635887,"Subscriber",1981,"Male"
"29522","2018-10-24 09:43:02.924","2018-10-24 09:45:56.582","3279",40.7216301426384,-74.0499678254128,"3186",40.7195861164717,-74.0431174635887,"Subscriber",1989,"Male"
"29522","2018-10-24 13:06:59.27","2018-10-24 13:12:10.859","3270",40.7252891078113,-74.0455716848373,"3273",40.72165072488,-74.0428841114044,"Subscriber",1977,"Male"
"29522","2018-10-24 18:20:04.522","2018-10-24 18:21:12.419","3273",40.72165072488,-74.0428841114044,"3186",40.7195861164717,-74.0431174635887,"Subscriber",1981,"Male"
"29522","2018-10-24 18:23:19.967","2018-10-24 18:27:13.347","3186",40.7195861164717,-74.0431174635887,"3269",40.7260117296463,-74.0503889322281,"Subscriber",1986,"Male"
"29522","2018-10-24 19:02:20.933","2018-10-24 19:05:23.401","3269",40.7260117296463,-74.0503889322281,"3272",40.7233315864644,-74.0459525585174,"Subscriber",1980,"Male"
"29522","2018-10-25 08:28:48.363","2018-10-25 08:31:58.018","3272",40.7233315864644,-74.0459525585174,"3186",40.7195861164717,-74.0431174635887,"Subscriber",1956,"Female"
"29522","2018-10-25 08:48:46.235","2018-10-25 08:52:26.169","3186",40.7195861164717,-74.0431174635887,"3483",40.71942,-74.05099,"Subscriber",1987,"Male"
"29522","2018-10-25 11:05:12.948","2018-10-25 11:08:42.477","3483",40.71942,-74.05099,"3186",40.7195861164717,-74.0431174635887,"Subscriber",1985,"Male"
"29522","2018-10-25 16:56:32.829","2018-10-25 17:01:21.889","3186",40.7195861164717,-74.0431174635887,"3209",40.7241765,-74.0506564,"Subscriber",1969,"Unknown"
"29522","2018-10-25 19:20:13.738","2018-10-25 19:26:27.717","3195",40.7307426253066,-74.0637838840485,"3280",40.719282200707,-74.071261882782,"Subscriber",1962,"Male"
"29522","2018-10-26 08:11:36.393","2018-10-26 08:20:20.345","3280",40.719282200707,-74.071261882782,"3195",40.7307426253066,-74.0637838840485,"Subscriber",1983,"Male"
"29522","2018-10-26 17:17:22.559","2018-10-26 17:25:56.852","3195",40.7307426253066,-74.0637838840485,"3210",40.742677141,-74.051788633,"Subscriber",1995,"Female"
"29522","2018-10-26 20:46:04.543","2018-10-26 20:55:14.037","3210",40.742677141,-74.051788633,"3195",40.7307426253066,-74.0637838840485,"Subscriber",1988,"Male"
"29522","2018-10-26 21:11:17.814","2018-10-26 21:18:14.844","3195",40.7307426253066,-74.0637838840485,"3207",40.7376037,-74.0524783,"Subscriber",1976,"Female"
"29522","2018-10-27 12:16:15.094","2018-10-27 12:20:32.47","3207",40.7376037,-74.0524783,"3206",40.7311689,-74.0575736,"Subscriber",1976,"Female"
"29522","2018-10-28 12:35:26.669","2018-10-28 12:47:08.662","3206",40.7311689,-74.0575736,"3196",40.7443187,-74.0439909,"Subscriber",1975,"Female"
"29522","2018-10-28 14:10:35.029","2018-10-28 14:39:23.675","3196",40.7443187,-74.0439909,"3186",40.7195861164717,-74.0431174635887,"Subscriber",1965,"Male"
"29522","2018-10-29 08:25:04.569","2018-10-29 08:33:27.286","3203",40.727595966,-74.044247311,"3639",40.7192517,-74.034234,"Subscriber",1987,"Male"
"29522","2018-10-29 18:30:18.251","2018-10-29 18:31:58.197","3639",40.7192517,-74.034234,"3183",40.7162469,-74.0334588,"Subscriber",1985,"Male"
"29522","2018-10-29 18:33:28.291","2018-10-29 18:44:14.772","3183",40.7162469,-74.0334588,"3202",40.7272235,-74.0337589,"Subscriber",1986,"Male"
"29522","2018-10-29 18:46:23.153","2018-10-29 18:51:32.825","3202",40.7272235,-74.0337589,"3639",40.7192517,-74.034234,"Subscriber",1984,"Female"
"29522","2018-10-29 18:54:58.377","2018-10-29 19:06:28.712","3639",40.7192517,-74.034234,"3206",40.7311689,-74.0575736,"Subscriber",1987,"Male"
"29522","2018-10-29 19:42:54.909","2018-10-29 19:49:08.153","3206",40.7311689,-74.0575736,"3212",40.734785818,-74.050443636,"Subscriber",1994,"Female"
"29522","2018-10-30 07:44:11.387","2018-10-30 07:53:39.757","3212",40.734785818,-74.050443636,"3198",40.7487159453802,-74.0404433012009,"Subscriber",1989,"Female"
"29522","2018-10-31 14:59:48.2","2018-10-31 15:17:19.821","3198",40.7487159453802,-74.0404433012009,"3199",40.7287448,-74.0321082,"Subscriber",1989,"Female"
"29522","2018-10-31 19:23:51.711","2018-10-31 19:34:01.109","3199",40.7287448,-74.0321082,"3275",40.7183551982321,-74.0389144420624,"Subscriber",1980,"Male"
"29522","2018-10-31 20:24:57.425","2018-10-31 20:47:04.891","3275",40.7183551982321,-74.0389144420624,"3199",40.7287448,-74.0321082,"Subscriber",1980,"Male"
"29522","2018-11-01 07:24:06.821","2018-11-01 07:26:26.306","3199",40.7287448,-74.0321082,"3202",40.7272235,-74.0337589,"Subscriber",1978,"Female"
"29522","2018-11-01 10:49:23.567","2018-11-01 10:52:43.757","3202",40.7272235,-74.0337589,"3187",40.7211236,-74.03805095,"Subscriber",1992,"Male"
"29522","2018-11-01 14:38:03.568","2018-11-01 14:42:11.003","3187",40.7211236,-74.03805095,"3186",40.7195861164717,-74.0431174635887,"Subscriber",1990,"Male"
"29522","2018-11-01 17:33:37.178","2018-11-01 17:39:32.878","3186",40.7195861164717,-74.0431174635887,"3269",40.7260117296463,-74.0503889322281,"Subscriber",1977,"Male"
"29522","2018-11-01 17:44:44.78","2018-11-01 17:51:27.348","3269",40.7260117296463,-74.0503889322281,"3186",40.7195861164717,-74.0431174635887,"Subscriber",1969,"Unknown"
"29522","2018-11-01 17:54:48.267","2018-11-01 17:59:48.916","3186",40.7195861164717,-74.0431174635887,"3269",40.7260117296463,-74.0503889322281,"Subscriber",1981,"Male"
"29522","2018-11-01 19:15:27.405","2018-11-01 19:20:25.739","3183",40.7162469,-74.0334588,"3267",40.7124188237569,-74.0385255217552,"Subscriber",1977,"Male"
"29522","2018-11-02 06:24:43.88","2018-11-02 06:28:00.141","3267",40.7124188237569,-74.0385255217552,"3183",40.7162469,-74.0334588,"Subscriber",1994,"Female"
"29522","2018-11-02 09:05:10.295","2018-11-02 09:09:03.401","3267",40.7124188237569,-74.0385255217552,"3183",40.7162469,-74.0334588,"Subscriber",1990,"Male"
"29522","2018-11-02 14:14:54.027","2018-11-02 14:17:52.792","3209",40.7241765,-74.0506564,"3211",40.72152515,-74.046304543,"Subscriber",1993,"Male"
"29522","2018-11-02 15:13:09.778","2018-11-02 15:16:23.9","3211",40.72152515,-74.046304543,"3185",40.7177325,-74.043845,"Subscriber",1986,"Male"
"29522","2018-11-02 15:21:05.339","2018-11-02 15:28:14.92","3185",40.7177325,-74.043845,"3209",40.7241765,-74.0506564,"Subscriber",1986,"Male"
"29522","2018-11-02 16:30:59.997","2018-11-02 16:35:28.218","3209",40.7241765,-74.0506564,"3186",40.7195861164717,-74.0431174635887,"Subscriber",1968,"Female"
"29522","2018-11-02 16:36:17.862","2018-11-02 16:41:19.309","3186",40.7195861164717,-74.0431174635887,"3269",40.7260117296463,-74.0503889322281,"Subscriber",1986,"Female"
"29522","2018-11-03 08:57:56.199","2018-11-03 09:02:11.296","3269",40.7260117296463,-74.0503889322281,"3186",40.7195861164717,-74.0431174635887,"Subscriber",1980,"Male"
"29522","2018-11-03 13:04:27.468","2018-11-03 13:09:19.576","3186",40.7195861164717,-74.0431174635887,"3276",40.7145840353589,-74.042817056179,"Subscriber",1986,"Male"
"29522","2018-11-04 12:03:34.376","2018-11-04 12:06:33.27","3276",40.7145840353589,-74.042817056179,"3185",40.7177325,-74.043845,"Subscriber",1979,"Female"
"29522","2018-11-04 12:11:02.893","2018-11-04 12:13:00.137","3185",40.7177325,-74.043845,"3276",40.7145840353589,-74.042817056179,"Subscriber",1979,"Female"
"29522","2018-11-04 12:45:57.872","2018-11-04 12:49:39.649","3276",40.7145840353589,-74.042817056179,"3681",40.7151776773203,-74.0376833081245,"Subscriber",1982,"Male"
"29522","2018-11-04 17:47:00.566","2018-11-04 17:50:59.128","3681",40.7151776773203,-74.0376833081245,"3681",40.7151776773203,-74.0376833081245,"Subscriber",1987,"Male"
"29522","2018-11-04 19:23:25.612","2018-11-04 19:27:09.472","3681",40.7151776773203,-74.0376833081245,"3681",40.7151776773203,-74.0376833081245,"Subscriber",1987,"Male"
"29522","2018-11-05 18:20:37.078","2018-11-05 18:24:42.284","3681",40.7151776773203,-74.0376833081245,"3681",40.7151776773203,-74.0376833081245,"Subscriber",1987,"Male"
"29522","2018-11-07 19:01:47.101","2018-11-07 19:07:00.082","3183",40.7162469,-74.0334588,"3267",40.7124188237569,-74.0385255217552,"Subscriber",1992,"Male"
"29522","2018-11-08 09:20:59.005","2018-11-08 09:25:39.709","3267",40.7124188237569,-74.0385255217552,"3183",40.7162469,-74.0334588,"Subscriber",1990,"Male"
"29522","2018-11-08 11:33:00.679","2018-11-08 11:34:31.003","3187",40.7211236,-74.03805095,"3275",40.7183551982321,-74.0389144420624,"Subscriber",1987,"Male"
"29522","2018-11-08 15:31:23.314","2018-11-08 15:42:30.289","3275",40.7183551982321,-74.0389144420624,"3279",40.7216301426384,-74.0499678254128,"Subscriber",1982,"Female"
"29522","2018-11-08 17:46:59.129","2018-11-08 17:50:22.814","3186",40.7195861164717,-74.0431174635887,"3481",40.71649,-74.04105,"Subscriber",1986,"Male"
"29522","2018-11-08 23:16:43.785","2018-11-08 23:18:44.707","3481",40.71649,-74.04105,"3681",40.7151776773203,-74.0376833081245,"Subscriber",1982,"Male"
"29522","2018-11-09 08:33:15.083","2018-11-09 08:39:21.3","3681",40.7151776773203,-74.0376833081245,"3638",40.7242941,-74.0354826,"Subscriber",1970,"Male"
"29522","2018-11-09 10:55:36.737","2018-11-09 10:57:50.038","3638",40.7242941,-74.0354826,"3202",40.7272235,-74.0337589,"Subscriber",1995,"Male"
"29522","2018-11-09 13:54:52.028","2018-11-09 13:57:27.687","3202",40.7272235,-74.0337589,"3638",40.7242941,-74.0354826,"Subscriber",1992,"Male"
"29522","2018-11-09 14:41:14.881","2018-11-09 14:47:06.02","3638",40.7242941,-74.0354826,"3199",40.7287448,-74.0321082,"Subscriber",1992,"Male"
"29522","2018-11-09 22:16:10.741","2018-11-09 22:24:08.818","3199",40.7287448,-74.0321082,"3187",40.7211236,-74.03805095,"Subscriber",1988,"Male"
"29522","2018-11-12 08:15:27.188","2018-11-12 08:21:30.255","3203",40.727595966,-74.044247311,"3273",40.72165072488,-74.0428841114044,"Subscriber",1972,"Male"
"29522","2018-11-12 13:13:13.763","2018-11-12 13:21:45.747","3281",40.7459099663156,-74.0572714805603,"3198",40.7487159453802,-74.0404433012009,"Subscriber",1989,"Female"
"29522","2018-11-12 14:44:08.896","2018-11-12 15:04:06.918","3198",40.7487159453802,-74.0404433012009,"3198",40.7487159453802,-74.0404433012009,"Subscriber",1987,"Female"
"29522","2018-11-13 15:05:03.521","2018-11-13 15:23:58.541","3198",40.7487159453802,-74.0404433012009,"3199",40.7287448,-74.0321082,"Subscriber",1989,"Female"
"29522","2018-11-14 07:31:41.013","2018-11-14 07:33:41.053","3199",40.7287448,-74.0321082,"3202",40.7272235,-74.0337589,"Subscriber",1978,"Female"
"29522","2018-11-14 09:38:56.937","2018-11-14 09:42:53.971","3202",40.7272235,-74.0337589,"3187",40.7211236,-74.03805095,"Subscriber",1992,"Male"
"29522","2018-11-14 18:22:53.533","2018-11-14 18:33:17.004","3183",40.7162469,-74.0334588,"3199",40.7287448,-74.0321082,"Subscriber",1963,"Male"
"29522","2018-11-14 18:50:44.683","2018-11-14 19:08:37.145","3199",40.7287448,-74.0321082,"3196",40.7443187,-74.0439909,"Subscriber",1972,"Female"
"29522","2018-11-15 09:51:43.412","2018-11-15 10:06:13.442","3196",40.7443187,-74.0439909,"3202",40.7272235,-74.0337589,"Subscriber",1959,"Male"
"29522","2018-11-16 18:52:55.523","2018-11-16 18:54:36.401","3199",40.7287448,-74.0321082,"3202",40.7272235,-74.0337589,"Subscriber",1989,"Male"
"29522","2018-11-16 21:03:13.237","2018-11-20 10:09:19.046","3202",40.7272235,-74.0337589,"3426",40.7096508336406,-74.0686011314392,"Subscriber",1986,"Female"
"29522","2018-11-21 17:09:17.754","2018-11-21 17:19:23.488","3186",40.7195861164717,-74.0431174635887,"3192",40.7112423,-74.0557013,"Subscriber",1985,"Male"
"29522","2018-12-10 08:30:19.761","2018-12-10 08:35:41.959","3203",40.727595966,-74.044247311,"3186",40.7195861164717,-74.0431174635887,"Subscriber",1977,"Female"
"29522","2018-12-19 08:43:49.3","2018-12-19 08:47:20.228","3194",40.7253399253558,-74.0676221251488,"3195",40.7307426253066,-74.0637838840485,"Subscriber",1994,"Male"
"29522","2018-12-19 18:03:44.026","2018-12-19 18:06:49.403","3195",40.7307426253066,-74.0637838840485,"3194",40.7253399253558,-74.0676221251488,"Subscriber",1972,"Male"
"29522","2018-12-22 09:01:08.624","2018-12-22 09:04:40.203","3194",40.7253399253558,-74.0676221251488,"3195",40.7307426253066,-74.0637838840485,"Subscriber",1962,"Male"
"29522","2018-12-22 09:30:52.597","2018-12-22 09:44:53.316","3195",40.7307426253066,-74.0637838840485,"3207",40.7376037,-74.0524783,"Subscriber",1994,"Male"
"29522","2018-12-22 11:23:31.088","2018-12-22 11:57:57.864","3207",40.7376037,-74.0524783,"3195",40.7307426253066,-74.0637838840485,"Subscriber",1985,"Male"
"29522","2018-12-22 13:21:57.71","2018-12-22 13:27:18.441","3195",40.7307426253066,-74.0637838840485,"3207",40.7376037,-74.0524783,"Subscriber",1985,"Male"
"29522","2018-12-22 16:33:03.29","2018-12-22 16:42:00.748","3207",40.7376037,-74.0524783,"3211",40.72152515,-74.046304543,"Subscriber",1988,"Male"
"29522","2018-12-26 11:06:27.142","2018-12-26 11:08:41.828","3211",40.72152515,-74.046304543,"3186",40.7195861164717,-74.0431174635887,"Subscriber",1982,"Male"
"29522","2018-12-26 17:35:30.12","2018-12-26 17:37:28.895","3186",40.7195861164717,-74.0431174635887,"3272",40.7233315864644,-74.0459525585174,"Subscriber",1992,"Male"
"29522","2018-12-26 20:28:17.208","2018-12-26 20:50:04.766","3272",40.7233315864644,-74.0459525585174,"3272",40.7233315864644,-74.0459525585174,"Subscriber",1992,"Male"
"29522","2018-12-27 06:51:27.879","2018-12-27 07:00:48.688","3272",40.7233315864644,-74.0459525585174,"3205",40.7165397809919,-74.0496379137039,"Subscriber",1956,"Male"
"29522","2018-12-27 11:37:16.25","2018-12-27 11:40:56.712","3205",40.7165397809919,-74.0496379137039,"3186",40.7195861164717,-74.0431174635887,"Subscriber",1956,"Male"
"29522","2018-12-27 14:19:01.306","2018-12-27 14:21:50.136","3186",40.7195861164717,-74.0431174635887,"3213",40.71848892,-74.047726625,"Subscriber",1987,"Male"
"29522","2018-12-27 17:47:51.731","2018-12-27 17:50:52.057","3213",40.71848892,-74.047726625,"3279",40.7216301426384,-74.0499678254128,"Subscriber",1970,"Male"
"29522","2018-12-27 20:18:24.501","2018-12-27 20:52:47.074","3279",40.7216301426384,-74.0499678254128,"3270",40.7252891078113,-74.0455716848373,"Subscriber",1987,"Female"
"29522","2018-12-27 21:36:06.306","2018-12-27 21:42:11.385","3270",40.7252891078113,-74.0455716848373,"3279",40.7216301426384,-74.0499678254128,"Subscriber",1986,"Male"
"29522","2018-12-28 06:37:43.076","2018-12-28 06:40:24.69","3279",40.7216301426384,-74.0499678254128,"3186",40.7195861164717,-74.0431174635887,"Subscriber",1982,"Male"
"29522","2018-12-29 09:35:40.148","2018-12-29 09:40:37.497","3269",40.7260117296463,-74.0503889322281,"3186",40.7195861164717,-74.0431174635887,"Subscriber",1990,"Male"
"29522","2018-12-29 09:59:58.915","2018-12-29 10:03:06.171","3186",40.7195861164717,-74.0431174635887,"3279",40.7216301426384,-74.0499678254128,"Subscriber",1977,"Female"
"29522","2018-12-29 12:22:13.698","2018-12-29 12:31:07.596","3279",40.7216301426384,-74.0499678254128,"3183",40.7162469,-74.0334588,"Subscriber",1978,"Male"
"29522","2018-12-29 13:43:27.254","2018-12-29 13:48:05.587","3183",40.7162469,-74.0334588,"3187",40.7211236,-74.03805095,"Subscriber",1981,"Male"
"29522","2018-12-30 10:44:16.788","2018-12-30 10:55:33.636","3225",40.7236589,-74.0641943,"3183",40.7162469,-74.0334588,"Subscriber",1992,"Female"
"29522","2018-12-30 20:54:03.648","2018-12-30 21:07:27.528","3183",40.7162469,-74.0334588,"3681",40.7151776773203,-74.0376833081245,"Subscriber",1973,"Male"
"29522","2018-12-31 09:08:35.777","2018-12-31 09:13:12.799","3681",40.7151776773203,-74.0376833081245,"3187",40.7211236,-74.03805095,"Subscriber",1987,"Male"
"31681","2018-01-02 08:43:56.372","2018-01-02 08:48:53.047","3209",40.7241765,-74.0506564,"3186",40.7195861164717,-74.0431174635887,"Subscriber",1986,"Male"
"31681","2018-01-03 08:30:30.994","2018-01-03 08:33:35.202","3279",40.7216301426384,-74.0499678254128,"3186",40.7195861164717,-74.0431174635887,"Subscriber",1976,"Unknown"
"31681","2018-01-03 16:57:19.841","2018-01-03 17:01:06.178","3186",40.7195861164717,-74.0431174635887,"3209",40.7241765,-74.0506564,"Subscriber",1983,"Male"
"31681","2018-01-06 13:52:51.747","2018-01-06 13:58:45.782","3209",40.7241765,-74.0506564,"3185",40.7177325,-74.043845,"Subscriber",1975,"Male"
"31681","2018-01-08 08:48:19.433","2018-01-08 08:54:25.503","3278",40.725685483629,-74.0487903356552,"3273",40.72165072488,-74.0428841114044,"Subscriber",1964,"Male"
"31681","2018-01-08 09:11:07.087","2018-01-08 09:14:44.222","3273",40.72165072488,-74.0428841114044,"3639",40.7192517,-74.034234,"Subscriber",1981,"Male"
"31681","2018-01-08 18:19:59.374","2018-01-08 18:25:40.364","3639",40.7192517,-74.034234,"3186",40.7195861164717,-74.0431174635887,"Subscriber",1988,"Male"
"31681","2018-01-08 18:33:41.338","2018-01-08 18:37:03.136","3186",40.7195861164717,-74.0431174635887,"3272",40.7233315864644,-74.0459525585174,"Subscriber",1985,"Male"
"31681","2018-01-08 18:50:21.839","2018-01-08 19:02:55.573","3272",40.7233315864644,-74.0459525585174,"3192",40.7112423,-74.0557013,"Subscriber",1985,"Male"
"31681","2018-01-09 07:19:26.597","2018-01-09 07:29:10.442","3192",40.7112423,-74.0557013,"3186",40.7195861164717,-74.0431174635887,"Subscriber",1985,"Male"
"31681","2018-01-10 07:03:42.895","2018-01-10 07:06:19.964","3214",40.7127742,-74.0364857,"3183",40.7162469,-74.0334588,"Subscriber",1984,"Male"
"31681","2018-01-11 08:22:43.319","2018-01-11 08:40:57.287","3212",40.734785818,-74.050443636,"3183",40.7162469,-74.0334588,"Subscriber",1981,"Male"
"31681","2018-01-11 16:52:08.291","2018-01-11 16:56:52.829","3183",40.7162469,-74.0334588,"3186",40.7195861164717,-74.0431174635887,"Subscriber",1973,"Male"
"31681","2018-01-11 17:25:18.463","2018-01-11 17:38:07.222","3186",40.7195861164717,-74.0431174635887,"3268",40.7134638266919,-74.0628585219383,"Subscriber",1980,"Male"
"31681","2018-01-21 13:56:27.353","2018-01-21 14:14:28.547","3268",40.7134638266919,-74.0628585219383,"3192",40.7112423,-74.0557013,"Customer",1969,"Unknown"
"31681","2018-01-21 14:15:36.54","2018-01-21 14:23:07.763","3192",40.7112423,-74.0557013,"3192",40.7112423,-74.0557013,"Customer",1969,"Unknown"
"31681","2018-01-21 15:47:18.688","2018-01-21 15:55:24.473","3192",40.7112423,-74.0557013,"3186",40.7195861164717,-74.0431174635887,"Subscriber",1990,"Female"
"31681","2018-01-21 16:13:46.042","2018-01-21 16:45:38.659","3186",40.7195861164717,-74.0431174635887,"3203",40.727595966,-74.044247311,"Subscriber",1976,"Male"
"31681","2018-01-21 17:51:55.512","2018-01-21 17:55:10.456","3203",40.727595966,-74.044247311,"3211",40.72152515,-74.046304543,"Subscriber",1991,"Male"
"31681","2018-01-22 08:25:39.64","2018-01-22 08:33:15.967","3211",40.72152515,-74.046304543,"3202",40.7272235,-74.0337589,"Subscriber",1988,"Male"
"31681","2018-01-22 08:56:19.619","2018-01-22 09:05:04.158","3202",40.7272235,-74.0337589,"3203",40.727595966,-74.044247311,"Subscriber",1989,"Male"
"31681","2018-01-22 09:10:00.056","2018-01-22 09:15:08.21","3203",40.727595966,-74.044247311,"3186",40.7195861164717,-74.0431174635887,"Subscriber",1983,"Female"
"31681","2018-01-22 12:44:38.005","2018-01-22 12:49:44.155","3186",40.7195861164717,-74.0431174635887,"3203",40.727595966,-74.044247311,"Subscriber",1984,"Male"
"31681","2018-01-22 13:39:50.857","2018-01-22 13:46:59.438","3203",40.727595966,-74.044247311,"3185",40.7177325,-74.043845,"Subscriber",1956,"Male"
"31681","2018-01-22 21:12:08.664","2018-01-22 21:13:59.36","3185",40.7177325,-74.043845,"3213",40.71848892,-74.047726625,"Subscriber",1967,"Female"
"31681","2018-01-23 07:14:36.751","2018-01-23 07:17:57.144","3213",40.71848892,-74.047726625,"3186",40.7195861164717,-74.0431174635887,"Subscriber",1970,"Male"
"31681","2018-01-23 18:47:55.839","2018-01-23 18:57:03.194","3185",40.7177325,-74.043845,"3192",40.7112423,-74.0557013,"Subscriber",1983,"Male"
"31681","2018-01-23 18:58:49.403","2018-01-23 19:08:39.827","3192",40.7112423,-74.0557013,"3209",40.7241765,-74.0506564,"Subscriber",1976,"Male"
"31681","2018-01-23 19:11:26.638","2018-01-23 19:53:26.364","3209",40.7241765,-74.0506564,"3209",40.7241765,-74.0506564,"Subscriber",1986,"Male"
"31681","2018-01-24 08:19:23.917","2018-01-24 08:24:18.206","3209",40.7241765,-74.0506564,"3186",40.7195861164717,-74.0431174635887,"Subscriber",1982,"Female"
"31681","2018-01-24 10:01:41.618","2018-01-24 10:06:13.863","3186",40.7195861164717,-74.0431174635887,"3183",40.7162469,-74.0334588,"Subscriber",1969,"Unknown"
"31681","2018-01-26 17:51:14.121","2018-01-26 17:53:02.468","3183",40.7162469,-74.0334588,"3639",40.7192517,-74.034234,"Subscriber",1988,"Male"
"31681","2018-01-26 17:54:26.73","2018-01-26 17:58:50.319","3639",40.7192517,-74.034234,"3202",40.7272235,-74.0337589,"Subscriber",1962,"Male"
"31681","2018-01-26 21:03:46.337","2018-01-26 21:12:16.581","3202",40.7272235,-74.0337589,"3214",40.7127742,-74.0364857,"Subscriber",1958,"Male"
"31681","2018-01-27 07:59:23.266","2018-01-27 08:03:33.577","3214",40.7127742,-74.0364857,"3275",40.7183551982321,-74.0389144420624,"Subscriber",1983,"Female"
"31681","2018-01-27 09:05:22.491","2018-01-27 09:11:04.164","3275",40.7183551982321,-74.0389144420624,"3214",40.7127742,-74.0364857,"Subscriber",1983,"Female"
"31681","2018-01-27 11:58:13.82","2018-01-27 12:02:10.036","3214",40.7127742,-74.0364857,"3275",40.7183551982321,-74.0389144420624,"Subscriber",1981,"Female"
"31681","2018-01-27 14:27:37.646","2018-01-27 14:33:17.709","3275",40.7183551982321,-74.0389144420624,"3267",40.7124188237569,-74.0385255217552,"Subscriber",1989,"Male"
"31681","2018-01-27 15:33:42.834","2018-01-27 15:37:20.954","3267",40.7124188237569,-74.0385255217552,"3276",40.7145840353589,-74.042817056179,"Subscriber",1952,"Male"
"31681","2018-01-28 13:06:15.026","2018-01-28 13:15:01.009","3276",40.7145840353589,-74.042817056179,"3276",40.7145840353589,-74.042817056179,"Subscriber",1990,"Male"
"31681","2018-01-28 15:47:04.435","2018-01-28 16:10:04.19","3276",40.7145840353589,-74.042817056179,"3184",40.7141454,-74.0335519,"Subscriber",1986,"Female"
"31681","2018-01-28 17:33:10.153","2018-01-28 17:45:03.863","3184",40.7141454,-74.0335519,"3184",40.7141454,-74.0335519,"Subscriber",1971,"Male"
"31681","2018-01-28 19:03:54.978","2018-01-28 19:13:04.399","3184",40.7141454,-74.0335519,"3185",40.7177325,-74.043845,"Subscriber",1982,"Male"
"31681","2018-01-29 10:06:17.583","2018-01-29 10:10:38.889","3185",40.7177325,-74.043845,"3183",40.7162469,-74.0334588,"Subscriber",1980,"Male"
"31681","2018-01-29 18:44:38.842","2018-01-29 18:49:34.404","3183",40.7162469,-74.0334588,"3214",40.7127742,-74.0364857,"Subscriber",1974,"Male"
"31681","2018-01-29 18:59:07.837","2018-01-29 19:02:35.248","3214",40.7127742,-74.0364857,"3275",40.7183551982321,-74.0389144420624,"Subscriber",1981,"Male"
"31681","2018-01-29 19:10:00.727","2018-01-29 19:16:18.149","3275",40.7183551982321,-74.0389144420624,"3209",40.7241765,-74.0506564,"Subscriber",1980,"Male"
"31681","2018-01-30 08:34:15.622","2018-01-30 08:41:06.954","3209",40.7241765,-74.0506564,"3186",40.7195861164717,-74.0431174635887,"Subscriber",1986,"Male"
"31681","2018-01-30 17:59:29.415","2018-01-30 18:01:18.485","3186",40.7195861164717,-74.0431174635887,"3185",40.7177325,-74.043845,"Subscriber",1988,"Male"
"31681","2018-01-30 18:10:54.011","2018-01-30 18:12:51.994","3185",40.7177325,-74.043845,"3213",40.71848892,-74.047726625,"Subscriber",1978,"Male"
"31681","2018-02-01 09:07:55.504","2018-02-01 09:20:42.074","3638",40.7242941,-74.0354826,"3185",40.7177325,-74.043845,"Customer",1969,"Unknown"
"31681","2018-02-01 10:00:36.663","2018-02-01 10:05:10.494","3185",40.7177325,-74.043845,"3183",40.7162469,-74.0334588,"Subscriber",1980,"Male"
"31681","2018-02-01 18:22:12.549","2018-02-01 18:26:02.744","3183",40.7162469,-74.0334588,"3276",40.7145840353589,-74.042817056179,"Subscriber",1986,"Male"
"31681","2018-02-01 19:49:45.831","2018-02-01 19:53:24.778","3276",40.7145840353589,-74.042817056179,"3205",40.7165397809919,-74.0496379137039,"Subscriber",1978,"Male"
"31681","2018-02-02 07:40:56.88","2018-02-02 07:45:21.501","3205",40.7165397809919,-74.0496379137039,"3186",40.7195861164717,-74.0431174635887,"Subscriber",1989,"Male"
"31681","2018-02-02 09:03:53.403","2018-02-02 09:09:57.706","3186",40.7195861164717,-74.0431174635887,"3183",40.7162469,-74.0334588,"Subscriber",1970,"Male"
"31681","2018-02-02 09:22:58.815","2018-02-02 09:27:38.829","3203",40.727595966,-74.044247311,"3186",40.7195861164717,-74.0431174635887,"Subscriber",1974,"Male"
"31681","2018-02-02 18:25:36.967","2018-02-02 18:36:29.223","3186",40.7195861164717,-74.0431174635887,"3190",40.7104670233797,-74.0700387954712,"Subscriber",1987,"Male"
"31681","2018-02-09 10:19:52.382","2018-02-09 10:31:52.093","3190",40.7104670233797,-74.0700387954712,"3186",40.7195861164717,-74.0431174635887,"Subscriber",1988,"Male"
"31681","2018-02-09 15:14:51.486","2018-02-09 15:19:50.42","3186",40.7195861164717,-74.0431174635887,"3203",40.727595966,-74.044247311,"Subscriber",1956,"Male"
"31681","2018-02-09 17:38:39.077","2018-02-09 17:42:28.029","3186",40.7195861164717,-74.0431174635887,"3205",40.7165397809919,-74.0496379137039,"Subscriber",1989,"Male"
"31681","2018-02-10 16:22:57.867","2018-02-10 16:27:04.874","3205",40.7165397809919,-74.0496379137039,"3186",40.7195861164717,-74.0431174635887,"Subscriber",1989,"Male"
"31681","2018-02-10 16:30:00.154","2018-02-10 16:33:01.491","3186",40.7195861164717,-74.0431174635887,"3213",40.71848892,-74.047726625,"Subscriber",1983,"Male"
"31681","2018-02-11 17:51:28.408","2018-02-11 17:54:48.475","3213",40.71848892,-74.047726625,"3276",40.7145840353589,-74.042817056179,"Subscriber",1983,"Male"
"31681","2018-02-11 18:10:46.825","2018-02-11 18:20:28.748","3276",40.7145840353589,-74.042817056179,"3272",40.7233315864644,-74.0459525585174,"Subscriber",1988,"Female"
"31681","2018-02-11 18:41:54.22","2018-02-11 18:45:32.775","3272",40.7233315864644,-74.0459525585174,"3279",40.7216301426384,-74.0499678254128,"Subscriber",1988,"Female"
"31681","2018-02-12 07:00:37.222","2018-02-12 07:03:03.565","3279",40.7216301426384,-74.0499678254128,"3186",40.7195861164717,-74.0431174635887,"Subscriber",1977,"Male"
"31681","2018-02-12 08:54:55.747","2018-02-12 08:57:30.255","3213",40.71848892,-74.047726625,"3185",40.7177325,-74.043845,"Subscriber",1986,"Male"
"31681","2018-02-12 18:21:56.004","2018-02-12 18:23:41.87","3185",40.7177325,-74.043845,"3213",40.71848892,-74.047726625,"Subscriber",1986,"Male"
"31681","2018-02-12 18:35:02.369","2018-02-12 18:38:46.003","3213",40.71848892,-74.047726625,"3186",40.7195861164717,-74.0431174635887,"Subscriber",1981,"Female"
"31681","2018-02-12 18:39:29.25","2018-02-12 18:43:37.737","3186",40.7195861164717,-74.0431174635887,"3203",40.727595966,-74.044247311,"Subscriber",1990,"Male"
"31681","2018-02-12 19:34:00.901","2018-02-12 19:37:33.592","3186",40.7195861164717,-74.0431174635887,"3213",40.71848892,-74.047726625,"Subscriber",1959,"Female"
"31681","2018-02-12 19:37:52.026","2018-02-12 19:42:13.107","3213",40.71848892,-74.047726625,"3186",40.7195861164717,-74.0431174635887,"Subscriber",1976,"Male"
"31681","2018-02-12 19:44:45.527","2018-02-12 19:49:56.387","3186",40.7195861164717,-74.0431174635887,"3278",40.725685483629,-74.0487903356552,"Subscriber",1956,"Male"
"31681","2018-02-13 07:36:43.312","2018-02-13 07:41:16.443","3278",40.725685483629,-74.0487903356552,"3186",40.7195861164717,-74.0431174635887,"Subscriber",1983,"Female"
"31681","2018-02-13 17:50:06.806","2018-02-13 17:53:45.591","3186",40.7195861164717,-74.0431174635887,"3203",40.727595966,-74.044247311,"Subscriber",1975,"Male"
"31681","2018-02-13 18:50:24.864","2018-02-13 18:53:55.575","3186",40.7195861164717,-74.0431174635887,"3205",40.7165397809919,-74.0496379137039,"Subscriber",1989,"Male"
"31681","2018-02-13 20:14:32.372","2018-02-13 20:19:04.864","3205",40.7165397809919,-74.0496379137039,"3186",40.7195861164717,-74.0431174635887,"Subscriber",1975,"Male"
"31681","2018-02-13 20:25:34.418","2018-02-13 20:31:18.415","3186",40.7195861164717,-74.0431174635887,"3267",40.7124188237569,-74.0385255217552,"Subscriber",1958,"Male"
"31681","2018-02-14 05:14:01.776","2018-02-14 05:18:03.547","3267",40.7124188237569,-74.0385255217552,"3183",40.7162469,-74.0334588,"Subscriber",1994,"Male"
"31681","2018-02-14 08:50:15.52","2018-02-14 08:56:50.01","3270",40.7252891078113,-74.0455716848373,"3185",40.7177325,-74.043845,"Subscriber",1984,"Male"
"31681","2018-02-14 09:26:17.014","2018-02-14 09:28:57.169","3185",40.7177325,-74.043845,"3275",40.7183551982321,-74.0389144420624,"Subscriber",1983,"Male"
"31681","2018-02-14 13:39:31.459","2018-02-14 13:53:10.999","3275",40.7183551982321,-74.0389144420624,"3225",40.7236589,-74.0641943,"Subscriber",1967,"Male"
"31681","2018-02-14 15:01:18.285","2018-02-14 15:12:53.564","3225",40.7236589,-74.0641943,"3185",40.7177325,-74.043845,"Subscriber",1967,"Male"
"31681","2018-02-14 19:19:39.101","2018-02-14 19:22:01.127","3185",40.7177325,-74.043845,"3205",40.7165397809919,-74.0496379137039,"Subscriber",1976,"Male"
"31681","2018-02-15 17:45:18.813","2018-02-15 17:48:24.352","3183",40.7162469,-74.0334588,"3267",40.7124188237569,-74.0385255217552,"Subscriber",1980,"Male"
"31681","2018-02-15 18:26:26.024","2018-02-15 18:31:25.08","3267",40.7124188237569,-74.0385255217552,"3186",40.7195861164717,-74.0431174635887,"Subscriber",1988,"Male"
"31681","2018-02-15 18:37:10.8","2018-02-15 18:41:02.547","3186",40.7195861164717,-74.0431174635887,"3278",40.725685483629,-74.0487903356552,"Subscriber",1987,"Male"
"31681","2018-02-16 09:03:13.171","2018-02-16 09:05:50.606","3199",40.7287448,-74.0321082,"3638",40.7242941,-74.0354826,"Subscriber",1975,"Female"
"31681","2018-02-18 16:37:34.694","2018-02-18 16:46:03.665","3638",40.7242941,-74.0354826,"3183",40.7162469,-74.0334588,"Subscriber",1955,"Male"
"31681","2018-02-18 17:01:48.396","2018-02-18 17:07:57.832","3183",40.7162469,-74.0334588,"3202",40.7272235,-74.0337589,"Subscriber",1990,"Male"
"31681","2018-02-21 08:11:29.627","2018-02-21 08:19:07.559","3199",40.7287448,-74.0321082,"3183",40.7162469,-74.0334588,"Subscriber",1976,"Male"
"31681","2018-02-21 17:22:18.907","2018-02-21 17:27:25.658","3183",40.7162469,-74.0334588,"3267",40.7124188237569,-74.0385255217552,"Subscriber",1980,"Male"
"31681","2018-02-21 18:53:49.509","2018-02-21 18:57:27.733","3186",40.7195861164717,-74.0431174635887,"3270",40.7252891078113,-74.0455716848373,"Subscriber",1986,"Male"
"31681","2018-02-22 09:21:42.924","2018-02-22 09:25:09.163","3270",40.7252891078113,-74.0455716848373,"3186",40.7195861164717,-74.0431174635887,"Subscriber",1987,"Female"
"31681","2018-02-22 19:44:01.835","2018-02-22 19:47:21.934","3186",40.7195861164717,-74.0431174635887,"3213",40.71848892,-74.047726625,"Subscriber",1962,"Male"
"31681","2018-02-23 08:27:19.655","2018-02-23 08:32:13.597","3213",40.71848892,-74.047726625,"3270",40.7252891078113,-74.0455716848373,"Subscriber",1988,"Female"
"31681","2018-02-23 08:34:05.52","2018-02-23 08:38:34.227","3270",40.7252891078113,-74.0455716848373,"3186",40.7195861164717,-74.0431174635887,"Subscriber",1960,"Male"
"31681","2018-02-23 19:09:31.327","2018-02-23 19:12:05.205","3272",40.7233315864644,-74.0459525585174,"3186",40.7195861164717,-74.0431174635887,"Subscriber",1986,"Male"
"31681","2018-02-23 20:35:24.731","2018-02-23 20:39:40.924","3186",40.7195861164717,-74.0431174635887,"3276",40.7145840353589,-74.042817056179,"Subscriber",1990,"Male"
"31681","2018-02-24 06:10:28.876","2018-02-24 06:13:35.581","3276",40.7145840353589,-74.042817056179,"3186",40.7195861164717,-74.0431174635887,"Subscriber",1992,"Female"
"31681","2018-02-24 11:46:48.716","2018-02-24 11:48:12.238","3186",40.7195861164717,-74.0431174635887,"3273",40.72165072488,-74.0428841114044,"Subscriber",1970,"Male"
"31681","2018-02-24 11:51:07.183","2018-02-24 11:56:09.753","3273",40.72165072488,-74.0428841114044,"3213",40.71848892,-74.047726625,"Subscriber",1987,"Female"
"31681","2018-02-24 12:24:27.22","2018-02-24 12:32:01.618","3213",40.71848892,-74.047726625,"3186",40.7195861164717,-74.0431174635887,"Subscriber",1962,"Male"
"31681","2018-02-24 17:55:46.823","2018-02-24 18:03:46.098","3186",40.7195861164717,-74.0431174635887,"3214",40.7127742,-74.0364857,"Subscriber",1976,"Female"
"31681","2018-02-24 18:28:10.615","2018-02-24 18:38:35.513","3214",40.7127742,-74.0364857,"3209",40.7241765,-74.0506564,"Subscriber",1995,"Female"
"31681","2018-02-25 16:01:28.785","2018-02-25 16:04:32.028","3209",40.7241765,-74.0506564,"3186",40.7195861164717,-74.0431174635887,"Subscriber",1994,"Male"
"31681","2018-02-25 19:26:01.998","2018-02-25 19:29:28.62","3186",40.7195861164717,-74.0431174635887,"3209",40.7241765,-74.0506564,"Subscriber",1990,"Male"
"31681","2018-02-26 06:30:14.399","2018-02-26 06:33:07.492","3209",40.7241765,-74.0506564,"3186",40.7195861164717,-74.0431174635887,"Subscriber",1980,"Male"
"31681","2018-02-26 07:05:35.746","2018-02-26 07:10:02.065","3203",40.727595966,-74.044247311,"3186",40.7195861164717,-74.0431174635887,"Subscriber",1978,"Male"
"31681","2018-02-26 08:08:32.735","2018-02-26 08:13:28.486","3269",40.7260117296463,-74.0503889322281,"3186",40.7195861164717,-74.0431174635887,"Subscriber",1983,"Male"
"31681","2018-02-26 09:05:45.068","2018-02-26 09:15:02.969","3192",40.7112423,-74.0557013,"3185",40.7177325,-74.043845,"Subscriber",1990,"Male"
"31681","2018-02-26 09:57:50.198","2018-02-26 10:02:13.207","3185",40.7177325,-74.043845,"3183",40.7162469,-74.0334588,"Subscriber",1980,"Male"
"31681","2018-02-26 17:37:54.653","2018-02-26 17:44:01.18","3183",40.7162469,-74.0334588,"3213",40.71848892,-74.047726625,"Subscriber",1971,"Male"
"31681","2018-02-27 06:50:51.543","2018-02-27 06:53:15.363","3213",40.71848892,-74.047726625,"3272",40.7233315864644,-74.0459525585174,"Subscriber",1962,"Male"
"31681","2018-02-27 09:06:20.728","2018-02-27 09:08:43.607","3272",40.7233315864644,-74.0459525585174,"3186",40.7195861164717,-74.0431174635887,"Subscriber",1952,"Male"
"31681","2018-02-27 18:31:39.76","2018-02-27 18:36:14.351","3186",40.7195861164717,-74.0431174635887,"3203",40.727595966,-74.044247311,"Subscriber",1964,"Male"
"31681","2018-02-27 20:21:22.534","2018-02-27 20:25:12.995","3186",40.7195861164717,-74.0431174635887,"3279",40.7216301426384,-74.0499678254128,"Subscriber",1986,"Male"
"31681","2018-02-28 09:31:00.985","2018-02-28 09:33:42.694","3279",40.7216301426384,-74.0499678254128,"3186",40.7195861164717,-74.0431174635887,"Subscriber",1990,"Female"
"31681","2018-02-28 18:09:03.52","2018-02-28 18:10:10.47","3186",40.7195861164717,-74.0431174635887,"3185",40.7177325,-74.043845,"Subscriber",1984,"Male"
"31681","2018-02-28 18:26:55.786","2018-02-28 18:32:58.814","3185",40.7177325,-74.043845,"3279",40.7216301426384,-74.0499678254128,"Subscriber",1960,"Male"
"31681","2018-03-01 08:45:08.925","2018-03-01 08:48:41.692","3279",40.7216301426384,-74.0499678254128,"3185",40.7177325,-74.043845,"Subscriber",1990,"Female"
"31681","2018-03-01 18:07:45.931","2018-03-01 18:10:15.586","3185",40.7177325,-74.043845,"3481",40.71649,-74.04105,"Subscriber",1957,"Male"
"31681","2018-03-03 11:41:16.027","2018-03-03 12:21:09.721","3481",40.71649,-74.04105,"3192",40.7112423,-74.0557013,"Subscriber",1986,"Female"
"31681","2018-03-03 17:40:34.822","2018-03-03 17:49:07.974","3192",40.7112423,-74.0557013,"3205",40.7165397809919,-74.0496379137039,"Subscriber",1970,"Female"
"31681","2018-03-05 17:21:01.396","2018-03-05 17:25:35.792","3205",40.7165397809919,-74.0496379137039,"3192",40.7112423,-74.0557013,"Subscriber",1987,"Male"
"31681","2018-03-05 18:55:57.234","2018-03-05 18:59:08.073","3192",40.7112423,-74.0557013,"3268",40.7134638266919,-74.0628585219383,"Subscriber",1984,"Male"
"31681","2018-03-06 21:16:22.011","2018-03-06 21:23:14.027","3195",40.7307426253066,-74.0637838840485,"3207",40.7376037,-74.0524783,"Subscriber",1976,"Female"
"31681","2018-03-08 09:52:35.576","2018-03-08 09:58:35.626","3207",40.7376037,-74.0524783,"3640",40.73367,-74.0625,"Subscriber",1983,"Male"
"31681","2018-03-09 12:31:16.432","2018-03-09 12:47:00.667","3640",40.73367,-74.0625,"3202",40.7272235,-74.0337589,"Subscriber",1956,"Male"
"31681","2018-03-09 18:02:07.633","2018-03-09 18:04:51.826","3202",40.7272235,-74.0337589,"3199",40.7287448,-74.0321082,"Customer",1997,"Male"
"31681","2018-03-11 14:31:38.608","2018-03-11 15:11:39.166","3199",40.7287448,-74.0321082,"3199",40.7287448,-74.0321082,"Customer",1969,"Unknown"
"31681","2018-03-11 15:14:37.773","2018-03-11 15:37:22.808","3199",40.7287448,-74.0321082,"3639",40.7192517,-74.034234,"Customer",1969,"Unknown"
"31681","2018-03-11 15:39:09.19","2018-03-11 15:46:03.674","3639",40.7192517,-74.034234,"3183",40.7162469,-74.0334588,"Subscriber",1984,"Male"
"31681","2018-03-12 09:19:01.829","2018-03-12 09:24:34.137","3269",40.7260117296463,-74.0503889322281,"3273",40.72165072488,-74.0428841114044,"Subscriber",1985,"Male"
"31681","2018-03-12 19:01:05.553","2018-03-12 19:05:06.096","3273",40.72165072488,-74.0428841114044,"3211",40.72152515,-74.046304543,"Subscriber",1978,"Female"
"31681","2018-03-13 20:44:30.481","2018-03-13 20:48:43.025","3183",40.7162469,-74.0334588,"3267",40.7124188237569,-74.0385255217552,"Subscriber",1988,"Male"
"31681","2018-03-14 06:02:41.101","2018-03-14 06:05:50.659","3267",40.7124188237569,-74.0385255217552,"3275",40.7183551982321,-74.0389144420624,"Subscriber",1958,"Male"
"31681","2018-03-14 18:21:43.156","2018-03-14 18:23:10.338","3275",40.7183551982321,-74.0389144420624,"3187",40.7211236,-74.03805095,"Subscriber",1979,"Male"
"31681","2018-03-15 09:19:50.252","2018-03-15 09:23:18.083","3187",40.7211236,-74.03805095,"3183",40.7162469,-74.0334588,"Subscriber",1975,"Male"
"31681","2018-03-15 11:49:07.489","2018-03-15 11:53:17.171","3267",40.7124188237569,-74.0385255217552,"3184",40.7141454,-74.0335519,"Subscriber",1969,"Male"
"31681","2018-03-15 17:09:27.323","2018-03-15 17:19:38.245","3184",40.7141454,-74.0335519,"3199",40.7287448,-74.0321082,"Subscriber",1963,"Male"
"31681","2018-03-19 13:17:29.132","2018-03-19 13:30:30.395","3199",40.7287448,-74.0321082,"3199",40.7287448,-74.0321082,"Subscriber",1963,"Male"
"31681","2018-03-19 17:43:53.155","2018-03-19 17:51:42.234","3199",40.7287448,-74.0321082,"3211",40.72152515,-74.046304543,"Subscriber",1986,"Male"
"31681","2018-03-20 08:03:34.491","2018-03-20 08:06:00.505","3211",40.72152515,-74.046304543,"3185",40.7177325,-74.043845,"Subscriber",1979,"Male"
"31681","2018-03-20 14:30:04.201","2018-03-20 14:50:07.805","3185",40.7177325,-74.043845,"3220",40.7349610200095,-74.0595030784607,"Subscriber",1991,"Male"
"31681","2018-03-20 17:38:08.642","2018-03-20 17:49:27.604","3220",40.7349610200095,-74.0595030784607,"3225",40.7236589,-74.0641943,"Subscriber",1991,"Male"
"31681","2018-03-20 18:38:11.86","2018-03-20 18:39:40.834","3225",40.7236589,-74.0641943,"3194",40.7253399253558,-74.0676221251488,"Subscriber",1989,"Male"
"31681","2018-03-20 18:41:47.429","2018-03-20 18:45:24.407","3194",40.7253399253558,-74.0676221251488,"3195",40.7307426253066,-74.0637838840485,"Subscriber",1989,"Male"
"31681","2018-03-20 19:59:50.507","2018-03-20 20:03:52.495","3195",40.7307426253066,-74.0637838840485,"3225",40.7236589,-74.0641943,"Subscriber",1989,"Male"
"31681","2018-03-21 08:23:59.071","2018-03-21 08:29:01.362","3225",40.7236589,-74.0641943,"3195",40.7307426253066,-74.0637838840485,"Subscriber",1989,"Male"
"31681","2018-03-23 17:55:11.171","2018-03-23 18:07:26.17","3195",40.7307426253066,-74.0637838840485,"3191",40.7182113,-74.0836394,"Subscriber",1990,"Male"
"31681","2018-03-24 15:14:42.508","2018-03-24 15:37:26.671","3191",40.7182113,-74.0836394,"3202",40.7272235,-74.0337589,"Subscriber",1990,"Male"
"31681","2018-03-26 09:13:49.305","2018-03-26 09:19:57.305","3267",40.7124188237569,-74.0385255217552,"3183",40.7162469,-74.0334588,"Subscriber",1984,"Male"
"31681","2018-03-26 18:13:25.165","2018-03-26 18:17:44.409","3195",40.7307426253066,-74.0637838840485,"3225",40.7236589,-74.0641943,"Subscriber",1989,"Male"
"31681","2018-03-26 18:25:08.373","2018-03-26 18:26:45.093","3225",40.7236589,-74.0641943,"3194",40.7253399253558,-74.0676221251488,"Subscriber",1992,"Male"
"31681","2018-03-26 20:19:37.094","2018-03-26 20:22:11.801","3194",40.7253399253558,-74.0676221251488,"3225",40.7236589,-74.0641943,"Subscriber",1992,"Male"
"31681","2018-03-27 08:26:36.542","2018-03-27 08:30:36.355","3225",40.7236589,-74.0641943,"3195",40.7307426253066,-74.0637838840485,"Subscriber",1989,"Male"
"31681","2018-03-27 09:04:15.234","2018-03-27 09:10:17.515","3195",40.7307426253066,-74.0637838840485,"3280",40.719282200707,-74.071261882782,"Subscriber",1983,"Male"
"31681","2018-03-27 09:36:55.951","2018-03-27 09:47:29.939","3280",40.719282200707,-74.071261882782,"3185",40.7177325,-74.043845,"Subscriber",1957,"Male"
"31681","2018-03-27 11:31:44.232","2018-03-27 11:36:53.522","3185",40.7177325,-74.043845,"3203",40.727595966,-74.044247311,"Subscriber",1973,"Male"
"31681","2018-03-27 12:27:17.502","2018-03-27 12:32:47.247","3203",40.727595966,-74.044247311,"3186",40.7195861164717,-74.0431174635887,"Subscriber",1976,"Female"
"31681","2018-03-27 14:57:49.993","2018-03-27 15:02:41.908","3186",40.7195861164717,-74.0431174635887,"3205",40.7165397809919,-74.0496379137039,"Subscriber",1976,"Female"
"31681","2018-03-28 14:07:56.271","2018-03-28 14:43:21.702","3205",40.7165397809919,-74.0496379137039,"3186",40.7195861164717,-74.0431174635887,"Subscriber",1980,"Male"
"31681","2018-03-28 17:43:04.725","2018-03-28 17:46:52.238","3186",40.7195861164717,-74.0431174635887,"3278",40.725685483629,-74.0487903356552,"Subscriber",1969,"Unknown"
"31681","2018-03-28 19:57:03.271","2018-03-28 20:01:42.093","3278",40.725685483629,-74.0487903356552,"3186",40.7195861164717,-74.0431174635887,"Subscriber",1984,"Male"
"31681","2018-03-28 20:26:02.496","2018-03-28 20:30:28.721","3186",40.7195861164717,-74.0431174635887,"3278",40.725685483629,-74.0487903356552,"Subscriber",1981,"Female"
"31681","2018-03-28 20:35:41.936","2018-03-28 20:41:57.263","3278",40.725685483629,-74.0487903356552,"3186",40.7195861164717,-74.0431174635887,"Subscriber",1987,"Female"
"31681","2018-03-28 20:51:10.361","2018-03-28 20:54:18.939","3186",40.7195861164717,-74.0431174635887,"3276",40.7145840353589,-74.042817056179,"Subscriber",1985,"Male"
"31681","2018-03-29 12:40:31.07","2018-03-29 12:46:16.946","3276",40.7145840353589,-74.042817056179,"3638",40.7242941,-74.0354826,"Subscriber",1990,"Male"
"31681","2018-03-29 12:49:07.422","2018-03-29 12:52:33.087","3638",40.7242941,-74.0354826,"3275",40.7183551982321,-74.0389144420624,"Subscriber",1969,"Unknown"
"31681","2018-03-30 23:17:17.697","2018-03-30 23:28:22.656","3275",40.7183551982321,-74.0389144420624,"3267",40.7124188237569,-74.0385255217552,"Subscriber",1991,"Male"
"31681","2018-03-31 15:11:42.808","2018-03-31 15:23:31.901","3267",40.7124188237569,-74.0385255217552,"3183",40.7162469,-74.0334588,"Subscriber",1991,"Male"
"31681","2018-03-31 15:42:44.912","2018-03-31 16:07:44.465","3183",40.7162469,-74.0334588,"3210",40.742677141,-74.051788633,"Subscriber",1991,"Male"
"31681","2018-03-31 18:06:30.482","2018-03-31 18:18:13.912","3210",40.742677141,-74.051788633,"3640",40.73367,-74.0625,"Subscriber",1991,"Male"
"31681","2018-03-31 19:54:45.099","2018-03-31 19:59:35.365","3640",40.73367,-74.0625,"3207",40.7376037,-74.0524783,"Subscriber",1989,"Male"
"31681","2018-03-31 20:26:31.105","2018-03-31 20:30:14.273","3207",40.7376037,-74.0524783,"3210",40.742677141,-74.051788633,"Subscriber",1993,"Male"
"31681","2018-04-01 19:08:51.694","2018-04-01 19:18:56.822","3210",40.742677141,-74.051788633,"3211",40.72152515,-74.046304543,"Subscriber",1975,"Male"
"31681","2018-04-01 21:26:21.312","2018-04-01 21:28:14.51","3211",40.72152515,-74.046304543,"3213",40.71848892,-74.047726625,"Subscriber",1965,"Male"
"31681","2018-04-03 09:37:27.373","2018-04-03 09:39:33.309","3213",40.71848892,-74.047726625,"3186",40.7195861164717,-74.0431174635887,"Subscriber",1977,"Male"
"31681","2018-04-03 18:53:56.216","2018-04-03 18:57:52.136","3186",40.7195861164717,-74.0431174635887,"3203",40.727595966,-74.044247311,"Subscriber",1987,"Female"
"31681","2018-04-04 06:36:41.172","2018-04-04 06:41:46.669","3203",40.727595966,-74.044247311,"3186",40.7195861164717,-74.0431174635887,"Subscriber",1987,"Female"
"31681","2018-04-04 07:53:07.949","2018-04-04 07:55:50.659","3267",40.7124188237569,-74.0385255217552,"3184",40.7141454,-74.0335519,"Subscriber",1993,"Male"
"31681","2018-04-04 17:12:36.585","2018-04-04 17:19:26.738","3184",40.7141454,-74.0335519,"3186",40.7195861164717,-74.0431174635887,"Subscriber",1983,"Male"
"31681","2018-04-04 17:41:08.856","2018-04-04 17:42:56.337","3186",40.7195861164717,-74.0431174635887,"3185",40.7177325,-74.043845,"Subscriber",1957,"Male"
"31681","2018-04-04 18:41:28.646","2018-04-04 18:49:15.164","3185",40.7177325,-74.043845,"3214",40.7127742,-74.0364857,"Subscriber",1976,"Female"
"31681","2018-04-05 08:36:04.061","2018-04-05 08:40:01.609","3214",40.7127742,-74.0364857,"3183",40.7162469,-74.0334588,"Subscriber",1992,"Male"
"31681","2018-04-05 10:22:04.903","2018-04-05 10:31:19.57","3267",40.7124188237569,-74.0385255217552,"3209",40.7241765,-74.0506564,"Subscriber",1961,"Male"
"31681","2018-04-05 11:35:06.978","2018-04-05 11:43:25.899","3209",40.7241765,-74.0506564,"3225",40.7236589,-74.0641943,"Subscriber",1987,"Male"
"31681","2018-04-05 17:25:32.327","2018-04-05 17:33:08.308","3225",40.7236589,-74.0641943,"3213",40.71848892,-74.047726625,"Subscriber",1978,"Male"
"31681","2018-04-05 17:40:32.272","2018-04-05 17:42:19.68","3213",40.71848892,-74.047726625,"3185",40.7177325,-74.043845,"Subscriber",1987,"Male"
"31681","2018-04-05 17:44:49.804","2018-04-05 18:13:06.268","3185",40.7177325,-74.043845,"3192",40.7112423,-74.0557013,"Subscriber",1994,"Male"
"31681","2018-04-05 18:19:33.671","2018-04-05 18:23:27.624","3192",40.7112423,-74.0557013,"3268",40.7134638266919,-74.0628585219383,"Subscriber",1984,"Male"
"31681","2018-04-06 18:40:49.906","2018-04-06 18:51:32.96","3268",40.7134638266919,-74.0628585219383,"3213",40.71848892,-74.047726625,"Subscriber",1968,"Male"
"31681","2018-04-06 21:59:39.594","2018-04-06 22:11:00.875","3213",40.71848892,-74.047726625,"3268",40.7134638266919,-74.0628585219383,"Subscriber",1968,"Male"
"31681","2018-04-07 07:32:18.726","2018-04-07 07:37:02.321","3268",40.7134638266919,-74.0628585219383,"3192",40.7112423,-74.0557013,"Subscriber",1968,"Male"
"31681","2018-04-08 10:07:48.997","2018-04-08 10:39:48.632","3192",40.7112423,-74.0557013,"3192",40.7112423,-74.0557013,"Subscriber",1988,"Male"
"31681","2018-04-08 19:24:28.348","2018-04-08 19:33:13.321","3192",40.7112423,-74.0557013,"3211",40.72152515,-74.046304543,"Subscriber",1976,"Male"
"31681","2018-04-08 19:39:52.471","2018-04-08 19:42:03.46","3211",40.72152515,-74.046304543,"3186",40.7195861164717,-74.0431174635887,"Subscriber",1981,"Male"
"31681","2018-04-08 19:46:54.524","2018-04-08 19:49:14.345","3186",40.7195861164717,-74.0431174635887,"3213",40.71848892,-74.047726625,"Subscriber",1988,"Male"
"31681","2018-04-09 08:42:56.151","2018-04-09 08:45:21.147","3213",40.71848892,-74.047726625,"3186",40.7195861164717,-74.0431174635887,"Subscriber",1988,"Male"
"31681","2018-04-09 09:25:34.544","2018-04-09 09:32:02.283","3186",40.7195861164717,-74.0431174635887,"3269",40.7260117296463,-74.0503889322281,"Subscriber",1988,"Male"
"31681","2018-04-09 09:34:16.918","2018-04-09 09:40:48.549","3269",40.7260117296463,-74.0503889322281,"3213",40.71848892,-74.047726625,"Subscriber",1986,"Male"
"31681","2018-04-09 13:09:08.373","2018-04-09 13:10:30.272","3213",40.71848892,-74.047726625,"3185",40.7177325,-74.043845,"Subscriber",1970,"Male"
"31681","2018-04-09 15:45:47.792","2018-04-09 15:51:18.997","3185",40.7177325,-74.043845,"3267",40.7124188237569,-74.0385255217552,"Subscriber",1984,"Male"
"31681","2018-04-09 19:09:22.518","2018-04-09 19:14:28.601","3267",40.7124188237569,-74.0385255217552,"3205",40.7165397809919,-74.0496379137039,"Subscriber",1984,"Male"
"31681","2018-04-10 08:12:11.087","2018-04-10 08:16:09.853","3205",40.7165397809919,-74.0496379137039,"3211",40.72152515,-74.046304543,"Subscriber",1956,"Male"
"31681","2018-04-10 08:22:05.941","2018-04-10 08:25:33.168","3211",40.72152515,-74.046304543,"3205",40.7165397809919,-74.0496379137039,"Subscriber",1956,"Male"
"31681","2018-04-10 08:34:45.149","2018-04-10 08:37:51.739","3205",40.7165397809919,-74.0496379137039,"3185",40.7177325,-74.043845,"Subscriber",1983,"Male"
"31681","2018-04-10 18:11:02.331","2018-04-10 18:14:57.377","3185",40.7177325,-74.043845,"3279",40.7216301426384,-74.0499678254128,"Customer",1992,"Male"
"31681","2018-04-11 07:22:03.72","2018-04-11 07:24:34.643","3279",40.7216301426384,-74.0499678254128,"3186",40.7195861164717,-74.0431174635887,"Subscriber",1970,"Male"
"31681","2018-04-11 08:35:29.713","2018-04-11 08:52:10.335","3186",40.7195861164717,-74.0431174635887,"3280",40.719282200707,-74.071261882782,"Subscriber",1983,"Male"
"31681","2018-04-12 07:11:50.891","2018-04-12 07:19:23.703","3280",40.719282200707,-74.071261882782,"3195",40.7307426253066,-74.0637838840485,"Subscriber",1971,"Male"
"31681","2018-04-12 13:24:56.527","2018-04-12 13:39:49.736","3195",40.7307426253066,-74.0637838840485,"3276",40.7145840353589,-74.042817056179,"Subscriber",1977,"Male"
"31681","2018-04-12 14:58:18.198","2018-04-12 15:14:26.027","3276",40.7145840353589,-74.042817056179,"3199",40.7287448,-74.0321082,"Subscriber",1975,"Male"
"31681","2018-04-12 16:32:20.695","2018-04-12 16:44:22.076","3199",40.7287448,-74.0321082,"3276",40.7145840353589,-74.042817056179,"Subscriber",1975,"Male"
"31681","2018-04-13 08:38:31.606","2018-04-13 08:41:57.02","3276",40.7145840353589,-74.042817056179,"3183",40.7162469,-74.0334588,"Subscriber",1986,"Female"
"31681","2018-04-13 17:05:45.006","2018-04-13 17:09:52.23","3183",40.7162469,-74.0334588,"3185",40.7177325,-74.043845,"Subscriber",1981,"Male"
"31681","2018-04-13 19:54:10.662","2018-04-13 19:59:55.209","3185",40.7177325,-74.043845,"3203",40.727595966,-74.044247311,"Subscriber",1980,"Male"
"31681","2018-04-13 23:39:16.456","2018-04-13 23:44:22.272","3203",40.727595966,-74.044247311,"3186",40.7195861164717,-74.0431174635887,"Subscriber",1986,"Male"
"31681","2018-04-14 00:10:41.612","2018-04-14 00:22:23.182","3186",40.7195861164717,-74.0431174635887,"3205",40.7165397809919,-74.0496379137039,"Subscriber",1990,"Male"
"31681","2018-04-14 11:06:30.227","2018-04-14 11:26:24.51","3205",40.7165397809919,-74.0496379137039,"3202",40.7272235,-74.0337589,"Customer",1983,"Male"
"31681","2018-04-14 13:31:00.625","2018-04-14 13:54:07.611","3202",40.7272235,-74.0337589,"3638",40.7242941,-74.0354826,"Customer",1992,"Female"
"31681","2018-04-14 14:39:24.371","2018-04-14 14:46:02.472","3638",40.7242941,-74.0354826,"3203",40.727595966,-74.044247311,"Subscriber",1967,"Male"
"31681","2018-04-14 15:17:50.537","2018-04-14 15:46:21.872","3203",40.727595966,-74.044247311,"3273",40.72165072488,-74.0428841114044,"Customer",1969,"Unknown"
"31681","2018-04-14 15:49:12.18","2018-04-14 16:12:06.763","3273",40.72165072488,-74.0428841114044,"3638",40.7242941,-74.0354826,"Customer",1969,"Unknown"
"31681","2018-04-14 18:33:13.934","2018-04-14 18:47:39.268","3638",40.7242941,-74.0354826,"3267",40.7124188237569,-74.0385255217552,"Subscriber",1985,"Male"
"31681","2018-04-14 19:37:52.829","2018-04-14 19:48:57.471","3267",40.7124188237569,-74.0385255217552,"3202",40.7272235,-74.0337589,"Subscriber",1973,"Female"
"31681","2018-04-15 15:00:00.766","2018-04-15 15:02:29.586","3202",40.7272235,-74.0337589,"3199",40.7287448,-74.0321082,"Subscriber",1994,"Male"
"31681","2018-04-15 16:18:43.029","2018-04-15 16:29:59.364","3199",40.7287448,-74.0321082,"3183",40.7162469,-74.0334588,"Subscriber",1983,"Male"
"31681","2018-04-15 17:23:43.686","2018-04-15 17:30:27.16","3183",40.7162469,-74.0334588,"3202",40.7272235,-74.0337589,"Subscriber",1983,"Male"
"31681","2018-04-15 18:37:33.153","2018-04-15 18:47:25.294","3202",40.7272235,-74.0337589,"3269",40.7260117296463,-74.0503889322281,"Subscriber",1990,"Male"
"31681","2018-04-16 20:27:50.582","2018-04-16 20:31:36.127","3269",40.7260117296463,-74.0503889322281,"3211",40.72152515,-74.046304543,"Subscriber",1972,"Male"
"31681","2018-04-16 21:27:50.801","2018-04-16 21:29:56.764","3211",40.72152515,-74.046304543,"3209",40.7241765,-74.0506564,"Subscriber",1990,"Male"
"31681","2018-04-17 08:14:19.554","2018-04-17 08:19:53.073","3209",40.7241765,-74.0506564,"3185",40.7177325,-74.043845,"Subscriber",1990,"Male"
"31681","2018-04-17 14:10:40.178","2018-04-17 14:14:00.174","3185",40.7177325,-74.043845,"3275",40.7183551982321,-74.0389144420624,"Subscriber",1967,"Male"
"31681","2018-04-17 15:23:39.608","2018-04-17 15:27:34.586","3275",40.7183551982321,-74.0389144420624,"3184",40.7141454,-74.0335519,"Subscriber",1965,"Male"
"31681","2018-04-17 17:39:38.153","2018-04-17 17:42:25.425","3184",40.7141454,-74.0335519,"3267",40.7124188237569,-74.0385255217552,"Subscriber",1969,"Unknown"
"31681","2018-04-17 18:54:34.354","2018-04-17 18:58:24.711","3186",40.7195861164717,-74.0431174635887,"3203",40.727595966,-74.044247311,"Subscriber",1987,"Male"
"31681","2018-04-18 07:37:57.008","2018-04-18 07:49:53.489","3203",40.727595966,-74.044247311,"3183",40.7162469,-74.0334588,"Subscriber",1988,"Female"
"31681","2018-04-18 08:43:55.971","2018-04-18 08:49:30.885","3269",40.7260117296463,-74.0503889322281,"3186",40.7195861164717,-74.0431174635887,"Subscriber",1982,"Male"
"31681","2018-04-19 10:23:37.742","2018-04-19 10:26:59.494","3209",40.7241765,-74.0506564,"3186",40.7195861164717,-74.0431174635887,"Subscriber",1975,"Male"
"31681","2018-04-19 18:27:11.794","2018-04-19 18:34:37.555","3186",40.7195861164717,-74.0431174635887,"3192",40.7112423,-74.0557013,"Subscriber",1985,"Male"
"31735","2018-01-01 21:19:01.611","2018-01-01 21:20:41.449","3187",40.7211236,-74.03805095,"3275",40.7183551982321,-74.0389144420624,"Subscriber",1983,"Female"
"31735","2018-01-02 18:56:56.58","2018-01-02 18:59:54.616","3275",40.7183551982321,-74.0389144420624,"3186",40.7195861164717,-74.0431174635887,"Subscriber",1985,"Male"
"31735","2018-01-02 19:24:19.794","2018-01-02 19:30:36.36","3186",40.7195861164717,-74.0431174635887,"3209",40.7241765,-74.0506564,"Subscriber",1978,"Female"
"31735","2018-01-03 08:25:54.519","2018-01-03 08:28:32.62","3209",40.7241765,-74.0506564,"3211",40.72152515,-74.046304543,"Subscriber",1983,"Female"
"31735","2018-01-03 08:29:40.473","2018-01-03 08:36:11.024","3211",40.72152515,-74.046304543,"3184",40.7141454,-74.0335519,"Subscriber",1977,"Male"
"31735","2018-01-03 16:23:07.953","2018-01-03 16:30:57.645","3184",40.7141454,-74.0335519,"3269",40.7260117296463,-74.0503889322281,"Subscriber",1981,"Male"
"31735","2018-01-04 05:52:16.585","2018-01-04 05:57:48.951","3269",40.7260117296463,-74.0503889322281,"3186",40.7195861164717,-74.0431174635887,"Subscriber",1979,"Male"
"31735","2018-01-06 19:06:31.087","2018-01-06 19:09:00.615","3203",40.727595966,-74.044247311,"3270",40.7252891078113,-74.0455716848373,"Subscriber",1975,"Male"
"31735","2018-01-07 03:01:36.113","2018-01-07 03:10:50.864","3270",40.7252891078113,-74.0455716848373,"3276",40.7145840353589,-74.042817056179,"Subscriber",1989,"Male"
"31735","2018-01-08 09:13:39.612","2018-01-08 09:19:01.798","3276",40.7145840353589,-74.042817056179,"3184",40.7141454,-74.0335519,"Subscriber",1984,"Male"
"31735","2018-01-08 20:18:51.918","2018-01-08 20:23:45.644","3183",40.7162469,-74.0334588,"3185",40.7177325,-74.043845,"Subscriber",1983,"Male"
"31735","2018-01-09 07:51:14.213","2018-01-09 07:57:43.263","3203",40.727595966,-74.044247311,"3186",40.7195861164717,-74.0431174635887,"Subscriber",1973,"Male"
"31735","2018-01-09 11:22:03.629","2018-01-09 11:28:39.349","3203",40.727595966,-74.044247311,"3202",40.7272235,-74.0337589,"Subscriber",1981,"Male"
"31735","2018-01-09 18:40:04.08","2018-01-09 18:47:00.908","3202",40.7272235,-74.0337589,"3203",40.727595966,-74.044247311,"Subscriber",1981,"Male"
"31735","2018-01-09 20:42:04.276","2018-01-09 20:45:06.766","3203",40.727595966,-74.044247311,"3211",40.72152515,-74.046304543,"Subscriber",1991,"Male"
"31735","2018-01-09 21:48:16.168","2018-01-09 21:51:41.967","3211",40.72152515,-74.046304543,"3278",40.725685483629,-74.0487903356552,"Subscriber",1982,"Female"
"31735","2018-01-10 08:10:05","2018-01-10 08:15:15.185","3278",40.725685483629,-74.0487903356552,"3186",40.7195861164717,-74.0431174635887,"Subscriber",1983,"Male"
"31735","2018-01-10 12:45:06.027","2018-01-10 12:52:52.794","3272",40.7233315864644,-74.0459525585174,"3275",40.7183551982321,-74.0389144420624,"Subscriber",1989,"Male"
"31735","2018-01-10 13:03:12.249","2018-01-10 13:07:32.314","3275",40.7183551982321,-74.0389144420624,"3211",40.72152515,-74.046304543,"Subscriber",1973,"Male"
"31735","2018-01-10 20:57:23.88","2018-01-10 21:03:28.471","3211",40.72152515,-74.046304543,"3279",40.7216301426384,-74.0499678254128,"Subscriber",1970,"Male"
"31735","2018-01-10 22:46:07.313","2018-01-10 22:54:16.752","3279",40.7216301426384,-74.0499678254128,"3267",40.7124188237569,-74.0385255217552,"Subscriber",1960,"Male"
"31735","2018-01-11 06:37:10.148","2018-01-11 06:40:03.138","3267",40.7124188237569,-74.0385255217552,"3183",40.7162469,-74.0334588,"Subscriber",1980,"Male"
"31735","2018-01-11 08:21:26.76","2018-01-11 08:30:42.333","3267",40.7124188237569,-74.0385255217552,"3183",40.7162469,-74.0334588,"Subscriber",1992,"Male"
"31735","2018-01-11 09:36:10.327","2018-01-11 09:39:24.998","3270",40.7252891078113,-74.0455716848373,"3186",40.7195861164717,-74.0431174635887,"Subscriber",1987,"Male"
"31735","2018-01-11 10:40:10.774","2018-01-11 10:46:17.205","3187",40.7211236,-74.03805095,"3199",40.7287448,-74.0321082,"Subscriber",1887,"Unknown"
"31735","2018-01-11 13:26:38.818","2018-01-11 13:28:40.765","3199",40.7287448,-74.0321082,"3202",40.7272235,-74.0337589,"Subscriber",1980,"Female"
"31735","2018-01-11 17:52:58.594","2018-01-11 18:02:43.004","3202",40.7272235,-74.0337589,"3184",40.7141454,-74.0335519,"Subscriber",1970,"Male"
"31735","2018-01-11 18:10:03.095","2018-01-11 18:24:55.745","3184",40.7141454,-74.0335519,"3194",40.7253399253558,-74.0676221251488,"Subscriber",1968,"Male"
"31735","2018-01-12 09:22:28.12","2018-01-12 09:34:02.551","3194",40.7253399253558,-74.0676221251488,"3184",40.7141454,-74.0335519,"Subscriber",1968,"Male"
"31735","2018-01-13 09:07:53.112","2018-01-13 09:16:23.069","3276",40.7145840353589,-74.042817056179,"3183",40.7162469,-74.0334588,"Subscriber",1970,"Male"
"31735","2018-01-14 17:20:03.847","2018-01-14 17:27:51.49","3194",40.7253399253558,-74.0676221251488,"3640",40.73367,-74.0625,"Subscriber",1984,"Male"
"31735","2018-01-15 09:03:40.894","2018-01-15 09:10:48.552","3640",40.73367,-74.0625,"3207",40.7376037,-74.0524783,"Subscriber",1976,"Female"
"31735","2018-01-15 17:00:43.011","2018-01-15 17:05:16.186","3207",40.7376037,-74.0524783,"3640",40.73367,-74.0625,"Subscriber",1976,"Female"
"31735","2018-01-16 11:14:58.909","2018-01-16 11:22:17.935","3640",40.73367,-74.0625,"3201",40.737711,-74.066921,"Subscriber",1962,"Female"
"31735","2018-01-21 15:30:20.947","2018-01-21 15:40:48.464","3195",40.7307426253066,-74.0637838840485,"3203",40.727595966,-74.044247311,"Subscriber",1970,"Female"
"31735","2018-01-21 15:44:55.874","2018-01-21 15:48:52.736","3203",40.727595966,-74.044247311,"3273",40.72165072488,-74.0428841114044,"Subscriber",1988,"Female"
"31735","2018-01-21 18:52:41.635","2018-01-21 18:55:22.42","3273",40.72165072488,-74.0428841114044,"3270",40.7252891078113,-74.0455716848373,"Subscriber",1969,"Unknown"
"31735","2018-01-22 08:03:17.58","2018-01-22 08:06:39.366","3270",40.7252891078113,-74.0455716848373,"3186",40.7195861164717,-74.0431174635887,"Subscriber",1968,"Male"
"31735","2018-01-22 08:31:45.197","2018-01-22 08:36:40.296","3203",40.727595966,-74.044247311,"3186",40.7195861164717,-74.0431174635887,"Subscriber",1984,"Male"
"31735","2018-01-22 10:35:24.139","2018-01-22 10:46:02.111","3270",40.7252891078113,-74.0455716848373,"3183",40.7162469,-74.0334588,"Subscriber",1981,"Male"
"31735","2018-01-22 16:47:16.787","2018-01-22 16:51:50.879","3183",40.7162469,-74.0334588,"3213",40.71848892,-74.047726625,"Subscriber",1971,"Male"
"31735","2018-01-23 00:57:25.095","2018-01-23 01:06:16.294","3213",40.71848892,-74.047726625,"3190",40.7104670233797,-74.0700387954712,"Subscriber",1988,"Male"
"31735","2018-01-23 07:16:02.433","2018-01-23 07:29:13.451","3190",40.7104670233797,-74.0700387954712,"3183",40.7162469,-74.0334588,"Subscriber",1988,"Male"
"31735","2018-01-23 10:35:59.422","2018-01-23 10:45:58.626","3203",40.727595966,-74.044247311,"3639",40.7192517,-74.034234,"Subscriber",1982,"Male"
"31735","2018-01-23 12:23:05.702","2018-01-23 12:28:42.157","3639",40.7192517,-74.034234,"3202",40.7272235,-74.0337589,"Subscriber",1979,"Male"
"31735","2018-01-23 13:50:44.784","2018-01-23 13:58:04.924","3202",40.7272235,-74.0337589,"3270",40.7252891078113,-74.0455716848373,"Subscriber",1986,"Male"
"31735","2018-01-23 15:03:36.918","2018-01-23 15:06:08.738","3270",40.7252891078113,-74.0455716848373,"3211",40.72152515,-74.046304543,"Subscriber",1972,"Male"
"31735","2018-01-23 18:13:29.778","2018-01-23 18:18:14.117","3195",40.7307426253066,-74.0637838840485,"3194",40.7253399253558,-74.0676221251488,"Subscriber",1970,"Male"
"31735","2018-01-23 21:34:42.547","2018-01-23 21:45:29.353","3194",40.7253399253558,-74.0676221251488,"3268",40.7134638266919,-74.0628585219383,"Subscriber",1968,"Male"
"31735","2018-01-24 09:07:20.663","2018-01-24 09:11:29.923","3268",40.7134638266919,-74.0628585219383,"3192",40.7112423,-74.0557013,"Subscriber",1985,"Male"
"31735","2018-01-24 09:28:52.689","2018-01-24 09:38:05.285","3192",40.7112423,-74.0557013,"3186",40.7195861164717,-74.0431174635887,"Subscriber",1978,"Male"
"31735","2018-01-24 17:44:11.273","2018-01-24 17:48:17.269","3186",40.7195861164717,-74.0431174635887,"3203",40.727595966,-74.044247311,"Subscriber",1969,"Male"
"31735","2018-01-24 19:57:19.422","2018-01-24 20:01:50.712","3186",40.7195861164717,-74.0431174635887,"3269",40.7260117296463,-74.0503889322281,"Subscriber",1985,"Male"
"31735","2018-01-25 06:20:34.213","2018-01-25 06:25:59.889","3269",40.7260117296463,-74.0503889322281,"3186",40.7195861164717,-74.0431174635887,"Subscriber",1989,"Female"
"31735","2018-01-25 08:05:44.835","2018-01-25 08:08:53.727","3267",40.7124188237569,-74.0385255217552,"3183",40.7162469,-74.0334588,"Subscriber",1984,"Male"
"31735","2018-01-25 09:53:44.651","2018-01-25 10:00:52.327","3213",40.71848892,-74.047726625,"3183",40.7162469,-74.0334588,"Subscriber",1980,"Male"
"31735","2018-01-25 17:01:52.684","2018-01-25 17:11:28.384","3183",40.7162469,-74.0334588,"3192",40.7112423,-74.0557013,"Subscriber",1985,"Male"
"31735","2018-01-26 07:48:22.391","2018-01-26 07:56:01.823","3192",40.7112423,-74.0557013,"3186",40.7195861164717,-74.0431174635887,"Subscriber",1990,"Female"
"31735","2018-01-26 08:23:11.524","2018-01-26 08:25:37.907","3213",40.71848892,-74.047726625,"3186",40.7195861164717,-74.0431174635887,"Subscriber",1984,"Male"
"31735","2018-01-26 09:09:36.008","2018-01-26 09:15:26.138","3203",40.727595966,-74.044247311,"3186",40.7195861164717,-74.0431174635887,"Subscriber",1968,"Male"
"31735","2018-01-26 17:30:35.956","2018-01-26 17:34:42.535","3186",40.7195861164717,-74.0431174635887,"3203",40.727595966,-74.044247311,"Subscriber",1985,"Male"
"31735","2018-01-27 10:35:20.243","2018-01-27 10:44:54.693","3203",40.727595966,-74.044247311,"3199",40.7287448,-74.0321082,"Subscriber",1971,"Female"
"31735","2018-01-27 12:04:36.39","2018-01-27 12:25:35.485","3199",40.7287448,-74.0321082,"3199",40.7287448,-74.0321082,"Subscriber",1990,"Male"
"31735","2018-01-27 13:35:40.219","2018-01-27 14:02:10.133","3199",40.7287448,-74.0321082,"3199",40.7287448,-74.0321082,"Subscriber",1959,"Male"
"31735","2018-01-27 14:48:49.97","2018-01-27 15:13:22.543","3199",40.7287448,-74.0321082,"3199",40.7287448,-74.0321082,"Customer",1969,"Unknown"
"31735","2018-01-27 18:07:26.508","2018-01-27 18:09:39.319","3199",40.7287448,-74.0321082,"3202",40.7272235,-74.0337589,"Subscriber",1987,"Female"
"31735","2018-01-27 21:39:57.29","2018-01-27 21:42:39.154","3202",40.7272235,-74.0337589,"3199",40.7287448,-74.0321082,"Subscriber",1987,"Female"
"31735","2018-01-27 22:01:52.674","2018-01-27 22:22:47.32","3199",40.7287448,-74.0321082,"3198",40.7487159453802,-74.0404433012009,"Subscriber",1984,"Male"
"31735","2018-01-28 18:00:42.454","2018-01-28 18:03:38.399","3198",40.7487159453802,-74.0404433012009,"3196",40.7443187,-74.0439909,"Subscriber",1993,"Male"
"31735","2018-01-29 08:25:18.421","2018-01-29 08:40:27.859","3196",40.7443187,-74.0439909,"3186",40.7195861164717,-74.0431174635887,"Subscriber",1987,"Male"
"31735","2018-01-29 17:58:02.433","2018-01-29 18:01:05.536","3186",40.7195861164717,-74.0431174635887,"3276",40.7145840353589,-74.042817056179,"Subscriber",1986,"Male"
"31735","2018-01-29 18:34:51.694","2018-01-29 19:03:33.633","3276",40.7145840353589,-74.042817056179,"3276",40.7145840353589,-74.042817056179,"Subscriber",1989,"Male"
"31735","2018-01-29 19:10:38.776","2018-01-29 19:13:53.843","3276",40.7145840353589,-74.042817056179,"3186",40.7195861164717,-74.0431174635887,"Subscriber",1984,"Male"
"31735","2018-01-29 19:16:21.437","2018-01-29 19:20:47.075","3186",40.7195861164717,-74.0431174635887,"3203",40.727595966,-74.044247311,"Subscriber",1984,"Male"
"31735","2018-01-30 07:58:49.391","2018-01-30 08:03:03.161","3203",40.727595966,-74.044247311,"3186",40.7195861164717,-74.0431174635887,"Subscriber",1987,"Male"
"31735","2018-01-30 08:23:50.45","2018-01-30 08:31:46.63","3186",40.7195861164717,-74.0431174635887,"3638",40.7242941,-74.0354826,"Subscriber",1959,"Male"
"31735","2018-01-30 09:59:49.242","2018-01-30 10:01:57.755","3638",40.7242941,-74.0354826,"3202",40.7272235,-74.0337589,"Subscriber",1992,"Male"
"31735","2018-01-30 13:03:03.092","2018-01-30 13:05:42.972","3202",40.7272235,-74.0337589,"3199",40.7287448,-74.0321082,"Subscriber",1987,"Female"
"31735","2018-01-30 15:38:12.48","2018-01-30 15:40:22.861","3199",40.7287448,-74.0321082,"3202",40.7272235,-74.0337589,"Subscriber",1990,"Male"
"31735","2018-01-30 17:27:26.199","2018-01-30 17:35:56.375","3202",40.7272235,-74.0337589,"3184",40.7141454,-74.0335519,"Subscriber",1970,"Male"
"31735","2018-01-30 18:43:42.637","2018-01-30 18:46:28.63","3195",40.7307426253066,-74.0637838840485,"3194",40.7253399253558,-74.0676221251488,"Subscriber",1989,"Male"
"31735","2018-01-30 23:35:14.955","2018-01-30 23:38:42.11","3194",40.7253399253558,-74.0676221251488,"3280",40.719282200707,-74.071261882782,"Subscriber",1988,"Male"
"31735","2018-02-01 12:39:10.912","2018-02-01 12:45:03.726","3280",40.719282200707,-74.071261882782,"3195",40.7307426253066,-74.0637838840485,"Subscriber",1988,"Male"
"31735","2018-02-01 18:06:53.845","2018-02-01 18:17:01.482","3195",40.7307426253066,-74.0637838840485,"3193",40.7246050998869,-74.0784059464931,"Subscriber",1982,"Male"
"31735","2018-02-02 19:05:20.29","2018-02-02 19:10:46.185","3195",40.7307426253066,-74.0637838840485,"3207",40.7376037,-74.0524783,"Subscriber",1989,"Male"
"31735","2018-02-03 12:01:52.511","2018-02-03 12:10:00.084","3207",40.7376037,-74.0524783,"3194",40.7253399253558,-74.0676221251488,"Subscriber",1989,"Male"
"31735","2018-02-03 15:34:36.322","2018-02-03 15:37:54.197","3194",40.7253399253558,-74.0676221251488,"3280",40.719282200707,-74.071261882782,"Subscriber",1989,"Male"
"31735","2018-02-04 17:58:01.17","2018-02-04 18:05:14.711","3280",40.719282200707,-74.071261882782,"3195",40.7307426253066,-74.0637838840485,"Subscriber",1979,"Male"
"31735","2018-02-05 00:41:22.225","2018-02-05 00:51:08.238","3195",40.7307426253066,-74.0637838840485,"3191",40.7182113,-74.0836394,"Subscriber",1990,"Male"
"31735","2018-02-05 07:38:21.018","2018-02-05 07:55:58.793","3191",40.7182113,-74.0836394,"3195",40.7307426253066,-74.0637838840485,"Subscriber",1971,"Female"
"31735","2018-02-05 18:16:34.779","2018-02-05 18:32:18.696","3195",40.7307426253066,-74.0637838840485,"3191",40.7182113,-74.0836394,"Subscriber",1971,"Female"
"31735","2018-02-14 07:48:27.677","2018-02-14 08:00:53.252","3191",40.7182113,-74.0836394,"3194",40.7253399253558,-74.0676221251488,"Subscriber",1971,"Female"
"31735","2018-02-14 08:40:38.313","2018-02-14 08:44:47.086","3194",40.7253399253558,-74.0676221251488,"3195",40.7307426253066,-74.0637838840485,"Subscriber",1985,"Male"
"31735","2018-02-14 08:46:43.023","2018-02-14 09:02:25.436","3195",40.7307426253066,-74.0637838840485,"3639",40.7192517,-74.034234,"Subscriber",1986,"Male"
"31735","2018-02-14 09:18:13.651","2018-02-14 09:22:42.07","3639",40.7192517,-74.034234,"3202",40.7272235,-74.0337589,"Subscriber",1984,"Male"
"31735","2018-02-14 17:45:07.794","2018-02-14 17:52:32.936","3202",40.7272235,-74.0337589,"3203",40.727595966,-74.044247311,"Subscriber",1973,"Male"
"31735","2018-02-14 20:46:16.48","2018-02-14 20:53:12.087","3183",40.7162469,-74.0334588,"3214",40.7127742,-74.0364857,"Subscriber",1990,"Male"
"31735","2018-02-14 22:16:07.81","2018-02-14 22:22:31.278","3214",40.7127742,-74.0364857,"3202",40.7272235,-74.0337589,"Subscriber",1978,"Male"
"31735","2018-02-15 01:32:38.272","2018-02-15 01:34:35.781","3202",40.7272235,-74.0337589,"3199",40.7287448,-74.0321082,"Customer",1997,"Male"
"31735","2018-02-15 06:53:15.399","2018-02-15 06:54:52.835","3199",40.7287448,-74.0321082,"3202",40.7272235,-74.0337589,"Subscriber",1979,"Male"
"31735","2018-02-15 11:49:03.502","2018-02-15 11:55:54.319","3202",40.7272235,-74.0337589,"3214",40.7127742,-74.0364857,"Subscriber",1988,"Male"
"31735","2018-02-15 13:04:01.584","2018-02-15 13:19:11.141","3214",40.7127742,-74.0364857,"3190",40.7104670233797,-74.0700387954712,"Customer",1969,"Unknown"
"31735","2018-02-26 13:12:41.125","2018-02-26 13:27:46.694","3190",40.7104670233797,-74.0700387954712,"3183",40.7162469,-74.0334588,"Subscriber",1988,"Male"
"31735","2018-02-26 18:11:23.112","2018-02-26 18:15:58.95","3183",40.7162469,-74.0334588,"3267",40.7124188237569,-74.0385255217552,"Subscriber",1980,"Male"
"31735","2018-02-26 20:05:41.323","2018-02-26 20:07:34.84","3186",40.7195861164717,-74.0431174635887,"3211",40.72152515,-74.046304543,"Subscriber",1977,"Male"
"31735","2018-02-27 07:14:41.402","2018-02-27 07:17:18.094","3211",40.72152515,-74.046304543,"3186",40.7195861164717,-74.0431174635887,"Subscriber",1980,"Unknown"
"31735","2018-02-27 08:28:36.335","2018-02-27 08:37:29.28","3186",40.7195861164717,-74.0431174635887,"3638",40.7242941,-74.0354826,"Subscriber",1959,"Male"
"31735","2018-02-27 15:45:34.361","2018-02-27 15:49:12.324","3638",40.7242941,-74.0354826,"3275",40.7183551982321,-74.0389144420624,"Subscriber",1976,"Female"
"31735","2018-02-27 18:10:30.421","2018-02-27 18:30:32.691","3275",40.7183551982321,-74.0389144420624,"3207",40.7376037,-74.0524783,"Subscriber",1981,"Male"
"31735","2018-02-27 18:35:47.792","2018-02-27 18:40:47.733","3207",40.7376037,-74.0524783,"3195",40.7307426253066,-74.0637838840485,"Subscriber",1975,"Male"
"31735","2018-02-27 18:50:10.191","2018-02-27 18:57:52.708","3195",40.7307426253066,-74.0637838840485,"3193",40.7246050998869,-74.0784059464931,"Subscriber",1974,"Male"
"31735","2018-03-01 17:05:10.975","2018-03-01 17:15:01.919","3195",40.7307426253066,-74.0637838840485,"3212",40.734785818,-74.050443636,"Subscriber",1986,"Female"
"31735","2018-03-01 18:40:58.553","2018-03-01 18:47:52.999","3212",40.734785818,-74.050443636,"3203",40.727595966,-74.044247311,"Subscriber",1988,"Male"
"31735","2018-03-03 10:08:32.487","2018-03-03 10:10:45.767","3203",40.727595966,-74.044247311,"3272",40.7233315864644,-74.0459525585174,"Subscriber",1980,"Female"
"31735","2018-03-03 10:17:00.674","2018-03-03 10:19:47.606","3272",40.7233315864644,-74.0459525585174,"3203",40.727595966,-74.044247311,"Subscriber",1980,"Female"
"31735","2018-03-03 10:31:52.123","2018-03-03 10:47:33.469","3203",40.727595966,-74.044247311,"3186",40.7195861164717,-74.0431174635887,"Subscriber",1956,"Male"
"31735","2018-03-03 11:03:16.402","2018-03-03 11:08:46.332","3186",40.7195861164717,-74.0431174635887,"3184",40.7141454,-74.0335519,"Subscriber",1970,"Male"
"31735","2018-03-03 13:25:38.625","2018-03-03 13:48:38.061","3184",40.7141454,-74.0335519,"3207",40.7376037,-74.0524783,"Subscriber",1965,"Male"
"31735","2018-03-04 13:49:12.995","2018-03-04 13:55:49.536","3207",40.7376037,-74.0524783,"3195",40.7307426253066,-74.0637838840485,"Subscriber",1984,"Male"
"31735","2018-03-04 22:06:22.674","2018-03-04 22:11:49.795","3195",40.7307426253066,-74.0637838840485,"3280",40.719282200707,-74.071261882782,"Subscriber",1988,"Male"
"31735","2018-03-05 07:59:52.622","2018-03-05 08:07:35.837","3280",40.719282200707,-74.071261882782,"3195",40.7307426253066,-74.0637838840485,"Subscriber",1985,"Female"
"31735","2018-03-05 15:02:15.716","2018-03-05 15:11:56.752","3195",40.7307426253066,-74.0637838840485,"3193",40.7246050998869,-74.0784059464931,"Subscriber",1967,"Male"
"31735","2018-03-05 22:04:22.508","2018-03-05 22:12:33.792","3193",40.7246050998869,-74.0784059464931,"3195",40.7307426253066,-74.0637838840485,"Subscriber",1983,"Male"
"31735","2018-03-05 22:15:17.895","2018-03-05 22:24:00.003","3195",40.7307426253066,-74.0637838840485,"3280",40.719282200707,-74.071261882782,"Subscriber",1953,"Female"
"31735","2018-03-06 10:08:45.342","2018-03-06 10:19:47.424","3280",40.719282200707,-74.071261882782,"3195",40.7307426253066,-74.0637838840485,"Subscriber",1953,"Female"
"31735","2018-03-06 22:33:48.114","2018-03-06 22:43:55.854","3195",40.7307426253066,-74.0637838840485,"3280",40.719282200707,-74.071261882782,"Subscriber",1953,"Female"
"31735","2018-03-07 10:43:10.804","2018-03-07 10:52:47.06","3280",40.719282200707,-74.071261882782,"3195",40.7307426253066,-74.0637838840485,"Subscriber",1953,"Female"
"31735","2018-03-28 07:54:06.287","2018-03-28 08:07:05.531","3277",40.7143583687043,-74.0666109323502,"3186",40.7195861164717,-74.0431174635887,"Subscriber",1979,"Male"
"31735","2018-03-28 10:04:12.26","2018-03-28 10:06:34.038","3267",40.7124188237569,-74.0385255217552,"3184",40.7141454,-74.0335519,"Subscriber",1980,"Male"
"31735","2018-03-28 12:57:31.838","2018-03-28 13:06:22.755","3184",40.7141454,-74.0335519,"3202",40.7272235,-74.0337589,"Subscriber",1970,"Male"
"31735","2018-03-28 14:26:28.717","2018-03-28 14:31:43.802","3202",40.7272235,-74.0337589,"3275",40.7183551982321,-74.0389144420624,"Subscriber",1976,"Male"
"31735","2018-03-28 20:39:59.247","2018-03-28 20:44:13.922","3275",40.7183551982321,-74.0389144420624,"3202",40.7272235,-74.0337589,"Subscriber",1981,"Male"
"31735","2018-03-28 20:53:27.059","2018-03-28 20:58:35.343","3202",40.7272235,-74.0337589,"3187",40.7211236,-74.03805095,"Subscriber",1985,"Male"
"31735","2018-03-31 17:49:13.428","2018-03-31 17:55:12.28","3187",40.7211236,-74.03805095,"3186",40.7195861164717,-74.0431174635887,"Customer",1988,"Male"
"31735","2018-04-02 19:13:13.793","2018-04-02 19:20:42.143","3195",40.7307426253066,-74.0637838840485,"3207",40.7376037,-74.0524783,"Subscriber",1976,"Female"
"31735","2018-04-03 08:53:15.628","2018-04-03 08:57:40.515","3207",40.7376037,-74.0524783,"3640",40.73367,-74.0625,"Subscriber",1983,"Male"
"31735","2018-04-03 14:15:22.232","2018-04-03 14:20:46.431","3640",40.73367,-74.0625,"3207",40.7376037,-74.0524783,"Subscriber",1985,"Male"
"31735","2018-04-03 16:53:12.085","2018-04-03 16:59:02.172","3207",40.7376037,-74.0524783,"3640",40.73367,-74.0625,"Subscriber",1985,"Male"
"31735","2018-04-03 21:14:01.828","2018-04-03 21:22:54.489","3640",40.73367,-74.0625,"3210",40.742677141,-74.051788633,"Subscriber",1986,"Male"
"31735","2018-04-04 08:08:07.112","2018-04-04 08:27:14.952","3210",40.742677141,-74.051788633,"3267",40.7124188237569,-74.0385255217552,"Subscriber",1995,"Female"
"31735","2018-04-04 08:27:40.518","2018-04-04 08:38:14.977","3267",40.7124188237569,-74.0385255217552,"3202",40.7272235,-74.0337589,"Subscriber",1970,"Male"
"31735","2018-04-04 19:07:29.298","2018-04-04 19:16:04.773","3202",40.7272235,-74.0337589,"3203",40.727595966,-74.044247311,"Subscriber",1969,"Female"
"31735","2018-04-05 07:49:09.984","2018-04-05 07:52:51.467","3203",40.727595966,-74.044247311,"3186",40.7195861164717,-74.0431174635887,"Subscriber",1987,"Male"
"31735","2018-04-05 09:15:59.399","2018-04-05 09:21:14.101","3267",40.7124188237569,-74.0385255217552,"3183",40.7162469,-74.0334588,"Subscriber",1987,"Male"
"31735","2018-04-05 18:12:46.53","2018-04-05 18:17:51.085","3183",40.7162469,-74.0334588,"3267",40.7124188237569,-74.0385255217552,"Subscriber",1985,"Male"
"31735","2018-04-05 18:55:22.166","2018-04-05 18:59:03.145","3186",40.7195861164717,-74.0431174635887,"3270",40.7252891078113,-74.0455716848373,"Subscriber",1984,"Male"
"31735","2018-04-05 22:35:37.116","2018-04-05 22:37:36.469","3270",40.7252891078113,-74.0455716848373,"3278",40.725685483629,-74.0487903356552,"Subscriber",1972,"Male"
"31735","2018-04-06 07:46:45.178","2018-04-06 07:51:04.349","3278",40.725685483629,-74.0487903356552,"3273",40.72165072488,-74.0428841114044,"Subscriber",1982,"Female"
"31735","2018-04-06 09:31:57.162","2018-04-06 09:36:15.103","3273",40.72165072488,-74.0428841114044,"3203",40.727595966,-74.044247311,"Subscriber",1991,"Male"
"31735","2018-04-06 14:19:08.737","2018-04-06 14:26:26.699","3203",40.727595966,-74.044247311,"3202",40.7272235,-74.0337589,"Subscriber",1987,"Male"
"31735","2018-04-06 17:17:39.146","2018-04-06 17:23:24.918","3202",40.7272235,-74.0337589,"3639",40.7192517,-74.034234,"Subscriber",1979,"Male"
"31735","2018-04-06 18:02:05.796","2018-04-06 18:12:32.739","3639",40.7192517,-74.034234,"3203",40.727595966,-74.044247311,"Subscriber",1989,"Female"
"31735","2018-04-06 18:31:25.453","2018-04-06 18:37:12.011","3203",40.727595966,-74.044247311,"3186",40.7195861164717,-74.0431174635887,"Subscriber",1986,"Male"
"31735","2018-04-08 07:56:53.444","2018-04-08 08:07:15.153","3206",40.7311689,-74.0575736,"3211",40.72152515,-74.046304543,"Subscriber",1985,"Female"
"31735","2018-04-08 08:19:58.433","2018-04-08 08:26:38.883","3211",40.72152515,-74.046304543,"3206",40.7311689,-74.0575736,"Subscriber",1985,"Female"
"31735","2018-04-08 11:55:09.044","2018-04-08 12:08:59.046","3206",40.7311689,-74.0575736,"3205",40.7165397809919,-74.0496379137039,"Subscriber",1985,"Female"
"31735","2018-04-09 07:55:20.795","2018-04-09 08:00:20.321","3205",40.7165397809919,-74.0496379137039,"3186",40.7195861164717,-74.0431174635887,"Subscriber",1989,"Male"
"31735","2018-04-09 17:42:09.007","2018-04-09 17:46:34.494","3186",40.7195861164717,-74.0431174635887,"3278",40.725685483629,-74.0487903356552,"Subscriber",1969,"Unknown"
"31735","2018-04-10 08:04:39.842","2018-04-10 08:09:19.67","3278",40.725685483629,-74.0487903356552,"3186",40.7195861164717,-74.0431174635887,"Subscriber",1992,"Male"
"31735","2018-04-10 13:04:42.209","2018-04-10 13:09:48.432","3278",40.725685483629,-74.0487903356552,"3186",40.7195861164717,-74.0431174635887,"Subscriber",1952,"Male"
"31735","2018-04-10 13:35:11.978","2018-04-10 13:41:13.009","3186",40.7195861164717,-74.0431174635887,"3269",40.7260117296463,-74.0503889322281,"Subscriber",1985,"Male"
"31735","2018-04-10 19:13:58.682","2018-04-10 19:19:00.586","3269",40.7260117296463,-74.0503889322281,"3186",40.7195861164717,-74.0431174635887,"Subscriber",1992,"Male"
"31735","2018-04-10 19:32:45.875","2018-04-10 19:36:37.81","3186",40.7195861164717,-74.0431174635887,"3270",40.7252891078113,-74.0455716848373,"Subscriber",1962,"Male"
"31735","2018-04-11 07:26:47.219","2018-04-11 07:29:20.547","3270",40.7252891078113,-74.0455716848373,"3186",40.7195861164717,-74.0431174635887,"Subscriber",1975,"Male"
"31735","2018-04-11 07:59:27.047","2018-04-11 08:06:37.821","3186",40.7195861164717,-74.0431174635887,"3202",40.7272235,-74.0337589,"Subscriber",1979,"Female"
"31735","2018-04-11 11:40:11.155","2018-04-11 11:48:12.329","3267",40.7124188237569,-74.0385255217552,"3202",40.7272235,-74.0337589,"Subscriber",1995,"Female"
"31735","2018-04-11 14:33:12.621","2018-04-11 14:40:37.246","3202",40.7272235,-74.0337589,"3199",40.7287448,-74.0321082,"Subscriber",1987,"Female"
"31735","2018-04-11 19:05:29.795","2018-04-11 19:11:07.76","3199",40.7287448,-74.0321082,"3187",40.7211236,-74.03805095,"Subscriber",1980,"Male"
"31735","2018-04-12 00:52:15.455","2018-04-12 00:57:59.313","3187",40.7211236,-74.03805095,"3199",40.7287448,-74.0321082,"Subscriber",1980,"Male"
"31735","2018-04-12 06:52:29.945","2018-04-12 06:54:05.828","3199",40.7287448,-74.0321082,"3202",40.7272235,-74.0337589,"Subscriber",1978,"Female"
"31735","2018-04-12 08:11:39.026","2018-04-12 08:20:50.449","3202",40.7272235,-74.0337589,"3184",40.7141454,-74.0335519,"Subscriber",1986,"Male"
"31735","2018-04-12 16:57:50.546","2018-04-12 17:02:49.43","3184",40.7141454,-74.0335519,"3186",40.7195861164717,-74.0431174635887,"Subscriber",1983,"Male"
"31735","2018-04-12 17:59:04.598","2018-04-12 18:04:43.367","3186",40.7195861164717,-74.0431174635887,"3203",40.727595966,-74.044247311,"Subscriber",1964,"Male"
"31735","2018-04-13 07:57:10.395","2018-04-13 08:02:14.296","3203",40.727595966,-74.044247311,"3186",40.7195861164717,-74.0431174635887,"Subscriber",1964,"Male"
"31735","2018-04-13 09:35:43.005","2018-04-13 09:50:38.55","3186",40.7195861164717,-74.0431174635887,"3192",40.7112423,-74.0557013,"Customer",1969,"Unknown"
"31735","2018-04-13 10:05:19.313","2018-04-13 10:13:33.253","3192",40.7112423,-74.0557013,"3183",40.7162469,-74.0334588,"Subscriber",1985,"Male"
"31735","2018-04-14 13:24:45.454","2018-04-14 13:45:54.566","3678",40.7257261374256,-74.0719592571259,"3203",40.727595966,-74.044247311,"Customer",1994,"Male"
"31735","2018-04-14 14:14:29.219","2018-04-14 14:17:33.106","3203",40.727595966,-74.044247311,"3272",40.7233315864644,-74.0459525585174,"Subscriber",1972,"Male"
"31735","2018-04-14 14:22:01.875","2018-04-14 14:28:58.764","3272",40.7233315864644,-74.0459525585174,"3187",40.7211236,-74.03805095,"Subscriber",1972,"Male"
"31735","2018-04-14 16:34:29.661","2018-04-14 16:39:43.507","3187",40.7211236,-74.03805095,"3211",40.72152515,-74.046304543,"Subscriber",1975,"Male"
"31735","2018-04-15 13:47:50.212","2018-04-15 13:58:36.562","3211",40.72152515,-74.046304543,"3678",40.7257261374256,-74.0719592571259,"Subscriber",1968,"Male"
"31735","2018-04-15 14:22:56.051","2018-04-15 14:33:01.184","3678",40.7257261374256,-74.0719592571259,"3195",40.7307426253066,-74.0637838840485,"Subscriber",1980,"Male"
"31735","2018-04-15 16:32:26.992","2018-04-15 16:35:18.793","3195",40.7307426253066,-74.0637838840485,"3194",40.7253399253558,-74.0676221251488,"Subscriber",1973,"Female"
"31735","2018-04-16 09:21:48.46","2018-04-16 09:27:14.475","3194",40.7253399253558,-74.0676221251488,"3195",40.7307426253066,-74.0637838840485,"Subscriber",1956,"Male"
"31735","2018-04-16 14:01:07.044","2018-04-16 14:17:12.539","3195",40.7307426253066,-74.0637838840485,"3210",40.742677141,-74.051788633,"Subscriber",1989,"Male"
"31735","2018-04-17 07:21:57.225","2018-04-17 07:29:20.73","3210",40.742677141,-74.051788633,"3640",40.73367,-74.0625,"Subscriber",1981,"Male"
"31735","2018-04-17 08:15:14.662","2018-04-17 08:31:16.802","3640",40.73367,-74.0625,"3214",40.7127742,-74.0364857,"Subscriber",1972,"Male"
"31735","2018-04-17 08:55:15.007","2018-04-17 08:57:58.318","3214",40.7127742,-74.0364857,"3183",40.7162469,-74.0334588,"Subscriber",1963,"Male"
"31735","2018-04-17 11:02:20.817","2018-04-17 11:06:00.996","3272",40.7233315864644,-74.0459525585174,"3269",40.7260117296463,-74.0503889322281,"Subscriber",1989,"Female"
"31735","2018-04-17 14:12:26.401","2018-04-17 14:16:14.167","3269",40.7260117296463,-74.0503889322281,"3203",40.727595966,-74.044247311,"Subscriber",1985,"Male"
"31735","2018-04-17 16:36:40.208","2018-04-17 16:43:28.052","3203",40.727595966,-74.044247311,"3186",40.7195861164717,-74.0431174635887,"Subscriber",1990,"Male"
"31735","2018-04-17 16:55:23.751","2018-04-17 16:59:11.894","3186",40.7195861164717,-74.0431174635887,"3203",40.727595966,-74.044247311,"Subscriber",1969,"Male"
"31735","2018-04-17 17:27:41.8","2018-04-17 17:32:34.2","3203",40.727595966,-74.044247311,"3211",40.72152515,-74.046304543,"Subscriber",1986,"Female"
"31735","2018-04-18 06:15:09.089","2018-04-18 06:20:41.306","3211",40.72152515,-74.046304543,"3638",40.7242941,-74.0354826,"Subscriber",1964,"Male"
"31735","2018-04-18 19:19:55.065","2018-04-18 19:28:15.284","3638",40.7242941,-74.0354826,"3185",40.7177325,-74.043845,"Subscriber",1987,"Male"
"31735","2018-04-18 21:45:10.393","2018-04-18 21:57:38.315","3185",40.7177325,-74.043845,"3190",40.7104670233797,-74.0700387954712,"Subscriber",1986,"Male"
"31735","2018-04-20 11:17:07.843","2018-04-20 11:35:15.535","3190",40.7104670233797,-74.0700387954712,"3203",40.727595966,-74.044247311,"Subscriber",1988,"Male"
"31735","2018-04-20 13:11:05.278","2018-04-20 13:17:57.414","3203",40.727595966,-74.044247311,"3639",40.7192517,-74.034234,"Subscriber",1966,"Male"
"31735","2018-04-20 15:05:01.834","2018-04-20 15:10:53.855","3639",40.7192517,-74.034234,"3276",40.7145840353589,-74.042817056179,"Subscriber",1970,"Male"
"31735","2018-04-20 18:50:02.622","2018-04-20 20:34:20.145","3276",40.7145840353589,-74.042817056179,"3276",40.7145840353589,-74.042817056179,"Customer",1969,"Unknown"
"31735","2018-04-20 22:54:21.001","2018-04-20 23:01:47.857","3276",40.7145840353589,-74.042817056179,"3203",40.727595966,-74.044247311,"Subscriber",1974,"Male"
"31735","2018-04-21 10:37:54.19","2018-04-21 10:43:54.653","3203",40.727595966,-74.044247311,"3202",40.7272235,-74.0337589,"Subscriber",1979,"Female"
"31735","2018-04-21 11:08:20.195","2018-04-21 11:16:46.662","3202",40.7272235,-74.0337589,"3202",40.7272235,-74.0337589,"Subscriber",1990,"Male"
"31735","2018-04-21 11:24:39.675","2018-04-21 11:30:38.752","3202",40.7272235,-74.0337589,"3183",40.7162469,-74.0334588,"Subscriber",1990,"Male"
"31735","2018-04-21 13:21:34.54","2018-04-21 13:29:58.474","3183",40.7162469,-74.0334588,"3276",40.7145840353589,-74.042817056179,"Subscriber",1972,"Male"
"31735","2018-04-21 16:48:36.857","2018-04-21 16:58:26.51","3276",40.7145840353589,-74.042817056179,"3184",40.7141454,-74.0335519,"Subscriber",1989,"Male"
"31735","2018-04-21 17:05:56.148","2018-04-21 17:13:44.85","3184",40.7141454,-74.0335519,"3276",40.7145840353589,-74.042817056179,"Subscriber",1989,"Male"
"31735","2018-04-22 11:19:55.011","2018-04-22 11:25:49.387","3276",40.7145840353589,-74.042817056179,"3186",40.7195861164717,-74.0431174635887,"Customer",1969,"Unknown"
"31735","2018-04-22 16:25:47.13","2018-04-22 16:53:15.85","3186",40.7195861164717,-74.0431174635887,"3184",40.7141454,-74.0335519,"Customer",1969,"Unknown"
"31735","2018-04-22 16:56:34.091","2018-04-22 20:25:26.497","3184",40.7141454,-74.0335519,"3205",40.7165397809919,-74.0496379137039,"Customer",1969,"Unknown"
"31735","2018-04-23 12:01:27.07","2018-04-23 12:04:50.166","3205",40.7165397809919,-74.0496379137039,"3211",40.72152515,-74.046304543,"Subscriber",1956,"Male"
"31735","2018-04-23 18:06:57.342","2018-04-23 18:09:38.492","3186",40.7195861164717,-74.0431174635887,"3270",40.7252891078113,-74.0455716848373,"Subscriber",1970,"Male"
"31735","2018-04-24 07:43:57.146","2018-04-24 07:47:41.713","3270",40.7252891078113,-74.0455716848373,"3186",40.7195861164717,-74.0431174635887,"Subscriber",1987,"Female"
"31735","2018-04-24 08:25:41.552","2018-04-24 08:32:02.403","3267",40.7124188237569,-74.0385255217552,"3183",40.7162469,-74.0334588,"Subscriber",1992,"Male"
"31735","2018-04-24 11:31:06.358","2018-04-24 11:33:24.628","3276",40.7145840353589,-74.042817056179,"3186",40.7195861164717,-74.0431174635887,"Subscriber",1991,"Male"
"33074","2018-08-01 10:44:17.469","2018-08-01 10:51:47.544","3199",40.7287448,-74.0321082,"3203",40.727595966,-74.044247311,"Subscriber",1966,"Male"
"33074","2018-08-01 11:21:20.717","2018-08-01 11:25:59.421","3203",40.727595966,-74.044247311,"3186",40.7195861164717,-74.0431174635887,"Subscriber",1991,"Male"
"33074","2018-08-01 16:54:01.04","2018-08-01 17:00:29.756","3678",40.7257261374256,-74.0719592571259,"3195",40.7307426253066,-74.0637838840485,"Subscriber",1970,"Male"
"33074","2018-08-01 17:05:42.666","2018-08-01 17:17:14.379","3195",40.7307426253066,-74.0637838840485,"3193",40.7246050998869,-74.0784059464931,"Customer",1969,"Unknown"
"33074","2018-08-01 19:29:44.785","2018-08-01 20:08:47.589","3193",40.7246050998869,-74.0784059464931,"3678",40.7257261374256,-74.0719592571259,"Subscriber",1973,"Male"
"33074","2018-08-02 07:35:50.048","2018-08-02 07:42:07.68","3678",40.7257261374256,-74.0719592571259,"3195",40.7307426253066,-74.0637838840485,"Subscriber",1990,"Male"
"33074","2018-08-02 12:42:42.741","2018-08-02 12:46:31.739","3195",40.7307426253066,-74.0637838840485,"3194",40.7253399253558,-74.0676221251488,"Subscriber",1988,"Male"
"33074","2018-08-02 15:07:20.991","2018-08-02 15:11:11.366","3194",40.7253399253558,-74.0676221251488,"3195",40.7307426253066,-74.0637838840485,"Subscriber",1992,"Male"
"33074","2018-08-02 18:40:50.305","2018-08-02 18:51:18.817","3195",40.7307426253066,-74.0637838840485,"3210",40.742677141,-74.051788633,"Customer",1969,"Unknown"
"33074","2018-08-03 10:18:38.167","2018-08-03 10:30:16.411","3210",40.742677141,-74.051788633,"3202",40.7272235,-74.0337589,"Subscriber",1981,"Male"
"33074","2018-08-03 11:55:40.388","2018-08-03 12:00:08.254","3202",40.7272235,-74.0337589,"3639",40.7192517,-74.034234,"Subscriber",1976,"Male"
"33074","2018-08-03 13:00:43.255","2018-08-03 13:06:01.91","3639",40.7192517,-74.034234,"3202",40.7272235,-74.0337589,"Subscriber",1991,"Male"
"33074","2018-08-03 16:55:51.292","2018-08-03 17:02:03.779","3202",40.7272235,-74.0337589,"3183",40.7162469,-74.0334588,"Subscriber",1957,"Male"
"33074","2018-08-03 17:34:00.352","2018-08-03 17:37:31.926","3183",40.7162469,-74.0334588,"3214",40.7127742,-74.0364857,"Subscriber",1960,"Male"
"33074","2018-08-03 19:21:26.057","2018-08-03 19:25:56.093","3183",40.7162469,-74.0334588,"3267",40.7124188237569,-74.0385255217552,"Subscriber",1980,"Female"
"33074","2018-08-03 19:54:21.631","2018-08-03 19:59:01.475","3267",40.7124188237569,-74.0385255217552,"3275",40.7183551982321,-74.0389144420624,"Subscriber",1960,"Male"
"33074","2018-08-03 21:05:13.594","2018-08-03 21:10:54.011","3275",40.7183551982321,-74.0389144420624,"3214",40.7127742,-74.0364857,"Subscriber",1960,"Male"
"33074","2018-08-05 14:37:11.492","2018-08-05 14:50:07.482","3214",40.7127742,-74.0364857,"3199",40.7287448,-74.0321082,"Subscriber",1993,"Male"
"33074","2018-08-05 16:03:32.979","2018-08-05 16:10:31","3199",40.7287448,-74.0321082,"3187",40.7211236,-74.03805095,"Subscriber",1993,"Male"
"33074","2018-08-05 17:38:09.297","2018-08-05 18:43:04.299","3187",40.7211236,-74.03805095,"3205",40.7165397809919,-74.0496379137039,"Customer",1969,"Unknown"
"33074","2018-08-05 21:40:21.318","2018-08-05 21:46:57.338","3205",40.7165397809919,-74.0496379137039,"3270",40.7252891078113,-74.0455716848373,"Subscriber",1986,"Male"
"33074","2018-08-06 07:57:47.03","2018-08-06 08:01:01.91","3270",40.7252891078113,-74.0455716848373,"3186",40.7195861164717,-74.0431174635887,"Subscriber",1970,"Male"
"33074","2018-08-06 19:18:18.406","2018-08-06 19:23:06.197","3186",40.7195861164717,-74.0431174635887,"3639",40.7192517,-74.034234,"Subscriber",1979,"Male"
"33074","2018-08-06 20:23:11.056","2018-08-06 20:28:32.648","3639",40.7192517,-74.034234,"3481",40.71649,-74.04105,"Subscriber",1992,"Female"
"33074","2018-08-07 07:44:04.73","2018-08-07 07:47:20.45","3481",40.71649,-74.04105,"3183",40.7162469,-74.0334588,"Subscriber",1986,"Male"
"33074","2018-08-07 09:26:00.566","2018-08-07 09:46:26.124","3270",40.7252891078113,-74.0455716848373,"3193",40.7246050998869,-74.0784059464931,"Subscriber",1992,"Female"
"33074","2018-08-07 11:34:02.7","2018-08-07 11:46:37.116","3193",40.7246050998869,-74.0784059464931,"3640",40.73367,-74.0625,"Subscriber",1990,"Female"
"33074","2018-08-07 12:00:45.999","2018-08-07 12:04:31.546","3640",40.73367,-74.0625,"3206",40.7311689,-74.0575736,"Subscriber",1981,"Male"
"33074","2018-08-07 17:46:16.01","2018-08-07 17:49:58.034","3206",40.7311689,-74.0575736,"3209",40.7241765,-74.0506564,"Subscriber",1962,"Male"
"33074","2018-08-08 08:21:44.508","2018-08-08 08:26:06.202","3209",40.7241765,-74.0506564,"3186",40.7195861164717,-74.0431174635887,"Subscriber",1983,"Male"
"33074","2018-08-08 19:17:21.675","2018-08-08 19:20:02.975","3186",40.7195861164717,-74.0431174635887,"3279",40.7216301426384,-74.0499678254128,"Subscriber",1983,"Male"
"33074","2018-08-09 08:31:56.301","2018-08-09 08:34:53.072","3279",40.7216301426384,-74.0499678254128,"3186",40.7195861164717,-74.0431174635887,"Subscriber",1976,"Male"
"33074","2018-08-09 19:25:55.276","2018-08-09 19:29:55.078","3186",40.7195861164717,-74.0431174635887,"3278",40.725685483629,-74.0487903356552,"Subscriber",1991,"Male"
"33074","2018-08-10 07:47:58.842","2018-08-10 07:52:17.686","3278",40.725685483629,-74.0487903356552,"3186",40.7195861164717,-74.0431174635887,"Subscriber",1991,"Male"
"33074","2018-08-10 19:56:37.082","2018-08-10 19:59:35.935","3186",40.7195861164717,-74.0431174635887,"3279",40.7216301426384,-74.0499678254128,"Subscriber",1975,"Male"
"33074","2018-08-11 13:19:16.035","2018-08-11 13:22:07.535","3279",40.7216301426384,-74.0499678254128,"3186",40.7195861164717,-74.0431174635887,"Subscriber",1996,"Female"
"33074","2018-08-11 15:35:52.199","2018-08-11 15:40:55.267","3186",40.7195861164717,-74.0431174635887,"3203",40.727595966,-74.044247311,"Subscriber",1973,"Male"
"33074","2018-08-11 19:05:37.927","2018-08-11 19:08:31.608","3203",40.727595966,-74.044247311,"3272",40.7233315864644,-74.0459525585174,"Subscriber",1985,"Female"
"33074","2018-08-11 19:25:35.523","2018-08-11 19:28:53.953","3272",40.7233315864644,-74.0459525585174,"3203",40.727595966,-74.044247311,"Subscriber",1985,"Female"
"33074","2018-08-11 20:45:59.214","2018-08-11 20:54:49.266","3203",40.727595966,-74.044247311,"3209",40.7241765,-74.0506564,"Subscriber",1989,"Female"
"33074","2018-08-11 22:51:34.116","2018-08-11 22:59:36.859","3209",40.7241765,-74.0506564,"3203",40.727595966,-74.044247311,"Subscriber",1989,"Female"
"33074","2018-08-11 23:13:53.493","2018-08-11 23:25:16.72","3203",40.727595966,-74.044247311,"3273",40.72165072488,-74.0428841114044,"Subscriber",1989,"Female"
"33074","2018-08-11 23:49:40.433","2018-08-11 23:56:26.354","3273",40.72165072488,-74.0428841114044,"3203",40.727595966,-74.044247311,"Subscriber",1988,"Male"
"33074","2018-08-12 13:27:48.389","2018-08-12 13:40:01.229","3203",40.727595966,-74.044247311,"3638",40.7242941,-74.0354826,"Subscriber",1969,"Unknown"
"33074","2018-08-12 14:12:04.003","2018-08-12 14:20:06.022","3638",40.7242941,-74.0354826,"3203",40.727595966,-74.044247311,"Subscriber",1969,"Unknown"
"33074","2018-08-12 14:29:32.887","2018-08-12 14:55:44.412","3203",40.727595966,-74.044247311,"3187",40.7211236,-74.03805095,"Subscriber",1963,"Male"
"33074","2018-08-12 15:58:51.616","2018-08-12 16:13:39.36","3187",40.7211236,-74.03805095,"3192",40.7112423,-74.0557013,"Subscriber",1958,"Male"
"33074","2018-08-13 07:37:03.887","2018-08-13 07:44:25.561","3192",40.7112423,-74.0557013,"3185",40.7177325,-74.043845,"Subscriber",1990,"Female"
"33074","2018-08-13 09:04:37.307","2018-08-13 09:06:03.024","3185",40.7177325,-74.043845,"3186",40.7195861164717,-74.0431174635887,"Subscriber",1967,"Male"
"33074","2018-08-13 16:07:16.51","2018-08-13 16:19:06.36","3186",40.7195861164717,-74.0431174635887,"3268",40.7134638266919,-74.0628585219383,"Subscriber",1979,"Male"
"33074","2018-08-14 08:35:51.221","2018-08-14 08:47:14.363","3268",40.7134638266919,-74.0628585219383,"3186",40.7195861164717,-74.0431174635887,"Subscriber",1989,"Male"
"33074","2018-08-14 10:09:03.549","2018-08-14 10:19:05.433","3269",40.7260117296463,-74.0503889322281,"3186",40.7195861164717,-74.0431174635887,"Subscriber",1982,"Female"
"33074","2018-08-14 17:39:05.069","2018-08-14 17:41:57.17","3183",40.7162469,-74.0334588,"3214",40.7127742,-74.0364857,"Subscriber",1960,"Male"
"33074","2018-08-14 19:08:44.106","2018-08-14 19:13:12.349","3214",40.7127742,-74.0364857,"3185",40.7177325,-74.043845,"Subscriber",1988,"Female"
"33074","2018-08-14 20:09:16.166","2018-08-14 20:11:45.722","3185",40.7177325,-74.043845,"3211",40.72152515,-74.046304543,"Subscriber",1988,"Male"
"33074","2018-08-14 21:11:50.705","2018-08-14 21:22:48.487","3211",40.72152515,-74.046304543,"3212",40.734785818,-74.050443636,"Customer",1982,"Unknown"
"33074","2018-08-15 07:44:24.41","2018-08-15 07:54:10.66","3212",40.734785818,-74.050443636,"3186",40.7195861164717,-74.0431174635887,"Subscriber",1987,"Male"
"33074","2018-08-15 10:15:35.459","2018-08-15 10:20:05.209","3203",40.727595966,-74.044247311,"3186",40.7195861164717,-74.0431174635887,"Subscriber",1952,"Male"
"33074","2018-08-15 17:34:38.1","2018-08-15 17:49:24.41","3186",40.7195861164717,-74.0431174635887,"3194",40.7253399253558,-74.0676221251488,"Subscriber",1981,"Male"
"33074","2018-08-16 06:59:10.233","2018-08-16 07:02:30.598","3194",40.7253399253558,-74.0676221251488,"3195",40.7307426253066,-74.0637838840485,"Subscriber",1977,"Male"
"33074","2018-08-16 18:46:01.639","2018-08-16 18:49:59.764","3195",40.7307426253066,-74.0637838840485,"3194",40.7253399253558,-74.0676221251488,"Subscriber",1972,"Male"
"33074","2018-08-18 11:03:27.543","2018-08-18 11:07:03.293","3194",40.7253399253558,-74.0676221251488,"3195",40.7307426253066,-74.0637838840485,"Subscriber",1993,"Male"
"33074","2018-08-18 23:16:01.488","2018-08-18 23:21:10.571","3195",40.7307426253066,-74.0637838840485,"3679",40.722103786686,-74.0714550018311,"Subscriber",1986,"Male"
"33074","2018-08-19 04:16:12.752","2018-08-19 04:34:23.821","3679",40.722103786686,-74.0714550018311,"3640",40.73367,-74.0625,"Subscriber",1995,"Male"
"33074","2018-08-19 15:55:32.042","2018-08-19 16:02:50.699","3640",40.73367,-74.0625,"3210",40.742677141,-74.051788633,"Subscriber",1990,"Male"
"33074","2018-08-20 08:46:17.226","2018-08-20 08:51:54.761","3210",40.742677141,-74.051788633,"3220",40.7349610200095,-74.0595030784607,"Subscriber",1994,"Male"
"33074","2018-08-20 08:55:57.372","2018-08-20 09:09:25.598","3220",40.7349610200095,-74.0595030784607,"3202",40.7272235,-74.0337589,"Subscriber",1984,"Male"
"33074","2018-08-20 12:34:41.88","2018-08-20 12:50:42.659","3202",40.7272235,-74.0337589,"3681",40.7151776773203,-74.0376833081245,"Subscriber",1967,"Male"
"33074","2018-08-21 06:54:11.206","2018-08-21 06:57:44.055","3681",40.7151776773203,-74.0376833081245,"3186",40.7195861164717,-74.0431174635887,"Subscriber",1976,"Male"
"33074","2018-08-21 18:48:35.256","2018-08-21 18:51:16.847","3186",40.7195861164717,-74.0431174635887,"3213",40.71848892,-74.047726625,"Subscriber",1983,"Male"
"33074","2018-08-22 06:42:00.745","2018-08-22 06:44:25.392","3213",40.71848892,-74.047726625,"3186",40.7195861164717,-74.0431174635887,"Subscriber",1974,"Female"
"33074","2018-08-22 19:08:09.328","2018-08-22 19:11:49.22","3186",40.7195861164717,-74.0431174635887,"3483",40.71942,-74.05099,"Subscriber",1985,"Male"
"33074","2018-08-23 08:26:58.023","2018-08-23 08:31:08.216","3483",40.71942,-74.05099,"3186",40.7195861164717,-74.0431174635887,"Subscriber",1985,"Male"
"33074","2018-08-23 18:02:04.795","2018-08-23 18:07:14.556","3186",40.7195861164717,-74.0431174635887,"3209",40.7241765,-74.0506564,"Subscriber",1992,"Male"
"33074","2018-08-23 23:32:00.926","2018-08-23 23:34:53.712","3209",40.7241765,-74.0506564,"3186",40.7195861164717,-74.0431174635887,"Subscriber",1993,"Male"
"33074","2018-08-23 23:40:06.474","2018-08-23 23:44:27.879","3186",40.7195861164717,-74.0431174635887,"3203",40.727595966,-74.044247311,"Subscriber",1990,"Male"
"33074","2018-08-24 07:47:05.676","2018-08-24 07:59:31.639","3203",40.727595966,-74.044247311,"3214",40.7127742,-74.0364857,"Subscriber",1977,"Male"
"33074","2018-08-24 08:16:09.302","2018-08-24 08:39:42.616","3214",40.7127742,-74.0364857,"3202",40.7272235,-74.0337589,"Subscriber",1963,"Male"
"33074","2018-08-24 17:43:26.748","2018-08-24 17:49:10.734","3638",40.7242941,-74.0354826,"3272",40.7233315864644,-74.0459525585174,"Subscriber",1992,"Male"
"33074","2018-08-25 12:15:00.439","2018-08-25 12:20:04.206","3195",40.7307426253066,-74.0637838840485,"3677",40.7275514673001,-74.0710607171059,"Subscriber",1990,"Male"
"33074","2018-08-26 10:11:07.632","2018-08-26 10:22:56.388","3677",40.7275514673001,-74.0710607171059,"3186",40.7195861164717,-74.0431174635887,"Subscriber",1965,"Male"
"33074","2018-08-26 12:43:08.45","2018-08-26 12:51:35.832","3186",40.7195861164717,-74.0431174635887,"3192",40.7112423,-74.0557013,"Subscriber",1975,"Male"
"33074","2018-08-26 13:01:01.956","2018-08-26 13:16:34.987","3192",40.7112423,-74.0557013,"3211",40.72152515,-74.046304543,"Subscriber",1966,"Female"
"33074","2018-08-26 19:22:34.212","2018-08-26 20:13:22.097","3211",40.72152515,-74.046304543,"3183",40.7162469,-74.0334588,"Customer",1969,"Unknown"
"33074","2018-08-26 20:23:59.202","2018-08-26 20:28:50.526","3183",40.7162469,-74.0334588,"3214",40.7127742,-74.0364857,"Subscriber",1987,"Male"
"33074","2018-08-26 21:06:09.515","2018-08-26 21:20:29.309","3214",40.7127742,-74.0364857,"3199",40.7287448,-74.0321082,"Subscriber",1989,"Male"
"33074","2018-08-27 08:38:44.086","2018-08-27 08:40:51.6","3199",40.7287448,-74.0321082,"3202",40.7272235,-74.0337589,"Subscriber",1986,"Male"
"33074","2018-08-28 07:47:46.425","2018-08-28 07:53:42.063","3187",40.7211236,-74.03805095,"3214",40.7127742,-74.0364857,"Subscriber",1984,"Female"
"33074","2018-08-28 11:42:34.967","2018-08-28 11:55:23.322","3214",40.7127742,-74.0364857,"3205",40.7165397809919,-74.0496379137039,"Subscriber",1986,"Male"
"33074","2018-08-29 07:50:01.907","2018-08-29 07:55:18.73","3205",40.7165397809919,-74.0496379137039,"3186",40.7195861164717,-74.0431174635887,"Subscriber",1989,"Male"
"33074","2018-08-29 11:54:39.549","2018-08-29 12:05:54.87","3272",40.7233315864644,-74.0459525585174,"3213",40.71848892,-74.047726625,"Subscriber",1981,"Female"
"33074","2018-08-29 16:38:19.182","2018-08-29 16:41:15.569","3213",40.71848892,-74.047726625,"3272",40.7233315864644,-74.0459525585174,"Subscriber",1984,"Male"
"33074","2018-08-29 16:53:59.227","2018-08-29 16:58:02.93","3272",40.7233315864644,-74.0459525585174,"3187",40.7211236,-74.03805095,"Subscriber",1987,"Female"
"33074","2018-08-29 18:07:33.806","2018-08-29 18:11:24.47","3183",40.7162469,-74.0334588,"3187",40.7211236,-74.03805095,"Subscriber",1990,"Male"
"33074","2018-08-29 19:11:30.378","2018-08-29 19:13:28.699","3187",40.7211236,-74.03805095,"3275",40.7183551982321,-74.0389144420624,"Subscriber",1988,"Female"
"33074","2018-08-29 19:30:12.211","2018-08-29 19:36:09.521","3275",40.7183551982321,-74.0389144420624,"3199",40.7287448,-74.0321082,"Subscriber",1980,"Male"
"33074","2018-08-29 21:22:48.755","2018-08-29 21:34:49.976","3199",40.7287448,-74.0321082,"3638",40.7242941,-74.0354826,"Subscriber",1992,"Male"
"33074","2018-08-29 21:40:10.866","2018-08-29 21:45:42.099","3638",40.7242941,-74.0354826,"3639",40.7192517,-74.034234,"Subscriber",1991,"Male"
"33074","2018-08-30 07:47:42.753","2018-08-30 07:49:34.451","3639",40.7192517,-74.034234,"3183",40.7162469,-74.0334588,"Subscriber",1969,"Unknown"
"33074","2018-08-30 08:09:59.226","2018-08-30 08:16:20.478","3183",40.7162469,-74.0334588,"3638",40.7242941,-74.0354826,"Subscriber",1958,"Male"
"33074","2018-08-30 08:51:43.098","2018-08-30 08:54:14.031","3638",40.7242941,-74.0354826,"3202",40.7272235,-74.0337589,"Subscriber",1994,"Male"
"33074","2018-08-30 12:14:37.446","2018-08-30 12:21:10.34","3187",40.7211236,-74.03805095,"3202",40.7272235,-74.0337589,"Customer",1969,"Unknown"
"33074","2018-08-30 12:47:35.185","2018-08-30 12:55:47.862","3202",40.7272235,-74.0337589,"3185",40.7177325,-74.043845,"Subscriber",1986,"Male"
"33074","2018-08-30 13:38:07.984","2018-08-30 13:42:46.168","3185",40.7177325,-74.043845,"3183",40.7162469,-74.0334588,"Subscriber",1980,"Male"
"33074","2018-08-30 16:10:17.582","2018-08-30 16:15:21.198","3183",40.7162469,-74.0334588,"3267",40.7124188237569,-74.0385255217552,"Subscriber",1968,"Male"
"33074","2018-08-30 17:42:09.94","2018-08-30 17:49:48.7","3267",40.7124188237569,-74.0385255217552,"3186",40.7195861164717,-74.0431174635887,"Subscriber",1993,"Male"
"33074","2018-08-30 17:55:59.54","2018-08-30 17:59:59.416","3186",40.7195861164717,-74.0431174635887,"3269",40.7260117296463,-74.0503889322281,"Subscriber",1992,"Male"
"33074","2018-08-30 19:04:52.485","2018-08-30 19:10:25.968","3269",40.7260117296463,-74.0503889322281,"3186",40.7195861164717,-74.0431174635887,"Subscriber",1993,"Male"
"33074","2018-08-30 19:46:01.387","2018-08-30 19:48:58.146","3186",40.7195861164717,-74.0431174635887,"3272",40.7233315864644,-74.0459525585174,"Subscriber",1958,"Male"
"33074","2018-08-30 19:50:39.223","2018-08-30 19:52:01.33","3272",40.7233315864644,-74.0459525585174,"3270",40.7252891078113,-74.0455716848373,"Subscriber",1959,"Male"
"33074","2018-08-31 09:06:47.456","2018-08-31 09:10:18.061","3270",40.7252891078113,-74.0455716848373,"3186",40.7195861164717,-74.0431174635887,"Subscriber",1988,"Male"
"33074","2018-08-31 21:22:28.691","2018-08-31 21:27:15.004","3186",40.7195861164717,-74.0431174635887,"3278",40.725685483629,-74.0487903356552,"Subscriber",1988,"Male"
"33074","2018-09-01 08:42:05.451","2018-09-01 08:45:39.717","3278",40.725685483629,-74.0487903356552,"3273",40.72165072488,-74.0428841114044,"Subscriber",1994,"Female"
"33074","2018-09-01 11:05:59.803","2018-09-01 11:11:34.884","3273",40.72165072488,-74.0428841114044,"3203",40.727595966,-74.044247311,"Subscriber",1983,"Male"
"33074","2018-09-01 11:35:29.23","2018-09-01 11:42:24.401","3203",40.727595966,-74.044247311,"3187",40.7211236,-74.03805095,"Subscriber",1986,"Male"
"33074","2018-09-01 18:12:15.776","2018-09-01 18:17:54.063","3187",40.7211236,-74.03805095,"3681",40.7151776773203,-74.0376833081245,"Subscriber",1958,"Male"
"33074","2018-09-01 19:11:59.873","2018-09-01 19:33:03.06","3681",40.7151776773203,-74.0376833081245,"3199",40.7287448,-74.0321082,"Subscriber",1960,"Male"
"33074","2018-09-01 22:24:28.267","2018-09-01 22:38:10.494","3199",40.7287448,-74.0321082,"3213",40.71848892,-74.047726625,"Subscriber",1995,"Male"
"33074","2018-09-02 16:54:18.116","2018-09-02 17:21:46.158","3213",40.71848892,-74.047726625,"3638",40.7242941,-74.0354826,"Subscriber",1983,"Female"
"33074","2018-09-02 17:47:10.856","2018-09-02 17:50:52.717","3638",40.7242941,-74.0354826,"3639",40.7192517,-74.034234,"Subscriber",1985,"Male"
"33074","2018-09-02 19:18:17.889","2018-09-02 19:26:17.54","3639",40.7192517,-74.034234,"3279",40.7216301426384,-74.0499678254128,"Customer",1984,"Female"
"33074","2018-09-03 08:10:50.718","2018-09-03 08:13:17.719","3279",40.7216301426384,-74.0499678254128,"3186",40.7195861164717,-74.0431174635887,"Subscriber",1976,"Male"
"33074","2018-09-03 09:03:36.146","2018-09-03 09:07:41.435","3186",40.7195861164717,-74.0431174635887,"3209",40.7241765,-74.0506564,"Subscriber",1977,"Female"
"33074","2018-09-03 11:50:27.762","2018-09-03 11:55:54.434","3209",40.7241765,-74.0506564,"3213",40.71848892,-74.047726625,"Customer",1984,"Male"
"33074","2018-09-03 13:14:46.129","2018-09-03 13:25:04.448","3213",40.71848892,-74.047726625,"3638",40.7242941,-74.0354826,"Customer",1984,"Male"
"33074","2018-09-03 21:35:49.277","2018-09-03 21:43:00.273","3638",40.7242941,-74.0354826,"3269",40.7260117296463,-74.0503889322281,"Customer",1993,"Male"
"33074","2018-09-04 07:33:16.469","2018-09-04 07:37:45.391","3269",40.7260117296463,-74.0503889322281,"3186",40.7195861164717,-74.0431174635887,"Subscriber",1973,"Male"
"33074","2018-09-04 18:32:30.778","2018-09-04 18:35:08.959","3186",40.7195861164717,-74.0431174635887,"3213",40.71848892,-74.047726625,"Subscriber",1987,"Male"
"33074","2018-09-04 18:55:44.911","2018-09-04 19:01:12.948","3213",40.71848892,-74.047726625,"3192",40.7112423,-74.0557013,"Subscriber",1988,"Male"
"33074","2018-09-05 08:10:31.126","2018-09-05 08:46:32.052","3192",40.7112423,-74.0557013,"3192",40.7112423,-74.0557013,"Subscriber",1971,"Female"
"33557","2018-05-16 08:39:05.064","2018-05-16 08:50:28.713","3277",40.7143583687043,-74.0666109323502,"3211",40.72152515,-74.046304543,"Subscriber",1971,"Male"
"33557","2018-05-16 09:38:22.636","2018-05-16 09:40:32.022","3211",40.72152515,-74.046304543,"3186",40.7195861164717,-74.0431174635887,"Subscriber",1972,"Male"
"33557","2018-05-16 19:44:47.574","2018-05-16 19:50:28.864","3186",40.7195861164717,-74.0431174635887,"3203",40.727595966,-74.044247311,"Subscriber",1985,"Male"
"33557","2018-05-17 07:16:20.459","2018-05-17 07:21:09.365","3203",40.727595966,-74.044247311,"3186",40.7195861164717,-74.0431174635887,"Subscriber",1990,"Male"
"33557","2018-05-17 09:05:07.074","2018-05-17 09:07:38.801","3213",40.71848892,-74.047726625,"3186",40.7195861164717,-74.0431174635887,"Subscriber",1962,"Male"
"33557","2018-05-17 18:08:16.266","2018-05-17 18:21:53.791","3186",40.7195861164717,-74.0431174635887,"3269",40.7260117296463,-74.0503889322281,"Subscriber",1974,"Male"
"33557","2018-05-17 18:58:21.848","2018-05-17 19:04:24.212","3269",40.7260117296463,-74.0503889322281,"3186",40.7195861164717,-74.0431174635887,"Subscriber",1990,"Male"
"33557","2018-05-17 19:16:44.066","2018-05-17 19:21:25.445","3186",40.7195861164717,-74.0431174635887,"3278",40.725685483629,-74.0487903356552,"Subscriber",1972,"Male"
"33557","2018-05-18 08:14:14.345","2018-05-18 08:19:06.654","3278",40.725685483629,-74.0487903356552,"3186",40.7195861164717,-74.0431174635887,"Subscriber",1982,"Female"
"33557","2018-05-18 09:18:37.804","2018-05-18 09:24:18.435","3278",40.725685483629,-74.0487903356552,"3187",40.7211236,-74.03805095,"Subscriber",1992,"Male"
"33557","2018-05-18 10:06:51.102","2018-05-18 10:19:05.189","3187",40.7211236,-74.03805095,"3203",40.727595966,-74.044247311,"Subscriber",1978,"Male"
"33557","2018-05-18 14:05:06.602","2018-05-18 14:13:15.461","3203",40.727595966,-74.044247311,"3185",40.7177325,-74.043845,"Subscriber",1975,"Male"
"33557","2018-05-18 16:45:44.033","2018-05-18 16:51:44.297","3185",40.7177325,-74.043845,"3209",40.7241765,-74.0506564,"Subscriber",1986,"Male"
"33557","2018-05-18 18:02:24.08","2018-05-18 18:04:56.148","3209",40.7241765,-74.0506564,"3272",40.7233315864644,-74.0459525585174,"Subscriber",1988,"Male"
"33557","2018-05-20 13:29:21.632","2018-05-20 13:47:59.275","3272",40.7233315864644,-74.0459525585174,"3214",40.7127742,-74.0364857,"Customer",1987,"Female"
"33557","2018-05-21 19:11:56.068","2018-05-21 19:20:08.005","3214",40.7127742,-74.0364857,"3279",40.7216301426384,-74.0499678254128,"Subscriber",1991,"Male"
"33557","2018-05-21 20:05:13.563","2018-05-21 20:10:34.593","3279",40.7216301426384,-74.0499678254128,"3187",40.7211236,-74.03805095,"Subscriber",1989,"Female"
"33557","2018-05-22 06:48:09.728","2018-05-22 06:52:22.771","3187",40.7211236,-74.03805095,"3183",40.7162469,-74.0334588,"Subscriber",1988,"Male"
"33557","2018-05-22 17:37:41.754","2018-05-22 17:51:00.355","3183",40.7162469,-74.0334588,"3199",40.7287448,-74.0321082,"Subscriber",1991,"Male"
"33557","2018-05-22 19:05:25.788","2018-05-22 19:16:42.311","3199",40.7287448,-74.0321082,"3186",40.7195861164717,-74.0431174635887,"Subscriber",1993,"Male"
"33557","2018-05-22 19:21:32.382","2018-05-22 19:23:43.218","3186",40.7195861164717,-74.0431174635887,"3279",40.7216301426384,-74.0499678254128,"Subscriber",1985,"Male"
"33557","2018-05-23 07:15:47.484","2018-05-23 07:18:38.509","3279",40.7216301426384,-74.0499678254128,"3186",40.7195861164717,-74.0431174635887,"Subscriber",1975,"Male"
"33557","2018-05-23 07:56:29.649","2018-05-23 08:05:37.474","3186",40.7195861164717,-74.0431174635887,"3186",40.7195861164717,-74.0431174635887,"Subscriber",1988,"Male"
"33557","2018-05-23 08:42:22.44","2018-05-23 08:55:51.494","3186",40.7195861164717,-74.0431174635887,"3194",40.7253399253558,-74.0676221251488,"Subscriber",1972,"Male"
"33557","2018-05-23 09:41:29.032","2018-05-23 09:46:11.627","3194",40.7253399253558,-74.0676221251488,"3195",40.7307426253066,-74.0637838840485,"Subscriber",1984,"Male"
"33557","2018-05-23 10:34:22.465","2018-05-23 10:58:02.255","3195",40.7307426253066,-74.0637838840485,"3195",40.7307426253066,-74.0637838840485,"Customer",1969,"Unknown"
"33557","2018-05-23 11:20:16.444","2018-05-23 11:37:43.213","3195",40.7307426253066,-74.0637838840485,"3192",40.7112423,-74.0557013,"Customer",1969,"Unknown"
"33557","2018-05-23 11:46:31.625","2018-05-23 11:54:10.824","3192",40.7112423,-74.0557013,"3276",40.7145840353589,-74.042817056179,"Subscriber",1982,"Male"
"33557","2018-05-23 19:54:20.439","2018-05-23 20:20:44.78","3276",40.7145840353589,-74.042817056179,"3272",40.7233315864644,-74.0459525585174,"Subscriber",1985,"Female"
"33557","2018-05-24 08:49:40.009","2018-05-24 08:52:13.54","3272",40.7233315864644,-74.0459525585174,"3186",40.7195861164717,-74.0431174635887,"Subscriber",1978,"Male"
"33557","2018-05-24 15:22:43.072","2018-05-24 15:27:24.02","3279",40.7216301426384,-74.0499678254128,"3269",40.7260117296463,-74.0503889322281,"Subscriber",1952,"Male"
"33557","2018-05-24 20:11:45.603","2018-05-24 20:15:38.589","3183",40.7162469,-74.0334588,"3267",40.7124188237569,-74.0385255217552,"Subscriber",1980,"Male"
"33557","2018-05-25 05:51:17.272","2018-05-25 05:54:48.321","3267",40.7124188237569,-74.0385255217552,"3184",40.7141454,-74.0335519,"Subscriber",1961,"Male"
"33557","2018-05-25 11:43:33.14","2018-05-25 11:46:31.517","3184",40.7141454,-74.0335519,"3639",40.7192517,-74.034234,"Subscriber",1958,"Male"
"33557","2018-05-25 12:47:58.806","2018-05-25 12:53:10.938","3639",40.7192517,-74.034234,"3202",40.7272235,-74.0337589,"Subscriber",1990,"Male"
"33557","2018-05-25 13:12:23.929","2018-05-25 13:26:26.064","3202",40.7272235,-74.0337589,"3184",40.7141454,-74.0335519,"Subscriber",1976,"Male"
"33557","2018-05-25 13:36:34.991","2018-05-25 13:48:12.507","3184",40.7141454,-74.0335519,"3186",40.7195861164717,-74.0431174635887,"Subscriber",1991,"Male"
"33557","2018-05-25 14:06:04.155","2018-05-25 14:09:35.316","3186",40.7195861164717,-74.0431174635887,"3209",40.7241765,-74.0506564,"Subscriber",1993,"Male"
"33557","2018-05-25 14:58:06.517","2018-05-25 15:02:28.737","3209",40.7241765,-74.0506564,"3186",40.7195861164717,-74.0431174635887,"Subscriber",1993,"Male"
"33557","2018-05-25 15:08:22.391","2018-05-25 15:17:23.415","3186",40.7195861164717,-74.0431174635887,"3192",40.7112423,-74.0557013,"Subscriber",1985,"Male"
"33557","2018-05-25 19:35:25.608","2018-05-25 19:48:58.625","3192",40.7112423,-74.0557013,"3268",40.7134638266919,-74.0628585219383,"Customer",1969,"Unknown"
"33557","2018-05-26 09:49:20.459","2018-05-26 09:51:12.273","3268",40.7134638266919,-74.0628585219383,"3268",40.7134638266919,-74.0628585219383,"Customer",1969,"Unknown"
"33557","2018-05-29 07:02:58.285","2018-05-29 07:12:08.077","3268",40.7134638266919,-74.0628585219383,"3186",40.7195861164717,-74.0431174635887,"Subscriber",1985,"Male"
"33557","2018-05-29 08:09:51.924","2018-05-29 08:16:03.193","3269",40.7260117296463,-74.0503889322281,"3186",40.7195861164717,-74.0431174635887,"Subscriber",1981,"Female"
"33557","2018-05-29 13:45:42.786","2018-05-29 13:48:56.959","3279",40.7216301426384,-74.0499678254128,"3205",40.7165397809919,-74.0496379137039,"Subscriber",1960,"Male"
"33557","2018-05-29 14:32:38.968","2018-05-29 14:37:13.895","3205",40.7165397809919,-74.0496379137039,"3186",40.7195861164717,-74.0431174635887,"Customer",1990,"Male"
"33557","2018-05-29 14:38:26.049","2018-05-29 14:46:41.684","3186",40.7195861164717,-74.0431174635887,"3192",40.7112423,-74.0557013,"Subscriber",1981,"Female"
"33557","2018-05-29 17:59:25.868","2018-05-29 18:02:30.58","3192",40.7112423,-74.0557013,"3192",40.7112423,-74.0557013,"Subscriber",1980,"Male"
"33557","2018-05-29 20:49:45.034","2018-05-29 20:50:49.395","3192",40.7112423,-74.0557013,"3192",40.7112423,-74.0557013,"Customer",1969,"Unknown"
"33557","2018-05-30 08:16:09.731","2018-05-30 08:25:53.665","3192",40.7112423,-74.0557013,"3185",40.7177325,-74.043845,"Subscriber",1984,"Unknown"
"33557","2018-05-30 17:40:32.216","2018-05-30 17:45:01.642","3183",40.7162469,-74.0334588,"3267",40.7124188237569,-74.0385255217552,"Subscriber",1989,"Female"
"33557","2018-05-30 18:16:49.092","2018-05-30 18:26:45.658","3184",40.7141454,-74.0335519,"3213",40.71848892,-74.047726625,"Subscriber",1970,"Male"
"33557","2018-05-31 06:47:42.951","2018-05-31 06:50:09.397","3213",40.71848892,-74.047726625,"3186",40.7195861164717,-74.0431174635887,"Subscriber",1974,"Female"
"33557","2018-05-31 07:09:09.133","2018-05-31 07:13:37.408","3186",40.7195861164717,-74.0431174635887,"3203",40.727595966,-74.044247311,"Subscriber",1982,"Male"
"33557","2018-05-31 08:09:03.857","2018-05-31 08:17:03.754","3203",40.727595966,-74.044247311,"3183",40.7162469,-74.0334588,"Subscriber",1976,"Male"
"33557","2018-05-31 09:02:11.619","2018-05-31 09:32:19.455","3269",40.7260117296463,-74.0503889322281,"3640",40.73367,-74.0625,"Subscriber",1964,"Male"
"33557","2018-05-31 19:18:32.664","2018-05-31 19:25:42.806","3640",40.73367,-74.0625,"3281",40.7459099663156,-74.0572714805603,"Subscriber",1982,"Male"
"33557","2018-06-04 09:04:20.617","2018-06-04 09:09:45.723","3281",40.7459099663156,-74.0572714805603,"3640",40.73367,-74.0625,"Subscriber",1983,"Male"
"33557","2018-06-04 16:13:27.368","2018-06-04 16:19:50.359","3640",40.73367,-74.0625,"3281",40.7459099663156,-74.0572714805603,"Subscriber",1980,"Male"
"33557","2018-06-05 06:24:10.4","2018-06-05 06:30:13.292","3281",40.7459099663156,-74.0572714805603,"3195",40.7307426253066,-74.0637838840485,"Subscriber",1980,"Male"
"33557","2018-06-05 07:44:23.149","2018-06-05 07:49:23.337","3195",40.7307426253066,-74.0637838840485,"3679",40.722103786686,-74.0714550018311,"Subscriber",1979,"Male"
"33557","2018-06-05 08:29:20.749","2018-06-05 08:35:37.483","3679",40.722103786686,-74.0714550018311,"3195",40.7307426253066,-74.0637838840485,"Subscriber",1984,"Male"
"33557","2018-06-05 18:38:53.422","2018-06-05 18:42:48.753","3195",40.7307426253066,-74.0637838840485,"3194",40.7253399253558,-74.0676221251488,"Subscriber",1972,"Male"
"33557","2018-06-06 00:56:29.114","2018-06-06 00:58:38.793","3194",40.7253399253558,-74.0676221251488,"3679",40.722103786686,-74.0714550018311,"Subscriber",1992,"Male"
"33557","2018-06-06 07:04:56.147","2018-06-06 07:15:38.761","3679",40.722103786686,-74.0714550018311,"3213",40.71848892,-74.047726625,"Subscriber",1994,"Male"
"33557","2018-06-06 07:20:00.267","2018-06-06 07:26:17.127","3213",40.71848892,-74.047726625,"3183",40.7162469,-74.0334588,"Subscriber",1964,"Female"
"33557","2018-06-06 17:19:01.84","2018-06-06 17:25:10.794","3183",40.7162469,-74.0334588,"3273",40.72165072488,-74.0428841114044,"Subscriber",1980,"Male"
"33557","2018-06-07 02:34:13.584","2018-06-07 02:40:56.829","3273",40.72165072488,-74.0428841114044,"3203",40.727595966,-74.044247311,"Subscriber",1972,"Male"
"33557","2018-06-07 06:02:17.515","2018-06-07 06:06:58.744","3203",40.727595966,-74.044247311,"3202",40.7272235,-74.0337589,"Subscriber",1987,"Male"
"33557","2018-06-07 17:34:09.841","2018-06-07 17:40:55.31","3202",40.7272235,-74.0337589,"3186",40.7195861164717,-74.0431174635887,"Subscriber",1969,"Male"
"33557","2018-06-07 17:58:51.674","2018-06-07 18:02:30.312","3186",40.7195861164717,-74.0431174635887,"3213",40.71848892,-74.047726625,"Subscriber",1970,"Male"
"33557","2018-06-07 18:37:21.477","2018-06-07 18:43:25.899","3213",40.71848892,-74.047726625,"3187",40.7211236,-74.03805095,"Subscriber",1981,"Male"
"33557","2018-06-07 20:26:07.914","2018-06-07 20:35:29.213","3187",40.7211236,-74.03805095,"3213",40.71848892,-74.047726625,"Subscriber",1981,"Male"
"33557","2018-06-08 07:53:55.46","2018-06-08 07:56:06.04","3213",40.71848892,-74.047726625,"3186",40.7195861164717,-74.0431174635887,"Subscriber",1986,"Male"
"33557","2018-06-08 10:23:48.124","2018-06-08 10:27:26.68","3270",40.7252891078113,-74.0455716848373,"3186",40.7195861164717,-74.0431174635887,"Subscriber",1970,"Male"
"33557","2018-06-08 15:36:52.945","2018-06-08 15:46:22.27","3186",40.7195861164717,-74.0431174635887,"3203",40.727595966,-74.044247311,"Subscriber",1987,"Male"
"33557","2018-06-08 18:38:33.015","2018-06-08 18:39:54.245","3203",40.727595966,-74.044247311,"3270",40.7252891078113,-74.0455716848373,"Subscriber",1975,"Male"
"33557","2018-06-14 08:38:14.211","2018-06-14 08:48:03.51","3225",40.7236589,-74.0641943,"3183",40.7162469,-74.0334588,"Subscriber",1994,"Male"
"33557","2018-06-14 18:01:53.487","2018-06-14 18:06:39.413","3183",40.7162469,-74.0334588,"3267",40.7124188237569,-74.0385255217552,"Subscriber",1990,"Male"
"33557","2018-06-14 19:26:13.019","2018-06-14 19:32:20.649","3202",40.7272235,-74.0337589,"3203",40.727595966,-74.044247311,"Subscriber",1954,"Male"
"33557","2018-06-15 08:10:31.199","2018-06-15 08:18:26.782","3203",40.727595966,-74.044247311,"3639",40.7192517,-74.034234,"Subscriber",1970,"Male"
"33557","2018-06-15 12:33:56.428","2018-06-15 12:36:57.114","3639",40.7192517,-74.034234,"3638",40.7242941,-74.0354826,"Subscriber",1991,"Male"
"33557","2018-06-15 15:18:21.918","2018-06-15 15:20:30.48","3638",40.7242941,-74.0354826,"3187",40.7211236,-74.03805095,"Subscriber",1972,"Male"
"33557","2018-06-15 16:10:49.397","2018-06-15 16:15:17.357","3187",40.7211236,-74.03805095,"3267",40.7124188237569,-74.0385255217552,"Subscriber",1988,"Male"
"33557","2018-06-16 13:24:10.492","2018-06-16 13:30:39.156","3267",40.7124188237569,-74.0385255217552,"3186",40.7195861164717,-74.0431174635887,"Subscriber",1961,"Male"
"33557","2018-06-17 06:01:38.68","2018-06-17 06:07:57.836","3186",40.7195861164717,-74.0431174635887,"3269",40.7260117296463,-74.0503889322281,"Subscriber",1988,"Male"
"33557","2018-06-17 10:47:39.011","2018-06-17 10:52:19.715","3269",40.7260117296463,-74.0503889322281,"3186",40.7195861164717,-74.0431174635887,"Subscriber",1981,"Female"
"33557","2018-06-17 11:16:26.306","2018-06-17 11:19:14.618","3186",40.7195861164717,-74.0431174635887,"3276",40.7145840353589,-74.042817056179,"Subscriber",1971,"Male"
"33557","2018-06-17 19:20:32.163","2018-06-17 19:26:41.598","3276",40.7145840353589,-74.042817056179,"3639",40.7192517,-74.034234,"Subscriber",1989,"Male"
"33557","2018-06-17 20:24:06.893","2018-06-17 21:13:10.026","3639",40.7192517,-74.034234,"3202",40.7272235,-74.0337589,"Customer",1969,"Unknown"
"33557","2018-06-17 23:57:56.304","2018-06-18 00:04:03.256","3202",40.7272235,-74.0337589,"3203",40.727595966,-74.044247311,"Subscriber",1978,"Male"
"33557","2018-06-18 07:46:28.753","2018-06-18 07:50:51.263","3203",40.727595966,-74.044247311,"3186",40.7195861164717,-74.0431174635887,"Subscriber",1973,"Male"
"33557","2018-06-18 09:13:47.708","2018-06-18 09:18:31.615","3269",40.7260117296463,-74.0503889322281,"3186",40.7195861164717,-74.0431174635887,"Subscriber",1983,"Male"
"33557","2018-06-18 18:23:14.881","2018-06-18 18:26:17.925","3186",40.7195861164717,-74.0431174635887,"3276",40.7145840353589,-74.042817056179,"Subscriber",1986,"Male"
"33557","2018-06-19 08:50:17.17","2018-06-19 09:02:20.782","3212",40.734785818,-74.050443636,"3183",40.7162469,-74.0334588,"Subscriber",1966,"Male"
"33557","2018-06-19 19:00:07.968","2018-06-19 19:04:38.71","3202",40.7272235,-74.0337589,"3187",40.7211236,-74.03805095,"Subscriber",1990,"Male"
"33557","2018-06-19 20:13:52.083","2018-06-19 20:17:52.67","3187",40.7211236,-74.03805095,"3185",40.7177325,-74.043845,"Subscriber",1988,"Female"
"33557","2018-06-19 21:02:02.425","2018-06-19 21:13:37.752","3185",40.7177325,-74.043845,"3211",40.72152515,-74.046304543,"Subscriber",1988,"Male"
"33557","2018-06-20 00:40:32.081","2018-06-20 00:42:49.793","3211",40.72152515,-74.046304543,"3209",40.7241765,-74.0506564,"Subscriber",1986,"Male"
"33557","2018-06-20 06:48:13.654","2018-06-20 06:52:26.168","3209",40.7241765,-74.0506564,"3186",40.7195861164717,-74.0431174635887,"Subscriber",1983,"Male"
"33557","2018-06-29 06:37:28.429","2018-06-29 06:53:07.169","3206",40.7311689,-74.0575736,"3183",40.7162469,-74.0334588,"Subscriber",1989,"Female"
"33557","2018-06-29 12:53:09.272","2018-06-29 13:19:15.366","3183",40.7162469,-74.0334588,"3186",40.7195861164717,-74.0431174635887,"Subscriber",1978,"Male"
"33557","2018-06-29 13:32:22.753","2018-06-29 13:36:50.147","3186",40.7195861164717,-74.0431174635887,"3639",40.7192517,-74.034234,"Subscriber",1990,"Male"
"33557","2018-06-29 14:07:49.668","2018-06-29 14:18:09.099","3639",40.7192517,-74.034234,"3639",40.7192517,-74.034234,"Customer",1969,"Unknown"
"33557","2018-06-29 14:27:53.3","2018-06-29 14:32:25.286","3639",40.7192517,-74.034234,"3267",40.7124188237569,-74.0385255217552,"Subscriber",1982,"Male"
"33557","2018-06-29 17:45:23.764","2018-06-29 17:49:30.706","3267",40.7124188237569,-74.0385255217552,"3639",40.7192517,-74.034234,"Subscriber",1982,"Male"
"33557","2018-06-29 17:51:45.478","2018-06-29 17:56:16.506","3639",40.7192517,-74.034234,"3202",40.7272235,-74.0337589,"Subscriber",1980,"Male"
"33557","2018-06-29 17:59:39.674","2018-06-29 18:10:15.676","3202",40.7272235,-74.0337589,"3186",40.7195861164717,-74.0431174635887,"Subscriber",1973,"Female"
"33557","2018-06-30 00:03:44.384","2018-06-30 00:08:28.853","3186",40.7195861164717,-74.0431174635887,"3203",40.727595966,-74.044247311,"Subscriber",1987,"Male"
"33557","2018-06-30 08:18:51.628","2018-06-30 08:29:39.038","3203",40.727595966,-74.044247311,"3211",40.72152515,-74.046304543,"Subscriber",1969,"Unknown"
"33557","2018-06-30 08:53:21.573","2018-06-30 08:57:45.723","3211",40.72152515,-74.046304543,"3203",40.727595966,-74.044247311,"Subscriber",1969,"Unknown"
"33557","2018-06-30 12:12:45.499","2018-06-30 12:21:25.99","3203",40.727595966,-74.044247311,"3213",40.71848892,-74.047726625,"Subscriber",1986,"Male"
"33557","2018-06-30 13:12:53.888","2018-06-30 13:15:40.448","3213",40.71848892,-74.047726625,"3211",40.72152515,-74.046304543,"Subscriber",1986,"Male"
"33557","2018-06-30 17:08:38.673","2018-06-30 17:33:23.739","3211",40.72152515,-74.046304543,"3199",40.7287448,-74.0321082,"Subscriber",1981,"Male"
"33557","2018-06-30 19:10:44.508","2018-06-30 19:26:32.385","3199",40.7287448,-74.0321082,"3681",40.7151776773203,-74.0376833081245,"Subscriber",1983,"Male"
"33557","2018-06-30 19:29:09.693","2018-06-30 19:46:03.951","3681",40.7151776773203,-74.0376833081245,"3214",40.7127742,-74.0364857,"Subscriber",1983,"Male"
"33557","2018-07-01 14:02:27.413","2018-07-01 14:20:27.654","3214",40.7127742,-74.0364857,"3199",40.7287448,-74.0321082,"Customer",1981,"Male"
"33557","2018-07-01 15:01:00.465","2018-07-01 15:03:24.484","3199",40.7287448,-74.0321082,"3638",40.7242941,-74.0354826,"Subscriber",1993,"Male"
"33557","2018-07-02 20:07:47.154","2018-07-02 20:14:34.886","3276",40.7145840353589,-74.042817056179,"3192",40.7112423,-74.0557013,"Subscriber",1988,"Male"
"33557","2018-07-03 07:28:09.61","2018-07-03 07:40:41.643","3192",40.7112423,-74.0557013,"3639",40.7192517,-74.034234,"Subscriber",1986,"Male"
"33557","2018-07-03 09:27:05.234","2018-07-03 09:29:32.386","3639",40.7192517,-74.034234,"3275",40.7183551982321,-74.0389144420624,"Subscriber",1983,"Male"
"33557","2018-07-03 12:40:43.06","2018-07-03 12:46:37.951","3275",40.7183551982321,-74.0389144420624,"3199",40.7287448,-74.0321082,"Subscriber",1980,"Male"
"33557","2018-07-03 19:27:29.918","2018-07-03 19:44:59.317","3199",40.7287448,-74.0321082,"3225",40.7236589,-74.0641943,"Subscriber",1984,"Male"
"33557","2018-07-04 10:38:09.757","2018-07-04 10:42:33.733","3225",40.7236589,-74.0641943,"3195",40.7307426253066,-74.0637838840485,"Subscriber",1986,"Male"
"33557","2018-07-04 11:43:41.4","2018-07-04 11:49:37.265","3195",40.7307426253066,-74.0637838840485,"3679",40.722103786686,-74.0714550018311,"Subscriber",1993,"Male"
"33557","2018-07-04 12:46:14.717","2018-07-04 12:53:22.644","3679",40.722103786686,-74.0714550018311,"3640",40.73367,-74.0625,"Subscriber",1978,"Male"
"33557","2018-07-04 15:56:09.367","2018-07-04 16:02:45.291","3640",40.73367,-74.0625,"3679",40.722103786686,-74.0714550018311,"Subscriber",1978,"Male"
"33557","2018-07-04 16:31:51.036","2018-07-04 16:38:07.057","3679",40.722103786686,-74.0714550018311,"3195",40.7307426253066,-74.0637838840485,"Subscriber",1978,"Male"
"33557","2018-07-04 17:15:11.154","2018-07-04 17:22:57.256","3195",40.7307426253066,-74.0637838840485,"3269",40.7260117296463,-74.0503889322281,"Subscriber",1990,"Male"
"33557","2018-07-04 18:32:22.202","2018-07-04 18:46:11.495","3269",40.7260117296463,-74.0503889322281,"3275",40.7183551982321,-74.0389144420624,"Subscriber",1990,"Male"
"33557","2018-07-04 20:16:40.553","2018-07-04 20:32:10.68","3275",40.7183551982321,-74.0389144420624,"3275",40.7183551982321,-74.0389144420624,"Subscriber",1976,"Male"
"33557","2018-07-04 21:58:30.613","2018-07-04 22:12:55.49","3275",40.7183551982321,-74.0389144420624,"3270",40.7252891078113,-74.0455716848373,"Customer",1969,"Unknown"
"33557","2018-07-05 06:34:01.346","2018-07-05 07:09:03.327","3270",40.7252891078113,-74.0455716848373,"3211",40.72152515,-74.046304543,"Subscriber",1971,"Male"
"33557","2018-07-05 10:56:44.488","2018-07-05 11:03:31.973","3211",40.72152515,-74.046304543,"3183",40.7162469,-74.0334588,"Subscriber",1962,"Female"
"33557","2018-07-05 15:22:41.627","2018-07-05 15:28:13.904","3183",40.7162469,-74.0334588,"3202",40.7272235,-74.0337589,"Subscriber",1983,"Male"
"33557","2018-07-05 16:06:03.953","2018-07-05 16:13:20.892","3202",40.7272235,-74.0337589,"3184",40.7141454,-74.0335519,"Subscriber",1992,"Female"
"33557","2018-07-05 16:41:40.874","2018-07-05 16:48:43.774","3184",40.7141454,-74.0335519,"3186",40.7195861164717,-74.0431174635887,"Subscriber",1983,"Male"
"33557","2018-07-05 17:31:30.164","2018-07-05 17:35:15.694","3186",40.7195861164717,-74.0431174635887,"3279",40.7216301426384,-74.0499678254128,"Subscriber",1986,"Male"
"33557","2018-07-05 20:43:07.442","2018-07-05 20:46:04.021","3184",40.7141454,-74.0335519,"3639",40.7192517,-74.034234,"Subscriber",1989,"Male"
"33557","2018-07-06 16:25:46.055","2018-07-06 16:37:06.522","3639",40.7192517,-74.034234,"3638",40.7242941,-74.0354826,"Subscriber",1982,"Male"
"33557","2018-07-06 17:02:52.497","2018-07-06 17:08:47.176","3638",40.7242941,-74.0354826,"3183",40.7162469,-74.0334588,"Subscriber",1989,"Male"
"33557","2018-07-06 17:37:59.45","2018-07-06 17:42:35.222","3183",40.7162469,-74.0334588,"3267",40.7124188237569,-74.0385255217552,"Subscriber",1990,"Male"
"33557","2018-07-06 21:24:59.779","2018-07-06 21:39:00.105","3267",40.7124188237569,-74.0385255217552,"3202",40.7272235,-74.0337589,"Subscriber",1963,"Female"
"33557","2018-07-06 22:23:55.314","2018-07-06 22:30:07.736","3202",40.7272235,-74.0337589,"3639",40.7192517,-74.034234,"Subscriber",1991,"Male"
"33557","2018-07-07 09:45:49.666","2018-07-07 09:47:37.476","3639",40.7192517,-74.034234,"3183",40.7162469,-74.0334588,"Subscriber",1966,"Male"
"33557","2018-07-09 08:26:28.159","2018-07-09 08:31:38.967","3203",40.727595966,-74.044247311,"3202",40.7272235,-74.0337589,"Subscriber",1954,"Male"
"33557","2018-07-09 11:52:05.38","2018-07-09 11:57:09.138","3202",40.7272235,-74.0337589,"3639",40.7192517,-74.034234,"Subscriber",1986,"Male"
"33557","2018-07-09 13:37:57.353","2018-07-09 14:03:40.225","3639",40.7192517,-74.034234,"3220",40.7349610200095,-74.0595030784607,"Subscriber",1967,"Male"
"33557","2018-07-09 14:47:14.846","2018-07-09 15:03:11.371","3220",40.7349610200095,-74.0595030784607,"3639",40.7192517,-74.034234,"Subscriber",1967,"Male"
"33557","2018-07-09 16:01:56.629","2018-07-09 16:05:55.532","3639",40.7192517,-74.034234,"3202",40.7272235,-74.0337589,"Subscriber",1958,"Male"
"33557","2018-07-09 16:19:17.061","2018-07-09 16:26:09.329","3202",40.7272235,-74.0337589,"3186",40.7195861164717,-74.0431174635887,"Subscriber",1969,"Unknown"
"33557","2018-07-09 16:45:22.835","2018-07-09 16:49:06.435","3186",40.7195861164717,-74.0431174635887,"3270",40.7252891078113,-74.0455716848373,"Subscriber",1970,"Male"
"33557","2018-07-09 17:41:41.255","2018-07-09 17:43:40.621","3270",40.7252891078113,-74.0455716848373,"3211",40.72152515,-74.046304543,"Subscriber",1991,"Female"
"33557","2018-07-09 18:26:30.099","2018-07-09 18:28:47.845","3211",40.72152515,-74.046304543,"3209",40.7241765,-74.0506564,"Subscriber",1986,"Male"
"33557","2018-07-10 06:15:26.755","2018-07-10 06:25:07.001","3209",40.7241765,-74.0506564,"3202",40.7272235,-74.0337589,"Subscriber",1988,"Male"
"33557","2018-07-10 07:34:27.591","2018-07-10 07:43:48.513","3202",40.7272235,-74.0337589,"3209",40.7241765,-74.0506564,"Subscriber",1988,"Male"
"33557","2018-07-10 10:18:01.916","2018-07-10 10:23:22.155","3209",40.7241765,-74.0506564,"3186",40.7195861164717,-74.0431174635887,"Subscriber",1987,"Female"
"33557","2018-07-10 13:29:29.069","2018-07-10 13:36:20.394","3186",40.7195861164717,-74.0431174635887,"3269",40.7260117296463,-74.0503889322281,"Subscriber",1975,"Female"
"33557","2018-07-10 16:26:56.45","2018-07-10 16:30:42.675","3269",40.7260117296463,-74.0503889322281,"3203",40.727595966,-74.044247311,"Subscriber",1975,"Female"
"33557","2018-07-11 08:54:11.996","2018-07-11 08:59:03.958","3203",40.727595966,-74.044247311,"3211",40.72152515,-74.046304543,"Subscriber",1976,"Male"
"33557","2018-07-11 09:08:34.581","2018-07-11 09:23:37.11","3211",40.72152515,-74.046304543,"3183",40.7162469,-74.0334588,"Subscriber",1988,"Male"
"33557","2018-07-12 08:00:56.869","2018-07-12 08:04:31.728","3276",40.7145840353589,-74.042817056179,"3183",40.7162469,-74.0334588,"Subscriber",1986,"Male"
"33557","2018-07-12 12:00:11.097","2018-07-12 12:03:12.229","3272",40.7233315864644,-74.0459525585174,"3186",40.7195861164717,-74.0431174635887,"Subscriber",1958,"Female"
"33557","2018-07-12 15:41:23.308","2018-07-12 15:43:02.544","3186",40.7195861164717,-74.0431174635887,"3211",40.72152515,-74.046304543,"Subscriber",1975,"Male"
"33557","2018-07-12 16:38:15.587","2018-07-12 16:41:00.206","3211",40.72152515,-74.046304543,"3205",40.7165397809919,-74.0496379137039,"Subscriber",1975,"Male"
"33557","2018-07-13 07:55:13.426","2018-07-13 07:58:44.207","3205",40.7165397809919,-74.0496379137039,"3186",40.7195861164717,-74.0431174635887,"Subscriber",1989,"Male"
"33557","2018-07-13 20:11:25.458","2018-07-13 20:14:12.114","3186",40.7195861164717,-74.0431174635887,"3213",40.71848892,-74.047726625,"Subscriber",1973,"Female"
"33557","2018-07-14 10:18:13.582","2018-07-14 10:25:09.526","3213",40.71848892,-74.047726625,"3269",40.7260117296463,-74.0503889322281,"Subscriber",1975,"Female"
"33557","2018-07-14 10:41:07.096","2018-07-14 11:06:17.447","3269",40.7260117296463,-74.0503889322281,"3192",40.7112423,-74.0557013,"Customer",1988,"Female"
"33557","2018-07-14 11:09:49.088","2018-07-14 11:24:31.01","3192",40.7112423,-74.0557013,"3184",40.7141454,-74.0335519,"Customer",1988,"Female"
"33557","2018-07-14 20:21:11.077","2018-07-14 20:24:02.501","3184",40.7141454,-74.0335519,"3267",40.7124188237569,-74.0385255217552,"Subscriber",1993,"Male"
"33557","2018-07-14 22:57:45.314","2018-07-14 23:02:21.897","3267",40.7124188237569,-74.0385255217552,"3183",40.7162469,-74.0334588,"Subscriber",1994,"Female"
"33557","2018-07-14 23:36:49.694","2018-07-14 23:39:15.957","3183",40.7162469,-74.0334588,"3183",40.7162469,-74.0334588,"Subscriber",1988,"Female"
"33557","2018-07-15 02:56:32.544","2018-07-15 03:00:18.034","3183",40.7162469,-74.0334588,"3267",40.7124188237569,-74.0385255217552,"Subscriber",1994,"Female"
"33557","2018-07-15 08:53:45.419","2018-07-15 08:57:11.579","3267",40.7124188237569,-74.0385255217552,"3183",40.7162469,-74.0334588,"Customer",1994,"Male"
"33557","2018-07-15 11:22:18.796","2018-07-15 11:49:35.781","3183",40.7162469,-74.0334588,"3192",40.7112423,-74.0557013,"Subscriber",1993,"Male"
"33557","2018-07-15 20:43:54.076","2018-07-15 21:16:06.971","3192",40.7112423,-74.0557013,"3192",40.7112423,-74.0557013,"Subscriber",1995,"Female"
"33557","2018-07-16 08:21:21.306","2018-07-16 08:28:25.868","3192",40.7112423,-74.0557013,"3185",40.7177325,-74.043845,"Subscriber",1983,"Male"
"33557","2018-07-16 18:07:58.895","2018-07-16 18:10:55.748","3185",40.7177325,-74.043845,"3276",40.7145840353589,-74.042817056179,"Subscriber",1986,"Male"
"33557","2018-07-16 18:32:34.752","2018-07-16 18:35:25.288","3276",40.7145840353589,-74.042817056179,"3186",40.7195861164717,-74.0431174635887,"Subscriber",1967,"Male"
"33557","2018-07-16 18:35:33.442","2018-07-16 18:39:46.593","3186",40.7195861164717,-74.0431174635887,"3270",40.7252891078113,-74.0455716848373,"Subscriber",1979,"Male"
"33557","2018-07-16 19:12:25.406","2018-07-16 19:42:15.723","3270",40.7252891078113,-74.0455716848373,"3198",40.7487159453802,-74.0404433012009,"Customer",1969,"Unknown"
"33557","2018-07-20 19:19:16.897","2018-07-20 19:23:48.88","3195",40.7307426253066,-74.0637838840485,"3225",40.7236589,-74.0641943,"Subscriber",1989,"Male"
"33557","2018-07-21 09:15:01.262","2018-07-21 09:28:02.009","3225",40.7236589,-74.0641943,"3203",40.727595966,-74.044247311,"Subscriber",1986,"Male"
"33557","2018-07-21 12:11:20.097","2018-07-21 12:18:58.956","3203",40.727595966,-74.044247311,"3186",40.7195861164717,-74.0431174635887,"Subscriber",1987,"Female"
"33557","2018-07-21 12:33:06.379","2018-07-21 12:57:36.635","3186",40.7195861164717,-74.0431174635887,"3276",40.7145840353589,-74.042817056179,"Subscriber",1989,"Male"
"33557","2018-07-21 13:15:27.317","2018-07-21 13:21:57.362","3276",40.7145840353589,-74.042817056179,"3267",40.7124188237569,-74.0385255217552,"Subscriber",1986,"Male"
"33557","2018-07-21 13:29:30.221","2018-07-21 13:38:07.765","3267",40.7124188237569,-74.0385255217552,"3184",40.7141454,-74.0335519,"Subscriber",1986,"Male"
"33557","2018-07-21 14:25:29.261","2018-07-21 14:31:46.715","3184",40.7141454,-74.0335519,"3276",40.7145840353589,-74.042817056179,"Subscriber",1989,"Male"
"33557","2018-07-21 14:45:50.46","2018-07-21 14:54:03.689","3276",40.7145840353589,-74.042817056179,"3267",40.7124188237569,-74.0385255217552,"Customer",1989,"Female"
"33557","2018-07-21 15:39:43.587","2018-07-21 15:46:09.956","3267",40.7124188237569,-74.0385255217552,"3186",40.7195861164717,-74.0431174635887,"Subscriber",1984,"Female"
"33557","2018-07-21 16:16:07.377","2018-07-21 16:40:41.975","3186",40.7195861164717,-74.0431174635887,"3184",40.7141454,-74.0335519,"Customer",1969,"Unknown"
"33557","2018-07-21 16:44:39.104","2018-07-21 17:03:30.63","3184",40.7141454,-74.0335519,"3275",40.7183551982321,-74.0389144420624,"Customer",1969,"Unknown"
"33557","2018-07-22 11:16:54.278","2018-07-22 11:45:06.742","3275",40.7183551982321,-74.0389144420624,"3214",40.7127742,-74.0364857,"Customer",1969,"Unknown"
"33557","2018-07-22 15:17:13.756","2018-07-22 15:32:14.279","3214",40.7127742,-74.0364857,"3192",40.7112423,-74.0557013,"Subscriber",1981,"Male"
"33557","2018-07-23 12:34:02.519","2018-07-23 12:41:08.173","3192",40.7112423,-74.0557013,"3211",40.72152515,-74.046304543,"Subscriber",1992,"Male"
"33557","2018-07-23 14:39:46.819","2018-07-23 14:46:54.861","3211",40.72152515,-74.046304543,"3202",40.7272235,-74.0337589,"Subscriber",1982,"Male"
"33557","2018-07-23 15:45:38.274","2018-07-23 15:53:33.032","3202",40.7272235,-74.0337589,"3481",40.71649,-74.04105,"Subscriber",1982,"Male"
"33557","2018-07-23 17:18:43.029","2018-07-23 17:23:49.871","3481",40.71649,-74.04105,"3483",40.71942,-74.05099,"Subscriber",1979,"Unknown"
"33557","2018-07-24 13:34:13.218","2018-07-24 14:13:28.871","3483",40.71942,-74.05099,"3483",40.71942,-74.05099,"Subscriber",1969,"Male"
"33557","2018-07-24 17:37:59.845","2018-07-24 17:39:45.447","3483",40.71942,-74.05099,"3213",40.71848892,-74.047726625,"Subscriber",1987,"Male"
"33557","2018-07-24 19:43:21.998","2018-07-24 19:45:59.688","3213",40.71848892,-74.047726625,"3186",40.7195861164717,-74.0431174635887,"Subscriber",1985,"Male"
"33557","2018-07-24 19:52:51.82","2018-07-24 20:16:52.291","3186",40.7195861164717,-74.0431174635887,"3276",40.7145840353589,-74.042817056179,"Subscriber",1982,"Male"
"33557","2018-07-24 20:21:35.212","2018-07-24 20:44:33.282","3276",40.7145840353589,-74.042817056179,"3276",40.7145840353589,-74.042817056179,"Subscriber",1991,"Male"
"33557","2018-07-25 01:20:42.442","2018-07-25 01:38:42.604","3276",40.7145840353589,-74.042817056179,"3694",40.71113,-74.0789,"Subscriber",1988,"Male"
"33557","2018-07-25 17:24:31.328","2018-07-25 17:39:07.753","3694",40.71113,-74.0789,"3195",40.7307426253066,-74.0637838840485,"Subscriber",1988,"Male"
"33557","2018-07-25 17:42:59.312","2018-07-25 17:49:11.915","3195",40.7307426253066,-74.0637838840485,"3679",40.722103786686,-74.0714550018311,"Subscriber",1980,"Male"
"33557","2018-07-25 23:19:59.516","2018-07-25 23:26:57.559","3679",40.722103786686,-74.0714550018311,"3694",40.71113,-74.0789,"Subscriber",1988,"Male"
"33557","2018-07-26 16:19:03.639","2018-07-26 16:39:48.309","3694",40.71113,-74.0789,"3183",40.7162469,-74.0334588,"Subscriber",1988,"Male"
"33557","2018-07-26 17:00:53.895","2018-07-26 17:03:39.595","3183",40.7162469,-74.0334588,"3267",40.7124188237569,-74.0385255217552,"Subscriber",1971,"Male"
"33557","2018-07-26 20:24:55.106","2018-07-26 20:28:18.987","3183",40.7162469,-74.0334588,"3184",40.7141454,-74.0335519,"Subscriber",1988,"Male"
"33557","2018-07-26 20:30:53.298","2018-07-26 20:34:49.923","3184",40.7141454,-74.0335519,"3481",40.71649,-74.04105,"Subscriber",1987,"Male"
"33557","2018-07-27 00:26:29.305","2018-07-27 00:29:35.144","3481",40.71649,-74.04105,"3186",40.7195861164717,-74.0431174635887,"Subscriber",1978,"Male"
"33557","2018-07-27 00:39:18.278","2018-07-27 00:47:36.367","3186",40.7195861164717,-74.0431174635887,"3214",40.7127742,-74.0364857,"Subscriber",1993,"Male"
"33557","2018-07-27 12:44:40.261","2018-07-27 12:50:56.752","3214",40.7127742,-74.0364857,"3186",40.7195861164717,-74.0431174635887,"Subscriber",1989,"Male"
"33557","2018-07-27 15:16:47.603","2018-07-27 15:19:56.471","3186",40.7195861164717,-74.0431174635887,"3270",40.7252891078113,-74.0455716848373,"Subscriber",1968,"Male"
"33557","2018-07-28 10:11:46.925","2018-07-28 10:16:36.286","3270",40.7252891078113,-74.0455716848373,"3213",40.71848892,-74.047726625,"Subscriber",1963,"Male"
"33557","2018-07-28 10:36:26.12","2018-07-28 10:54:29.734","3213",40.71848892,-74.047726625,"3272",40.7233315864644,-74.0459525585174,"Subscriber",1963,"Male"
"33557","2018-07-28 11:16:18.235","2018-07-28 11:17:46.933","3272",40.7233315864644,-74.0459525585174,"3270",40.7252891078113,-74.0455716848373,"Subscriber",1963,"Male"
"33557","2018-07-28 13:47:32.456","2018-07-28 14:04:54.368","3270",40.7252891078113,-74.0455716848373,"3210",40.742677141,-74.051788633,"Subscriber",1991,"Female"
"33557","2018-07-28 16:18:48.878","2018-07-28 16:35:18.58","3210",40.742677141,-74.051788633,"3186",40.7195861164717,-74.0431174635887,"Subscriber",1991,"Female"
"33557","2018-07-28 17:06:55.121","2018-07-28 17:13:37.544","3186",40.7195861164717,-74.0431174635887,"3203",40.727595966,-74.044247311,"Subscriber",1969,"Unknown"
"33557","2018-07-28 18:03:24.47","2018-07-28 18:07:55.998","3203",40.727595966,-74.044247311,"3186",40.7195861164717,-74.0431174635887,"Subscriber",1987,"Male"
"33557","2018-07-28 21:44:07.499","2018-07-28 21:48:36.282","3186",40.7195861164717,-74.0431174635887,"3203",40.727595966,-74.044247311,"Subscriber",1987,"Male"
"33557","2018-07-30 08:23:05.413","2018-07-30 08:28:52.492","3203",40.727595966,-74.044247311,"3202",40.7272235,-74.0337589,"Subscriber",1954,"Male"
"33557","2018-07-30 09:04:23.219","2018-07-30 09:17:55.686","3202",40.7272235,-74.0337589,"3183",40.7162469,-74.0334588,"Subscriber",1991,"Male"
"33557","2018-07-30 14:16:22.738","2018-07-30 14:33:12.432","3681",40.7151776773203,-74.0376833081245,"3202",40.7272235,-74.0337589,"Subscriber",1969,"Male"
"33557","2018-07-30 15:48:44.085","2018-07-30 15:55:02.982","3202",40.7272235,-74.0337589,"3203",40.727595966,-74.044247311,"Subscriber",1991,"Male"
"33557","2018-07-31 08:27:15.325","2018-07-31 08:33:11.18","3203",40.727595966,-74.044247311,"3202",40.7272235,-74.0337589,"Subscriber",1954,"Male"
"33557","2018-07-31 10:02:41.938","2018-07-31 10:09:51.24","3202",40.7272235,-74.0337589,"3183",40.7162469,-74.0334588,"Subscriber",1991,"Male"
"33557","2018-07-31 13:19:08.801","2018-07-31 13:23:24.722","3183",40.7162469,-74.0334588,"3187",40.7211236,-74.03805095,"Subscriber",1982,"Male"
"33557","2018-07-31 16:12:48.075","2018-07-31 16:16:35.238","3187",40.7211236,-74.03805095,"3186",40.7195861164717,-74.0431174635887,"Subscriber",1984,"Male"
"33557","2018-07-31 16:46:55.872","2018-07-31 16:49:12.224","3186",40.7195861164717,-74.0431174635887,"3279",40.7216301426384,-74.0499678254128,"Subscriber",1982,"Male"
"33557","2018-07-31 17:54:29.396","2018-07-31 17:56:54.417","3279",40.7216301426384,-74.0499678254128,"3186",40.7195861164717,-74.0431174635887,"Subscriber",1982,"Male"
"33557","2018-07-31 18:15:26.248","2018-07-31 18:18:11.999","3186",40.7195861164717,-74.0431174635887,"3276",40.7145840353589,-74.042817056179,"Subscriber",1986,"Male"
"33557","2018-07-31 20:46:53.256","2018-07-31 20:53:48.571","3186",40.7195861164717,-74.0431174635887,"3203",40.727595966,-74.044247311,"Subscriber",1958,"Male"
"33557","2018-07-31 21:05:11.204","2018-07-31 21:26:11.974","3203",40.727595966,-74.044247311,"3183",40.7162469,-74.0334588,"Subscriber",1988,"Male"
"33557","2018-07-31 22:10:18.071","2018-07-31 22:16:53.002","3183",40.7162469,-74.0334588,"3186",40.7195861164717,-74.0431174635887,"Subscriber",1978,"Male"
"33557","2018-07-31 22:21:27.908","2018-07-31 22:24:42.865","3186",40.7195861164717,-74.0431174635887,"3187",40.7211236,-74.03805095,"Subscriber",1978,"Male"
"33557","2018-07-31 22:42:42.603","2018-07-31 22:50:39.986","3187",40.7211236,-74.03805095,"3205",40.7165397809919,-74.0496379137039,"Subscriber",1991,"Male"
"33557","2018-08-02 08:34:29.515","2018-08-02 08:40:05.543","3205",40.7165397809919,-74.0496379137039,"3273",40.72165072488,-74.0428841114044,"Subscriber",1968,"Male"
"33557","2018-08-02 21:07:26.324","2018-08-02 21:10:55.2","3273",40.72165072488,-74.0428841114044,"3203",40.727595966,-74.044247311,"Subscriber",1985,"Female"
"33557","2018-08-03 07:44:49.197","2018-08-03 07:50:14.591","3203",40.727595966,-74.044247311,"3202",40.7272235,-74.0337589,"Subscriber",1977,"Male"
"33557","2018-08-03 08:52:38.15","2018-08-03 08:58:22.995","3270",40.7252891078113,-74.0455716848373,"3273",40.72165072488,-74.0428841114044,"Subscriber",1962,"Male"
"33557","2018-08-04 08:15:53.136","2018-08-04 08:19:55.306","3273",40.72165072488,-74.0428841114044,"3203",40.727595966,-74.044247311,"Subscriber",1989,"Female"
"33557","2018-08-04 08:40:14.126","2018-08-04 08:43:35.648","3203",40.727595966,-74.044247311,"3273",40.72165072488,-74.0428841114044,"Subscriber",1989,"Female"
"33557","2018-08-04 11:42:28.877","2018-08-04 11:58:56.304","3273",40.72165072488,-74.0428841114044,"3220",40.7349610200095,-74.0595030784607,"Customer",1988,"Female"
"33557","2018-08-04 18:05:59.894","2018-08-04 18:15:18.356","3220",40.7349610200095,-74.0595030784607,"3202",40.7272235,-74.0337589,"Subscriber",1992,"Male"
"33557","2018-08-04 20:01:35.48","2018-08-04 20:10:12.99","3202",40.7272235,-74.0337589,"3186",40.7195861164717,-74.0431174635887,"Subscriber",1985,"Male"
"33557","2018-08-04 20:14:30.577","2018-08-04 20:18:05.128","3186",40.7195861164717,-74.0431174635887,"3279",40.7216301426384,-74.0499678254128,"Subscriber",1986,"Female"
"33557","2018-08-05 10:09:18.635","2018-08-05 10:12:22.142","3279",40.7216301426384,-74.0499678254128,"3186",40.7195861164717,-74.0431174635887,"Subscriber",1962,"Female"
"33557","2018-08-05 10:55:28.577","2018-08-05 11:02:34.935","3186",40.7195861164717,-74.0431174635887,"3203",40.727595966,-74.044247311,"Subscriber",1988,"Male"
"33557","2018-08-05 11:32:00.352","2018-08-05 11:38:49.251","3203",40.727595966,-74.044247311,"3639",40.7192517,-74.034234,"Subscriber",1954,"Male"
"33557","2018-08-05 14:17:03.397","2018-08-05 14:26:31.774","3639",40.7192517,-74.034234,"3203",40.727595966,-74.044247311,"Subscriber",1981,"Male"
"33557","2018-08-05 15:04:15.621","2018-08-05 15:06:48.619","3203",40.727595966,-74.044247311,"3272",40.7233315864644,-74.0459525585174,"Subscriber",1993,"Male"
"33557","2018-08-05 15:14:05.41","2018-08-05 15:17:56.571","3272",40.7233315864644,-74.0459525585174,"3203",40.727595966,-74.044247311,"Customer",1969,"Unknown"
"33557","2018-08-06 08:02:26.073","2018-08-06 08:06:48.905","3203",40.727595966,-74.044247311,"3186",40.7195861164717,-74.0431174635887,"Subscriber",1990,"Male"
"33557","2018-08-06 18:40:30.568","2018-08-06 18:44:38.816","3186",40.7195861164717,-74.0431174635887,"3213",40.71848892,-74.047726625,"Subscriber",1979,"Female"
"33557","2018-08-07 07:20:24.714","2018-08-07 07:33:57.086","3213",40.71848892,-74.047726625,"3191",40.7182113,-74.0836394,"Subscriber",1990,"Male"
"33557","2018-08-09 10:08:37.245","2018-08-09 10:16:15.456","3207",40.7376037,-74.0524783,"3195",40.7307426253066,-74.0637838840485,"Subscriber",1985,"Male"
"33557","2018-08-09 14:53:08.67","2018-08-09 15:01:21.666","3195",40.7307426253066,-74.0637838840485,"3210",40.742677141,-74.051788633,"Subscriber",1995,"Female"
"33557","2018-08-09 16:51:36.172","2018-08-09 17:39:44.827","3210",40.742677141,-74.051788633,"3210",40.742677141,-74.051788633,"Subscriber",1964,"Female"
"33557","2018-08-10 12:14:37.102","2018-08-10 12:27:42.456","3210",40.742677141,-74.051788633,"3211",40.72152515,-74.046304543,"Subscriber",1972,"Male"
"33557","2018-08-10 12:55:44.968","2018-08-10 13:13:44.545","3211",40.72152515,-74.046304543,"3209",40.7241765,-74.0506564,"Customer",1969,"Unknown"
"33557","2018-08-10 16:33:28.354","2018-08-10 16:36:36.094","3209",40.7241765,-74.0506564,"3272",40.7233315864644,-74.0459525585174,"Subscriber",1991,"Female"
"33557","2018-08-10 16:43:28.387","2018-08-10 16:47:21.001","3272",40.7233315864644,-74.0459525585174,"3209",40.7241765,-74.0506564,"Subscriber",1991,"Female"
"33557","2018-08-11 09:17:02.696","2018-08-11 09:22:55.541","3209",40.7241765,-74.0506564,"3275",40.7183551982321,-74.0389144420624,"Subscriber",1980,"Female"
"33557","2018-08-11 14:15:52.521","2018-08-11 14:20:43.253","3275",40.7183551982321,-74.0389144420624,"3202",40.7272235,-74.0337589,"Subscriber",1992,"Female"
"33557","2018-08-11 17:14:40.637","2018-08-11 17:36:33.125","3202",40.7272235,-74.0337589,"3677",40.7275514673001,-74.0710607171059,"Subscriber",1989,"Male"
"33557","2018-08-11 18:52:59.685","2018-08-11 19:18:57.8","3677",40.7275514673001,-74.0710607171059,"3185",40.7177325,-74.043845,"Subscriber",1989,"Male"
"33557","2018-08-12 15:24:23.416","2018-08-12 15:28:49.758","3185",40.7177325,-74.043845,"3183",40.7162469,-74.0334588,"Subscriber",1992,"Male"
"33557","2018-08-12 17:47:50.748","2018-08-12 18:03:34.242","3225",40.7236589,-74.0641943,"3199",40.7287448,-74.0321082,"Subscriber",1984,"Male"
"33557","2018-08-12 18:12:57.816","2018-08-12 18:54:54.258","3199",40.7287448,-74.0321082,"3199",40.7287448,-74.0321082,"Subscriber",1976,"Male"
"33557","2018-08-12 19:37:09.988","2018-08-12 20:07:36.62","3199",40.7287448,-74.0321082,"3275",40.7183551982321,-74.0389144420624,"Subscriber",1981,"Male"
"33557","2018-08-12 23:33:48.936","2018-08-12 23:53:02.623","3275",40.7183551982321,-74.0389144420624,"3275",40.7183551982321,-74.0389144420624,"Customer",1990,"Male"
"33557","2018-08-13 07:06:21.953","2018-08-13 07:09:49.956","3275",40.7183551982321,-74.0389144420624,"3183",40.7162469,-74.0334588,"Subscriber",1970,"Male"
"33557","2018-08-13 08:21:36.789","2018-08-13 08:24:11.421","3209",40.7241765,-74.0506564,"3211",40.72152515,-74.046304543,"Subscriber",1983,"Male"
"33557","2018-08-13 09:51:21.082","2018-08-13 09:52:25.059","3211",40.72152515,-74.046304543,"3272",40.7233315864644,-74.0459525585174,"Subscriber",1972,"Male"
"33557","2018-08-13 16:08:07.69","2018-08-13 16:10:50.067","3272",40.7233315864644,-74.0459525585174,"3203",40.727595966,-74.044247311,"Subscriber",1968,"Male"
"33557","2018-08-13 16:15:05.165","2018-08-13 16:17:20.577","3203",40.727595966,-74.044247311,"3272",40.7233315864644,-74.0459525585174,"Subscriber",1988,"Female"
"33557","2018-08-13 16:35:06.221","2018-08-13 16:38:06.688","3272",40.7233315864644,-74.0459525585174,"3203",40.727595966,-74.044247311,"Subscriber",1988,"Female"
"33557","2018-08-13 17:12:25.048","2018-08-13 17:16:54.249","3203",40.727595966,-74.044247311,"3202",40.7272235,-74.0337589,"Subscriber",1985,"Male"
"33557","2018-08-13 17:32:01.444","2018-08-13 17:38:09.056","3202",40.7272235,-74.0337589,"3203",40.727595966,-74.044247311,"Subscriber",1974,"Male"
"33557","2018-08-13 18:22:42.929","2018-08-13 18:27:10.685","3203",40.727595966,-74.044247311,"3186",40.7195861164717,-74.0431174635887,"Subscriber",1952,"Male"
"33557","2018-08-13 18:27:35.503","2018-08-13 18:30:35.678","3186",40.7195861164717,-74.0431174635887,"3279",40.7216301426384,-74.0499678254128,"Subscriber",1992,"Female"
"33557","2018-08-13 19:15:37.42","2018-08-13 19:17:51.2","3279",40.7216301426384,-74.0499678254128,"3272",40.7233315864644,-74.0459525585174,"Subscriber",1982,"Male"
"33557","2018-08-13 19:27:21.27","2018-08-13 19:30:05.133","3272",40.7233315864644,-74.0459525585174,"3279",40.7216301426384,-74.0499678254128,"Subscriber",1982,"Male"
"33557","2018-08-13 20:24:32.828","2018-08-13 20:27:43.094","3279",40.7216301426384,-74.0499678254128,"3213",40.71848892,-74.047726625,"Subscriber",1960,"Male"
"33557","2018-08-14 07:24:21.558","2018-08-14 07:26:40.743","3213",40.71848892,-74.047726625,"3186",40.7195861164717,-74.0431174635887,"Subscriber",1978,"Male"
"33557","2018-08-14 08:43:26.323","2018-08-14 08:46:39.509","3194",40.7253399253558,-74.0676221251488,"3195",40.7307426253066,-74.0637838840485,"Subscriber",1989,"Female"
"33557","2018-08-14 12:19:48.992","2018-08-14 12:49:24.298","3195",40.7307426253066,-74.0637838840485,"3268",40.7134638266919,-74.0628585219383,"Subscriber",1987,"Male"
"33557","2018-08-14 18:50:39.92","2018-08-14 19:05:27.75","3268",40.7134638266919,-74.0628585219383,"3186",40.7195861164717,-74.0431174635887,"Customer",1969,"Unknown"
"33557","2018-08-14 19:06:29.604","2018-08-14 19:19:11.495","3186",40.7195861164717,-74.0431174635887,"3192",40.7112423,-74.0557013,"Subscriber",1990,"Male"
"33557","2018-08-15 07:45:30.141","2018-08-15 07:53:45.897","3192",40.7112423,-74.0557013,"3186",40.7195861164717,-74.0431174635887,"Subscriber",1969,"Male"
"33557","2018-08-15 08:40:22.99","2018-08-15 08:47:17.689","3186",40.7195861164717,-74.0431174635887,"3214",40.7127742,-74.0364857,"Subscriber",1983,"Male"
"33557","2018-08-15 09:25:46.814","2018-08-15 09:30:31.088","3214",40.7127742,-74.0364857,"3639",40.7192517,-74.034234,"Subscriber",1969,"Unknown"
"33557","2018-08-15 09:47:14.179","2018-08-15 09:50:21.386","3639",40.7192517,-74.034234,"3183",40.7162469,-74.0334588,"Subscriber",1993,"Female"
"33557","2018-08-20 21:32:40.414","2018-08-20 21:41:15.454","3195",40.7307426253066,-74.0637838840485,"3280",40.719282200707,-74.071261882782,"Subscriber",1991,"Female"
"33557","2018-08-21 14:10:24.322","2018-08-21 14:16:15.182","3280",40.719282200707,-74.071261882782,"3195",40.7307426253066,-74.0637838840485,"Subscriber",1988,"Male"
"33557","2018-08-21 16:13:27.465","2018-08-21 16:22:18.178","3195",40.7307426253066,-74.0637838840485,"3280",40.719282200707,-74.071261882782,"Customer",1973,"Female"
"33557","2018-08-23 12:20:26.457","2018-08-23 12:26:55.874","3280",40.719282200707,-74.071261882782,"3206",40.7311689,-74.0575736,"Subscriber",1988,"Male"
"33557","2018-08-23 16:20:41.247","2018-08-23 16:49:19.311","3206",40.7311689,-74.0575736,"3210",40.742677141,-74.051788633,"Subscriber",1984,"Male"
"33557","2018-08-24 08:25:46.518","2018-08-24 08:32:15.124","3210",40.742677141,-74.051788633,"3195",40.7307426253066,-74.0637838840485,"Subscriber",1977,"Male"
"33557","2018-08-24 15:22:57.701","2018-08-24 15:27:01.522","3195",40.7307426253066,-74.0637838840485,"3225",40.7236589,-74.0641943,"Subscriber",1989,"Male"
"33557","2018-08-24 15:48:00.262","2018-08-24 15:52:13.669","3225",40.7236589,-74.0641943,"3195",40.7307426253066,-74.0637838840485,"Subscriber",1989,"Male"
"33557","2018-08-24 19:13:03.53","2018-08-24 19:19:38.33","3195",40.7307426253066,-74.0637838840485,"3210",40.742677141,-74.051788633,"Subscriber",1977,"Male"
"33557","2018-08-24 22:10:00.679","2018-08-24 22:14:36.477","3210",40.742677141,-74.051788633,"3207",40.7376037,-74.0524783,"Subscriber",1993,"Male"
"33557","2018-08-25 08:02:21.247","2018-08-25 08:43:08.151","3207",40.7376037,-74.0524783,"3207",40.7376037,-74.0524783,"Subscriber",1981,"Male"
"33557","2018-08-25 11:42:20.688","2018-08-25 11:49:19.125","3207",40.7376037,-74.0524783,"3195",40.7307426253066,-74.0637838840485,"Subscriber",1981,"Male"
"33557","2018-08-25 17:44:42.699","2018-08-25 17:50:37.679","3195",40.7307426253066,-74.0637838840485,"3678",40.7257261374256,-74.0719592571259,"Subscriber",1980,"Male"
"33557","2018-08-27 10:09:16.6","2018-08-27 10:16:04.804","3678",40.7257261374256,-74.0719592571259,"3195",40.7307426253066,-74.0637838840485,"Subscriber",1990,"Male"
"33557","2018-08-27 17:39:01.709","2018-08-27 17:49:05.429","3195",40.7307426253066,-74.0637838840485,"3212",40.734785818,-74.050443636,"Subscriber",1984,"Male"
"33557","2018-08-28 07:17:12.824","2018-08-28 07:24:44.485","3212",40.734785818,-74.050443636,"3273",40.72165072488,-74.0428841114044,"Subscriber",1985,"Male"
"33557","2018-08-28 18:43:50.318","2018-08-28 18:45:22.861","3273",40.72165072488,-74.0428841114044,"3186",40.7195861164717,-74.0431174635887,"Subscriber",1978,"Male"
"33557","2018-08-28 18:51:44.372","2018-08-28 18:56:46.433","3186",40.7195861164717,-74.0431174635887,"3276",40.7145840353589,-74.042817056179,"Subscriber",1987,"Male"
"33557","2018-08-29 07:51:22.67","2018-08-29 08:12:25.824","3276",40.7145840353589,-74.042817056179,"3276",40.7145840353589,-74.042817056179,"Subscriber",1982,"Male"
"33557","2018-08-29 08:23:38.958","2018-08-29 08:26:55.491","3276",40.7145840353589,-74.042817056179,"3186",40.7195861164717,-74.0431174635887,"Subscriber",1991,"Male"
"33557","2018-08-29 08:57:02.789","2018-08-29 09:04:56.311","3186",40.7195861164717,-74.0431174635887,"3203",40.727595966,-74.044247311,"Subscriber",1993,"Female"
"33557","2018-08-29 09:09:12.582","2018-08-29 09:15:30.731","3203",40.727595966,-74.044247311,"3186",40.7195861164717,-74.0431174635887,"Subscriber",1986,"Male"
"33557","2018-08-30 06:38:43.464","2018-08-30 06:56:08.242","3196",40.7443187,-74.0439909,"3185",40.7177325,-74.043845,"Subscriber",1970,"Male"
"33557","2018-08-30 08:04:48.27","2018-08-30 08:12:18.923","3185",40.7177325,-74.043845,"3183",40.7162469,-74.0334588,"Subscriber",1973,"Male"
"33557","2018-08-30 21:25:19.964","2018-08-30 21:31:19.243","3195",40.7307426253066,-74.0637838840485,"3193",40.7246050998869,-74.0784059464931,"Subscriber",1990,"Female"
"33557","2018-08-31 09:49:58.374","2018-08-31 09:57:47.085","3193",40.7246050998869,-74.0784059464931,"3195",40.7307426253066,-74.0637838840485,"Subscriber",1989,"Male"
"33557","2018-08-31 11:58:28.644","2018-08-31 12:01:58.838","3195",40.7307426253066,-74.0637838840485,"3220",40.7349610200095,-74.0595030784607,"Subscriber",1992,"Male"
"33557","2018-08-31 14:55:35.614","2018-08-31 15:38:52.8","3220",40.7349610200095,-74.0595030784607,"3677",40.7275514673001,-74.0710607171059,"Subscriber",1987,"Male"
"33557","2018-08-31 16:01:01.99","2018-08-31 16:14:40.912","3677",40.7275514673001,-74.0710607171059,"3694",40.71113,-74.0789,"Subscriber",1958,"Male"
"33557","2018-09-02 19:18:27.26","2018-09-02 19:39:59.307","3694",40.71113,-74.0789,"3206",40.7311689,-74.0575736,"Customer",1985,"Male"
"33557","2018-09-02 19:42:20.563","2018-09-02 20:12:07.748","3206",40.7311689,-74.0575736,"3198",40.7487159453802,-74.0404433012009,"Customer",1985,"Male"
"33557","2018-09-03 19:45:46.63","2018-09-03 19:46:47.703","3198",40.7487159453802,-74.0404433012009,"3198",40.7487159453802,-74.0404433012009,"Subscriber",1988,"Male"
"33557","2018-09-04 23:14:29.531","2018-09-04 23:17:12.031","3198",40.7487159453802,-74.0404433012009,"3196",40.7443187,-74.0439909,"Subscriber",1978,"Male"
"33557","2018-09-05 08:37:41.508","2018-09-05 08:50:26.766","3196",40.7443187,-74.0439909,"3186",40.7195861164717,-74.0431174635887,"Subscriber",1987,"Male"
"33557","2018-09-05 10:26:01.525","2018-09-05 10:29:15.697","3276",40.7145840353589,-74.042817056179,"3186",40.7195861164717,-74.0431174635887,"Subscriber",1987,"Male"
"33557","2018-09-05 17:21:44.424","2018-09-05 17:23:25.004","3184",40.7141454,-74.0335519,"3183",40.7162469,-74.0334588,"Subscriber",1981,"Male"
"33557","2018-09-05 17:25:30.83","2018-09-05 17:31:18.182","3183",40.7162469,-74.0334588,"3186",40.7195861164717,-74.0431174635887,"Subscriber",1981,"Male"
"33557","2018-09-05 17:33:51.665","2018-09-05 17:37:43.697","3186",40.7195861164717,-74.0431174635887,"3276",40.7145840353589,-74.042817056179,"Subscriber",1988,"Female"
"33557","2018-09-06 08:36:12.202","2018-09-06 08:39:35.589","3276",40.7145840353589,-74.042817056179,"3183",40.7162469,-74.0334588,"Subscriber",1986,"Male"
"33557","2018-09-06 12:08:42.813","2018-09-06 12:29:25.395","3225",40.7236589,-74.0641943,"3225",40.7236589,-74.0641943,"Subscriber",1988,"Male"
"33557","2018-09-06 15:51:29.22","2018-09-06 16:01:37.858","3225",40.7236589,-74.0641943,"3183",40.7162469,-74.0334588,"Subscriber",1988,"Male"
"33557","2018-09-06 17:35:27.51","2018-09-06 17:52:37.087","3183",40.7162469,-74.0334588,"3207",40.7376037,-74.0524783,"Subscriber",1981,"Male"
"33557","2018-09-07 08:11:06.806","2018-09-07 08:15:15.958","3207",40.7376037,-74.0524783,"3640",40.73367,-74.0625,"Subscriber",1980,"Male"
"33557","2018-09-07 19:25:42.564","2018-09-07 19:32:08.804","3640",40.73367,-74.0625,"3207",40.7376037,-74.0524783,"Subscriber",1994,"Male"
"33557","2018-09-08 11:24:59.305","2018-09-08 11:34:56.496","3207",40.7376037,-74.0524783,"3210",40.742677141,-74.051788633,"Subscriber",1984,"Male"
"33557","2018-09-08 14:08:12.089","2018-09-08 14:44:06.706","3210",40.742677141,-74.051788633,"3203",40.727595966,-74.044247311,"Subscriber",1986,"Female"
"33557","2018-09-08 15:04:26.308","2018-09-08 15:14:44.249","3203",40.727595966,-74.044247311,"3199",40.7287448,-74.0321082,"Subscriber",1986,"Female"
"33557","2018-09-08 15:45:54.695","2018-09-08 16:07:13.322","3199",40.7287448,-74.0321082,"3639",40.7192517,-74.034234,"Subscriber",1977,"Male"
"33557","2018-09-08 17:21:18.426","2018-09-08 17:23:06.286","3639",40.7192517,-74.034234,"3183",40.7162469,-74.0334588,"Subscriber",1981,"Male"
"33557","2018-09-08 18:04:20.565","2018-09-08 18:10:45.004","3183",40.7162469,-74.0334588,"3202",40.7272235,-74.0337589,"Subscriber",1986,"Male"
"33557","2018-09-08 21:22:31.853","2018-09-08 21:29:32.321","3202",40.7272235,-74.0337589,"3267",40.7124188237569,-74.0385255217552,"Subscriber",1981,"Unknown"
"33557","2018-09-09 09:42:56.985","2018-09-09 10:00:11.056","3267",40.7124188237569,-74.0385255217552,"3211",40.72152515,-74.046304543,"Subscriber",1977,"Male"
"33557","2018-09-09 10:27:54.85","2018-09-09 10:31:18.901","3211",40.72152515,-74.046304543,"3203",40.727595966,-74.044247311,"Subscriber",1978,"Male"
"33557","2018-09-09 14:00:47.725","2018-09-09 14:08:17.923","3203",40.727595966,-74.044247311,"3203",40.727595966,-74.044247311,"Subscriber",1976,"Male"
"33557","2018-09-10 15:35:00.361","2018-09-10 15:39:35.979","3187",40.7211236,-74.03805095,"3481",40.71649,-74.04105,"Subscriber",1957,"Male"
"33557","2018-09-11 08:59:51.552","2018-09-11 09:05:34.979","3481",40.71649,-74.04105,"3639",40.7192517,-74.034234,"Subscriber",1981,"Male"
"33557","2018-09-11 11:45:33.229","2018-09-11 11:49:51.266","3639",40.7192517,-74.034234,"3681",40.7151776773203,-74.0376833081245,"Subscriber",1989,"Male"
"33557","2018-09-12 06:51:52.399","2018-09-12 06:56:07.602","3681",40.7151776773203,-74.0376833081245,"3186",40.7195861164717,-74.0431174635887,"Subscriber",1986,"Male"
"33557","2018-09-12 08:14:01.255","2018-09-12 08:19:48.871","3269",40.7260117296463,-74.0503889322281,"3186",40.7195861164717,-74.0431174635887,"Subscriber",1983,"Male"
"33557","2018-09-12 12:34:09.819","2018-09-12 12:40:58.421","3276",40.7145840353589,-74.042817056179,"3183",40.7162469,-74.0334588,"Subscriber",1988,"Male"
"33557","2018-09-12 14:26:23.273","2018-09-12 14:38:29.119","3183",40.7162469,-74.0334588,"3203",40.727595966,-74.044247311,"Subscriber",1989,"Male"
"33557","2018-09-13 09:29:54.785","2018-09-13 09:35:59.243","3203",40.727595966,-74.044247311,"3186",40.7195861164717,-74.0431174635887,"Subscriber",1968,"Male"
"33557","2018-09-14 09:24:47.062","2018-09-14 09:29:19.021","3279",40.7216301426384,-74.0499678254128,"3186",40.7195861164717,-74.0431174635887,"Subscriber",1986,"Male"
"33557","2018-09-14 16:27:10.216","2018-09-14 16:36:35.382","3186",40.7195861164717,-74.0431174635887,"3267",40.7124188237569,-74.0385255217552,"Subscriber",1967,"Male"
"33557","2018-09-14 19:12:13.302","2018-09-14 19:17:05.952","3184",40.7141454,-74.0335519,"3639",40.7192517,-74.034234,"Subscriber",1986,"Male"
"33557","2018-09-14 19:35:29.138","2018-09-14 19:44:37.709","3639",40.7192517,-74.034234,"3203",40.727595966,-74.044247311,"Subscriber",1989,"Male"
"33557","2018-09-14 21:14:33.558","2018-09-14 21:18:19.835","3203",40.727595966,-74.044247311,"3269",40.7260117296463,-74.0503889322281,"Subscriber",1978,"Male"
"33557","2018-09-15 11:51:31.136","2018-09-15 11:55:19.949","3269",40.7260117296463,-74.0503889322281,"3186",40.7195861164717,-74.0431174635887,"Subscriber",1992,"Male"
"33557","2018-09-15 14:45:51.904","2018-09-15 14:49:22.215","3186",40.7195861164717,-74.0431174635887,"3279",40.7216301426384,-74.0499678254128,"Subscriber",1975,"Male"
"33557","2018-09-15 15:31:26.56","2018-09-15 15:36:30.604","3279",40.7216301426384,-74.0499678254128,"3185",40.7177325,-74.043845,"Subscriber",1975,"Male"
"33557","2018-09-15 17:04:48.187","2018-09-15 18:05:55.69","3185",40.7177325,-74.043845,"3192",40.7112423,-74.0557013,"Customer",1969,"Unknown"
"33557","2018-09-15 18:36:48.567","2018-09-15 19:20:11.865","3192",40.7112423,-74.0557013,"3192",40.7112423,-74.0557013,"Customer",1969,"Unknown"
"33557","2018-09-16 09:58:03.709","2018-09-16 10:14:43.639","3192",40.7112423,-74.0557013,"3192",40.7112423,-74.0557013,"Subscriber",1983,"Male"
"33557","2018-09-16 12:39:34.581","2018-09-16 12:49:27.083","3192",40.7112423,-74.0557013,"3186",40.7195861164717,-74.0431174635887,"Subscriber",1968,"Female"
"33557","2018-09-16 16:24:02.618","2018-09-16 16:28:27.059","3186",40.7195861164717,-74.0431174635887,"3213",40.71848892,-74.047726625,"Subscriber",1993,"Female"
"33557","2018-09-16 18:08:40.348","2018-09-16 18:42:49.535","3213",40.71848892,-74.047726625,"3213",40.71848892,-74.047726625,"Subscriber",1966,"Male"
"33557","2018-09-17 07:56:07.536","2018-09-17 08:02:46.647","3213",40.71848892,-74.047726625,"3186",40.7195861164717,-74.0431174635887,"Subscriber",1983,"Male"
"33557","2018-09-17 08:47:02.746","2018-09-17 08:51:53.734","3278",40.725685483629,-74.0487903356552,"3186",40.7195861164717,-74.0431174635887,"Subscriber",1982,"Female"
"33557","2018-09-17 08:56:08.903","2018-09-17 08:57:34.848","3186",40.7195861164717,-74.0431174635887,"3186",40.7195861164717,-74.0431174635887,"Subscriber",1977,"Female"
"33557","2018-09-17 10:46:47.293","2018-09-17 10:51:23.227","3186",40.7195861164717,-74.0431174635887,"3270",40.7252891078113,-74.0455716848373,"Subscriber",1992,"Female"
"33557","2018-09-18 07:03:40.597","2018-09-18 07:07:30.881","3270",40.7252891078113,-74.0455716848373,"3186",40.7195861164717,-74.0431174635887,"Subscriber",1969,"Female"
"33557","2018-09-18 08:39:21.486","2018-09-18 08:43:34.107","3194",40.7253399253558,-74.0676221251488,"3195",40.7307426253066,-74.0637838840485,"Subscriber",1990,"Male"
"33557","2018-09-18 17:59:48.4","2018-09-18 18:04:36.271","3195",40.7307426253066,-74.0637838840485,"3225",40.7236589,-74.0641943,"Subscriber",1976,"Unknown"
"33557","2018-09-18 19:54:27.887","2018-09-18 19:58:14.606","3225",40.7236589,-74.0641943,"3195",40.7307426253066,-74.0637838840485,"Subscriber",1976,"Unknown"
"33557","2018-09-18 20:07:22.695","2018-09-18 20:20:42.933","3195",40.7307426253066,-74.0637838840485,"3281",40.7459099663156,-74.0572714805603,"Subscriber",1988,"Male"
"33557","2018-09-19 09:12:59.589","2018-09-19 09:18:11.498","3281",40.7459099663156,-74.0572714805603,"3640",40.73367,-74.0625,"Subscriber",1983,"Male"
"33557","2018-09-19 17:43:03.852","2018-09-19 17:47:57.445","3640",40.73367,-74.0625,"3220",40.7349610200095,-74.0595030784607,"Subscriber",1988,"Female"
"33557","2018-09-19 20:16:52.011","2018-09-19 20:22:37.035","3220",40.7349610200095,-74.0595030784607,"3207",40.7376037,-74.0524783,"Subscriber",1979,"Male"
"33557","2018-09-20 08:42:27.388","2018-09-20 08:46:59.61","3207",40.7376037,-74.0524783,"3640",40.73367,-74.0625,"Subscriber",1984,"Male"
"33557","2018-09-20 16:07:05.551","2018-09-20 16:16:05.197","3640",40.73367,-74.0625,"3278",40.725685483629,-74.0487903356552,"Subscriber",1965,"Male"
"33557","2018-09-21 07:26:09.73","2018-09-21 07:31:53.381","3278",40.725685483629,-74.0487903356552,"3211",40.72152515,-74.046304543,"Customer",1969,"Unknown"
"33557","2018-09-21 08:20:26.82","2018-09-21 08:29:08.682","3211",40.72152515,-74.046304543,"3202",40.7272235,-74.0337589,"Subscriber",1990,"Male"
"33557","2018-09-21 15:43:17.285","2018-09-21 15:53:03.926","3270",40.7252891078113,-74.0455716848373,"3681",40.7151776773203,-74.0376833081245,"Subscriber",1977,"Female"
"33557","2018-09-21 16:36:31.257","2018-09-21 16:44:10.138","3681",40.7151776773203,-74.0376833081245,"3205",40.7165397809919,-74.0496379137039,"Subscriber",1977,"Female"
"33557","2018-09-21 19:51:58.701","2018-09-21 19:57:13.49","3205",40.7165397809919,-74.0496379137039,"3279",40.7216301426384,-74.0499678254128,"Subscriber",1980,"Female"
"33557","2018-09-21 20:41:28.163","2018-09-21 20:44:34.622","3279",40.7216301426384,-74.0499678254128,"3211",40.72152515,-74.046304543,"Subscriber",1962,"Female"
"33557","2018-09-21 21:02:44.57","2018-09-21 21:05:27.621","3211",40.72152515,-74.046304543,"3279",40.7216301426384,-74.0499678254128,"Subscriber",1962,"Female"
"33557","2018-09-22 12:18:49.679","2018-09-22 12:32:35.391","3279",40.7216301426384,-74.0499678254128,"3184",40.7141454,-74.0335519,"Subscriber",1985,"Male"
"33557","2018-09-22 13:08:28.975","2018-09-22 13:23:01.191","3184",40.7141454,-74.0335519,"3638",40.7242941,-74.0354826,"Customer",1991,"Male"
"33557","2018-09-22 18:25:07.984","2018-09-22 18:36:35.47","3638",40.7242941,-74.0354826,"3276",40.7145840353589,-74.042817056179,"Subscriber",1984,"Male"
"33557","2018-09-23 08:30:12.771","2018-09-23 08:37:06.284","3276",40.7145840353589,-74.042817056179,"3192",40.7112423,-74.0557013,"Subscriber",1993,"Male"
"33557","2018-09-23 08:46:38.314","2018-09-23 08:54:57.995","3192",40.7112423,-74.0557013,"3481",40.71649,-74.04105,"Subscriber",1992,"Male"
"33557","2018-09-23 12:59:29.141","2018-09-23 13:03:16.6","3481",40.71649,-74.04105,"3186",40.7195861164717,-74.0431174635887,"Subscriber",1951,"Male"
"33557","2018-09-23 13:43:57.991","2018-09-23 13:47:05.7","3186",40.7195861164717,-74.0431174635887,"3279",40.7216301426384,-74.0499678254128,"Subscriber",1974,"Male"
"33557","2018-09-24 05:42:55.579","2018-09-24 05:45:07.17","3279",40.7216301426384,-74.0499678254128,"3186",40.7195861164717,-74.0431174635887,"Subscriber",1985,"Male"
"33557","2018-09-24 08:17:08.398","2018-09-24 08:27:24.513","3278",40.725685483629,-74.0487903356552,"3202",40.7272235,-74.0337589,"Subscriber",1983,"Male"
"33557","2018-09-24 15:44:42.527","2018-09-24 15:49:45.408","3202",40.7272235,-74.0337589,"3270",40.7252891078113,-74.0455716848373,"Subscriber",1968,"Male"
"33557","2018-09-24 19:18:48.393","2018-09-24 19:21:41.171","3270",40.7252891078113,-74.0455716848373,"3273",40.72165072488,-74.0428841114044,"Subscriber",1981,"Male"
"33557","2018-09-24 19:35:29.062","2018-09-24 19:39:39.651","3273",40.72165072488,-74.0428841114044,"3203",40.727595966,-74.044247311,"Subscriber",1989,"Male"
"33557","2018-09-25 08:38:01.162","2018-09-25 08:42:13.023","3203",40.727595966,-74.044247311,"3186",40.7195861164717,-74.0431174635887,"Subscriber",1979,"Male"
"33557","2018-09-25 21:39:59.512","2018-09-25 21:47:55.22","3206",40.7311689,-74.0575736,"3194",40.7253399253558,-74.0676221251488,"Subscriber",1982,"Male"
"33557","2018-09-26 08:08:58.377","2018-09-26 08:19:15.788","3194",40.7253399253558,-74.0676221251488,"3481",40.71649,-74.04105,"Subscriber",1979,"Male"
"33557","2018-09-26 09:15:20.894","2018-09-26 09:18:14.704","3481",40.71649,-74.04105,"3183",40.7162469,-74.0334588,"Subscriber",1984,"Female"
"33557","2018-09-26 17:13:53.724","2018-09-26 17:18:25.641","3183",40.7162469,-74.0334588,"3267",40.7124188237569,-74.0385255217552,"Subscriber",1989,"Male"
"33557","2018-09-26 18:11:13.651","2018-09-26 18:42:01.149","3267",40.7124188237569,-74.0385255217552,"3638",40.7242941,-74.0354826,"Subscriber",1987,"Male"
"33557","2018-09-26 19:44:28.723","2018-09-26 19:49:11.681","3638",40.7242941,-74.0354826,"3639",40.7192517,-74.034234,"Subscriber",1991,"Male"
"33557","2018-09-26 20:23:30.615","2018-09-26 20:27:56.215","3639",40.7192517,-74.034234,"3202",40.7272235,-74.0337589,"Subscriber",1964,"Male"
"33557","2018-09-26 20:42:10.286","2018-09-26 20:46:06.549","3202",40.7272235,-74.0337589,"3187",40.7211236,-74.03805095,"Subscriber",1983,"Male"
"33557","2018-09-27 08:11:49.561","2018-09-27 08:16:18.605","3187",40.7211236,-74.03805095,"3183",40.7162469,-74.0334588,"Subscriber",1978,"Male"
"33557","2018-09-28 17:40:53.755","2018-09-28 17:48:17.638","3640",40.73367,-74.0625,"3207",40.7376037,-74.0524783,"Subscriber",1994,"Male"
"33557","2018-09-29 12:42:52.184","2018-09-29 12:49:15.487","3207",40.7376037,-74.0524783,"3195",40.7307426253066,-74.0637838840485,"Subscriber",1985,"Male"
"33557","2018-09-29 14:49:27.023","2018-09-29 17:41:12.398","3195",40.7307426253066,-74.0637838840485,"3213",40.71848892,-74.047726625,"Subscriber",1985,"Female"
"33557","2018-10-01 07:57:11.156","2018-10-01 07:59:57.221","3213",40.71848892,-74.047726625,"3273",40.72165072488,-74.0428841114044,"Subscriber",1969,"Male"
"33557","2018-10-01 16:09:55.21","2018-10-01 16:14:59.275","3273",40.72165072488,-74.0428841114044,"3183",40.7162469,-74.0334588,"Subscriber",1986,"Male"
"33557","2018-10-01 16:54:45.331","2018-10-01 16:59:05.162","3183",40.7162469,-74.0334588,"3267",40.7124188237569,-74.0385255217552,"Subscriber",1968,"Male"
"33557","2018-10-02 07:35:07.772","2018-10-02 07:38:40.208","3267",40.7124188237569,-74.0385255217552,"3183",40.7162469,-74.0334588,"Subscriber",1968,"Male"
"33557","2018-10-02 08:50:20.782","2018-10-02 08:54:27.669","3267",40.7124188237569,-74.0385255217552,"3183",40.7162469,-74.0334588,"Subscriber",1983,"Male"
"33557","2018-10-03 07:39:28.394","2018-10-03 07:48:41.547","3212",40.734785818,-74.050443636,"3198",40.7487159453802,-74.0404433012009,"Subscriber",1989,"Female"
"33557","2018-10-03 18:19:12.268","2018-10-03 18:21:22.926","3198",40.7487159453802,-74.0404433012009,"3196",40.7443187,-74.0439909,"Subscriber",1992,"Male"
"33557","2018-10-03 18:35:24.828","2018-10-03 18:49:06.418","3196",40.7443187,-74.0439909,"3211",40.72152515,-74.046304543,"Subscriber",1982,"Female"
"33557","2018-10-03 18:55:48.72","2018-10-03 19:23:37.26","3211",40.72152515,-74.046304543,"3193",40.7246050998869,-74.0784059464931,"Subscriber",1968,"Male"
"33557","2018-10-03 21:48:39.657","2018-10-03 22:35:19.045","3193",40.7246050998869,-74.0784059464931,"3273",40.72165072488,-74.0428841114044,"Subscriber",1968,"Male"
"33557","2018-10-03 23:07:42.414","2018-10-03 23:10:53.845","3273",40.72165072488,-74.0428841114044,"3203",40.727595966,-74.044247311,"Subscriber",1991,"Female"
"33557","2018-10-04 08:09:35.154","2018-10-04 08:18:02.736","3203",40.727595966,-74.044247311,"3639",40.7192517,-74.034234,"Subscriber",1970,"Male"
"33557","2018-10-04 08:18:43.772","2018-10-04 08:23:33.853","3639",40.7192517,-74.034234,"3202",40.7272235,-74.0337589,"Subscriber",1990,"Male"
"33557","2018-10-05 09:31:24.017","2018-10-05 09:36:11.675","3203",40.727595966,-74.044247311,"3186",40.7195861164717,-74.0431174635887,"Subscriber",1971,"Female"
"33557","2018-10-05 12:05:47.709","2018-10-05 12:13:39.739","3209",40.7241765,-74.0506564,"3202",40.7272235,-74.0337589,"Subscriber",1986,"Male"
"33557","2018-10-05 13:21:25.736","2018-10-05 13:28:19.266","3202",40.7272235,-74.0337589,"3267",40.7124188237569,-74.0385255217552,"Subscriber",1982,"Male"
"33557","2018-10-05 16:53:06.445","2018-10-05 16:58:26.206","3267",40.7124188237569,-74.0385255217552,"3639",40.7192517,-74.034234,"Subscriber",1982,"Male"
"33557","2018-10-05 17:05:14.196","2018-10-05 17:23:07.224","3639",40.7192517,-74.034234,"3194",40.7253399253558,-74.0676221251488,"Subscriber",1977,"Male"
"33557","2018-10-05 17:46:22.13","2018-10-05 18:00:21.997","3194",40.7253399253558,-74.0676221251488,"3212",40.734785818,-74.050443636,"Subscriber",1985,"Female"
"33557","2018-10-06 01:42:22.745","2018-10-06 01:51:24.765","3212",40.734785818,-74.050443636,"3186",40.7195861164717,-74.0431174635887,"Subscriber",1983,"Male"
"33557","2018-10-06 02:39:59.545","2018-10-06 02:49:26.639","3186",40.7195861164717,-74.0431174635887,"3199",40.7287448,-74.0321082,"Subscriber",1980,"Male"
"33557","2018-10-06 06:56:05.691","2018-10-06 07:01:14.49","3199",40.7287448,-74.0321082,"3275",40.7183551982321,-74.0389144420624,"Subscriber",1980,"Male"
"33557","2018-10-06 11:00:12.512","2018-10-06 11:07:31.901","3275",40.7183551982321,-74.0389144420624,"3681",40.7151776773203,-74.0376833081245,"Subscriber",1985,"Male"
"33557","2018-10-06 15:07:28.806","2018-10-06 17:19:25.587","3681",40.7151776773203,-74.0376833081245,"3276",40.7145840353589,-74.042817056179,"Customer",1969,"Unknown"
"33557","2018-10-08 11:44:52.295","2018-10-08 11:47:47.968","3276",40.7145840353589,-74.042817056179,"3186",40.7195861164717,-74.0431174635887,"Subscriber",1970,"Male"
"33557","2018-10-08 17:45:32.163","2018-10-08 17:49:44.972","3186",40.7195861164717,-74.0431174635887,"3278",40.725685483629,-74.0487903356552,"Subscriber",1956,"Male"
"33557","2018-10-08 18:04:28.572","2018-10-08 18:10:03.127","3278",40.725685483629,-74.0487903356552,"3205",40.7165397809919,-74.0496379137039,"Subscriber",1971,"Male"
"33557","2018-10-08 19:03:05.888","2018-10-08 19:04:35.611","3205",40.7165397809919,-74.0496379137039,"3213",40.71848892,-74.047726625,"Subscriber",1981,"Male"
"33557","2018-10-09 06:07:08.282","2018-10-09 06:09:42.821","3213",40.71848892,-74.047726625,"3186",40.7195861164717,-74.0431174635887,"Subscriber",1974,"Female"
"33557","2018-10-09 08:45:26.211","2018-10-09 09:04:00.222","3207",40.7376037,-74.0524783,"3199",40.7287448,-74.0321082,"Subscriber",1984,"Male"
"33557","2018-10-09 13:15:54.327","2018-10-09 13:21:40.229","3199",40.7287448,-74.0321082,"3275",40.7183551982321,-74.0389144420624,"Subscriber",1989,"Male"
"33557","2018-10-09 16:58:00.901","2018-10-09 17:01:05.751","3275",40.7183551982321,-74.0389144420624,"3185",40.7177325,-74.043845,"Subscriber",1986,"Male"
"33557","2018-10-09 17:34:06.056","2018-10-09 17:42:37.704","3185",40.7177325,-74.043845,"3192",40.7112423,-74.0557013,"Subscriber",1991,"Female"
"33557","2018-10-10 08:29:21.559","2018-10-10 08:39:37.912","3192",40.7112423,-74.0557013,"3183",40.7162469,-74.0334588,"Subscriber",1985,"Male"
"33557","2018-10-11 08:23:35.289","2018-10-11 08:30:09.393","3281",40.7459099663156,-74.0572714805603,"3640",40.73367,-74.0625,"Subscriber",1983,"Male"
"33557","2018-10-11 09:25:04.38","2018-10-11 09:30:10.091","3640",40.73367,-74.0625,"3201",40.737711,-74.066921,"Subscriber",1980,"Male"
"33557","2018-10-11 09:53:19.3","2018-10-11 09:54:53.854","3201",40.737711,-74.066921,"3201",40.737711,-74.066921,"Subscriber",1984,"Male"
"33557","2018-10-12 17:03:19.246","2018-10-12 17:06:20.367","3201",40.737711,-74.066921,"3640",40.73367,-74.0625,"Subscriber",1973,"Male"
"33557","2018-10-12 17:59:46.317","2018-10-12 18:07:04.274","3640",40.73367,-74.0625,"3210",40.742677141,-74.051788633,"Subscriber",1985,"Male"
"33557","2018-10-12 18:57:23.443","2018-10-12 19:15:15.751","3210",40.742677141,-74.051788633,"3205",40.7165397809919,-74.0496379137039,"Subscriber",1988,"Female"
"33557","2018-10-15 08:57:00.48","2018-10-15 09:02:27.775","3203",40.727595966,-74.044247311,"3186",40.7195861164717,-74.0431174635887,"Subscriber",1978,"Female"
"33557","2018-10-15 12:35:05.833","2018-10-15 12:42:00.408","3203",40.727595966,-74.044247311,"3185",40.7177325,-74.043845,"Subscriber",1981,"Female"
"33557","2018-10-15 12:57:28.836","2018-10-15 13:05:19.368","3185",40.7177325,-74.043845,"3203",40.727595966,-74.044247311,"Subscriber",1981,"Female"
"33557","2018-10-15 18:15:23.785","2018-10-15 18:23:29.366","3203",40.727595966,-74.044247311,"3638",40.7242941,-74.0354826,"Subscriber",1987,"Male"
"33557","2018-10-15 18:28:41.966","2018-10-15 18:37:22.66","3638",40.7242941,-74.0354826,"3279",40.7216301426384,-74.0499678254128,"Subscriber",1986,"Male"
"33557","2018-10-16 06:46:26.149","2018-10-16 06:50:16.357","3279",40.7216301426384,-74.0499678254128,"3186",40.7195861164717,-74.0431174635887,"Subscriber",1977,"Female"
"33557","2018-10-16 07:57:43.492","2018-10-16 08:06:00.831","3205",40.7165397809919,-74.0496379137039,"3639",40.7192517,-74.034234,"Subscriber",1984,"Male"
"33557","2018-10-16 08:17:32.135","2018-10-16 08:19:16.584","3639",40.7192517,-74.034234,"3183",40.7162469,-74.0334588,"Subscriber",1990,"Male"
"33557","2018-10-16 18:14:41.475","2018-10-16 18:19:52.278","3183",40.7162469,-74.0334588,"3214",40.7127742,-74.0364857,"Subscriber",1993,"Male"
"33557","2018-10-17 18:40:17.299","2018-10-17 19:06:49.867","3214",40.7127742,-74.0364857,"3225",40.7236589,-74.0641943,"Subscriber",1980,"Male"
"33557","2018-10-17 19:20:46.138","2018-10-17 19:32:41.523","3225",40.7236589,-74.0641943,"3276",40.7145840353589,-74.042817056179,"Customer",1983,"Female"
"33557","2018-10-17 21:07:17.131","2018-10-17 21:10:42.213","3186",40.7195861164717,-74.0431174635887,"3279",40.7216301426384,-74.0499678254128,"Subscriber",1975,"Male"
"33557","2018-10-18 08:05:51.112","2018-10-18 08:08:37.692","3279",40.7216301426384,-74.0499678254128,"3186",40.7195861164717,-74.0431174635887,"Subscriber",1993,"Male"
"33557","2018-10-18 08:12:16.714","2018-10-18 08:13:25.247","3186",40.7195861164717,-74.0431174635887,"3185",40.7177325,-74.043845,"Subscriber",1965,"Male"
"33557","2018-10-18 13:39:37.28","2018-10-18 13:41:32.607","3185",40.7177325,-74.043845,"3481",40.71649,-74.04105,"Subscriber",1972,"Male"
"33557","2018-10-18 15:25:33.21","2018-10-18 15:28:34.885","3481",40.71649,-74.04105,"3185",40.7177325,-74.043845,"Subscriber",1966,"Male"
"33557","2018-10-18 21:59:33.779","2018-10-18 22:01:28.477","3183",40.7162469,-74.0334588,"3639",40.7192517,-74.034234,"Subscriber",1991,"Male"
"33557","2018-10-19 14:40:41.818","2018-10-19 14:45:34.839","3639",40.7192517,-74.034234,"3267",40.7124188237569,-74.0385255217552,"Subscriber",1982,"Male"
"33557","2018-10-19 17:25:31.276","2018-10-19 17:29:03.236","3267",40.7124188237569,-74.0385255217552,"3183",40.7162469,-74.0334588,"Subscriber",1982,"Male"
"33557","2018-10-19 18:01:54.872","2018-10-19 18:05:39.807","3183",40.7162469,-74.0334588,"3267",40.7124188237569,-74.0385255217552,"Subscriber",1994,"Female"
"33557","2018-10-19 19:08:35.664","2018-10-19 19:16:23.68","3267",40.7124188237569,-74.0385255217552,"3186",40.7195861164717,-74.0431174635887,"Subscriber",1993,"Male"
"33557","2018-10-19 19:57:14.59","2018-10-19 20:03:23.2","3186",40.7195861164717,-74.0431174635887,"3203",40.727595966,-74.044247311,"Subscriber",1976,"Female"
"33557","2018-10-19 20:38:03.203","2018-10-19 20:42:28.395","3203",40.727595966,-74.044247311,"3211",40.72152515,-74.046304543,"Subscriber",1981,"Male"
"33557","2018-10-19 22:59:06.117","2018-10-19 23:18:33.044","3211",40.72152515,-74.046304543,"3183",40.7162469,-74.0334588,"Customer",1969,"Unknown"
"33557","2018-10-20 00:38:23.702","2018-10-20 00:43:17.243","3183",40.7162469,-74.0334588,"3214",40.7127742,-74.0364857,"Subscriber",1956,"Male"
"33557","2018-10-20 17:36:49.896","2018-10-20 17:42:31.855","3214",40.7127742,-74.0364857,"3275",40.7183551982321,-74.0389144420624,"Subscriber",1978,"Male"
"33557","2018-10-21 14:59:05.417","2018-10-21 15:02:56.643","3275",40.7183551982321,-74.0389144420624,"3186",40.7195861164717,-74.0431174635887,"Subscriber",1985,"Male"
"33557","2018-10-21 16:13:04.253","2018-10-21 16:30:52.938","3186",40.7195861164717,-74.0431174635887,"3199",40.7287448,-74.0321082,"Subscriber",1979,"Male"
"33557","2018-10-21 17:26:49.642","2018-10-21 17:38:54.671","3199",40.7287448,-74.0321082,"3639",40.7192517,-74.034234,"Subscriber",1988,"Male"
"33557","2018-10-22 14:40:31.134","2018-10-22 15:24:57.849","3639",40.7192517,-74.034234,"3199",40.7287448,-74.0321082,"Subscriber",1970,"Female"
"33557","2018-10-22 15:26:07.474","2018-10-22 15:27:41.18","3199",40.7287448,-74.0321082,"3202",40.7272235,-74.0337589,"Subscriber",1995,"Female"
"33557","2018-10-22 16:02:15.207","2018-10-22 16:04:24.805","3202",40.7272235,-74.0337589,"3638",40.7242941,-74.0354826,"Subscriber",1991,"Male"
"33557","2018-10-23 12:28:56.729","2018-10-23 12:40:15.873","3207",40.7376037,-74.0524783,"3199",40.7287448,-74.0321082,"Subscriber",1991,"Male"
"33557","2018-10-23 13:41:59.36","2018-10-23 13:43:44.189","3199",40.7287448,-74.0321082,"3202",40.7272235,-74.0337589,"Subscriber",1980,"Male"
"33557","2018-10-23 14:36:34.055","2018-10-23 14:42:26.802","3202",40.7272235,-74.0337589,"3203",40.727595966,-74.044247311,"Subscriber",1969,"Male"
"33557","2018-10-23 17:56:35.114","2018-10-23 18:03:10.681","3183",40.7162469,-74.0334588,"3267",40.7124188237569,-74.0385255217552,"Subscriber",1989,"Female"
"33557","2018-10-23 19:28:33.301","2018-10-23 19:32:48.437","3186",40.7195861164717,-74.0431174635887,"3279",40.7216301426384,-74.0499678254128,"Subscriber",1993,"Male"
"33557","2018-10-24 06:17:17.031","2018-10-24 06:19:32.625","3279",40.7216301426384,-74.0499678254128,"3186",40.7195861164717,-74.0431174635887,"Subscriber",1982,"Male"
"33557","2018-10-24 09:16:31.881","2018-10-24 09:21:56.639","3267",40.7124188237569,-74.0385255217552,"3183",40.7162469,-74.0334588,"Subscriber",1980,"Female"
"33557","2018-10-24 09:50:04.159","2018-10-24 09:55:19.536","3183",40.7162469,-74.0334588,"3186",40.7195861164717,-74.0431174635887,"Subscriber",1966,"Male"
"33557","2018-10-24 10:12:59.829","2018-10-24 10:17:23.392","3186",40.7195861164717,-74.0431174635887,"3203",40.727595966,-74.044247311,"Subscriber",1973,"Male"
"33557","2018-10-24 18:34:22.36","2018-10-24 18:37:58.314","3203",40.727595966,-74.044247311,"3186",40.7195861164717,-74.0431174635887,"Subscriber",1985,"Male"
"33557","2018-10-24 18:41:22.105","2018-10-24 18:44:30.764","3186",40.7195861164717,-74.0431174635887,"3276",40.7145840353589,-74.042817056179,"Subscriber",1986,"Male"
"33557","2018-10-24 19:26:21.202","2018-10-24 19:29:09.363","3276",40.7145840353589,-74.042817056179,"3186",40.7195861164717,-74.0431174635887,"Subscriber",1986,"Male"
"33557","2018-10-24 20:35:54.702","2018-10-24 20:38:23.233","3186",40.7195861164717,-74.0431174635887,"3213",40.71848892,-74.047726625,"Subscriber",1977,"Male"
"33557","2018-10-25 07:19:20.298","2018-10-25 07:28:40.553","3213",40.71848892,-74.047726625,"3638",40.7242941,-74.0354826,"Subscriber",1974,"Female"
"33557","2018-10-25 08:33:07.427","2018-10-25 08:46:25.158","3638",40.7242941,-74.0354826,"3213",40.71848892,-74.047726625,"Subscriber",1974,"Female"
"33557","2018-10-25 09:16:46.106","2018-10-25 09:19:43.315","3213",40.71848892,-74.047726625,"3186",40.7195861164717,-74.0431174635887,"Subscriber",1983,"Male"
"33557","2018-10-25 11:53:58.206","2018-10-25 12:02:38.34","3194",40.7253399253558,-74.0676221251488,"3213",40.71848892,-74.047726625,"Subscriber",1970,"Male"
"33557","2018-10-25 20:02:36.043","2018-10-25 20:05:50.609","3195",40.7307426253066,-74.0637838840485,"3194",40.7253399253558,-74.0676221251488,"Subscriber",1986,"Male"
"33557","2018-10-26 08:11:25.327","2018-10-26 08:21:51.989","3194",40.7253399253558,-74.0676221251488,"3481",40.71649,-74.04105,"Subscriber",1979,"Male"
"33557","2018-10-26 16:46:39.361","2018-10-26 16:50:34.335","3481",40.71649,-74.04105,"3213",40.71848892,-74.047726625,"Subscriber",1988,"Male"
"33557","2018-10-27 15:20:54.049","2018-10-27 15:29:23.339","3213",40.71848892,-74.047726625,"3639",40.7192517,-74.034234,"Subscriber",1983,"Male"
"33557","2018-10-28 11:43:02.976","2018-10-28 11:45:03.879","3639",40.7192517,-74.034234,"3183",40.7162469,-74.0334588,"Subscriber",1985,"Male"
"33557","2018-10-28 15:07:18.334","2018-10-28 15:15:21.676","3678",40.7257261374256,-74.0719592571259,"3195",40.7307426253066,-74.0637838840485,"Subscriber",1985,"Female"
"33557","2018-10-28 19:35:42.337","2018-10-28 19:44:02.655","3195",40.7307426253066,-74.0637838840485,"3193",40.7246050998869,-74.0784059464931,"Subscriber",1991,"Female"
"33557","2018-10-29 05:17:37.507","2018-10-29 05:27:28.454","3193",40.7246050998869,-74.0784059464931,"3195",40.7307426253066,-74.0637838840485,"Subscriber",1991,"Female"
"33557","2018-10-29 17:49:24.702","2018-10-29 17:53:42.369","3195",40.7307426253066,-74.0637838840485,"3194",40.7253399253558,-74.0676221251488,"Subscriber",1974,"Male"
"33557","2018-10-30 00:42:02.212","2018-10-30 00:45:39.593","3194",40.7253399253558,-74.0676221251488,"3679",40.722103786686,-74.0714550018311,"Subscriber",1986,"Male"
"33557","2018-10-30 08:43:59.489","2018-10-30 08:49:52.758","3679",40.722103786686,-74.0714550018311,"3195",40.7307426253066,-74.0637838840485,"Subscriber",1969,"Unknown"
"33557","2018-10-30 12:56:44.813","2018-10-30 13:01:11.006","3195",40.7307426253066,-74.0637838840485,"3194",40.7253399253558,-74.0676221251488,"Subscriber",1972,"Male"
"33557","2018-10-30 14:09:53.879","2018-10-30 14:19:54.762","3194",40.7253399253558,-74.0676221251488,"3640",40.73367,-74.0625,"Subscriber",1981,"Male"
"33557","2018-10-30 17:40:00.274","2018-10-30 17:47:11.186","3640",40.73367,-74.0625,"3281",40.7459099663156,-74.0572714805603,"Subscriber",1992,"Male"
"33557","2018-10-31 08:17:19.056","2018-10-31 08:24:18.353","3281",40.7459099663156,-74.0572714805603,"3640",40.73367,-74.0625,"Subscriber",1992,"Male"
"33557","2018-10-31 17:33:42.237","2018-10-31 17:41:22.473","3640",40.73367,-74.0625,"3269",40.7260117296463,-74.0503889322281,"Subscriber",1983,"Male"
"33557","2018-10-31 18:43:00.686","2018-10-31 18:50:37.264","3202",40.7272235,-74.0337589,"3203",40.727595966,-74.044247311,"Subscriber",1988,"Male"
"33557","2018-11-01 07:53:34.47","2018-11-01 07:57:30.069","3203",40.727595966,-74.044247311,"3273",40.72165072488,-74.0428841114044,"Subscriber",1956,"Male"
"33557","2018-11-01 08:40:30.746","2018-11-01 08:44:07.429","3273",40.72165072488,-74.0428841114044,"3638",40.7242941,-74.0354826,"Subscriber",1974,"Male"
"33557","2018-11-01 13:06:40.79","2018-11-01 13:14:59.526","3638",40.7242941,-74.0354826,"3184",40.7141454,-74.0335519,"Subscriber",1976,"Male"
"33557","2018-11-01 17:25:33.882","2018-11-01 17:41:36.743","3184",40.7141454,-74.0335519,"3203",40.727595966,-74.044247311,"Subscriber",1982,"Female"
"33557","2018-11-01 18:31:27.11","2018-11-01 18:37:54.591","3203",40.727595966,-74.044247311,"3186",40.7195861164717,-74.0431174635887,"Subscriber",1991,"Male"
"33557","2018-11-01 18:38:37.794","2018-11-01 18:42:54.33","3186",40.7195861164717,-74.0431174635887,"3276",40.7145840353589,-74.042817056179,"Subscriber",1989,"Male"
"33557","2018-11-01 19:08:48.244","2018-11-01 19:12:53.417","3276",40.7145840353589,-74.042817056179,"3184",40.7141454,-74.0335519,"Subscriber",1967,"Male"
"33557","2018-11-01 19:24:49.222","2018-11-01 19:27:14.572","3184",40.7141454,-74.0335519,"3267",40.7124188237569,-74.0385255217552,"Subscriber",1980,"Male"
"33557","2018-11-02 06:58:29.035","2018-11-02 07:03:34.352","3267",40.7124188237569,-74.0385255217552,"3183",40.7162469,-74.0334588,"Subscriber",1973,"Male"
"33557","2018-11-02 14:32:01.473","2018-11-02 14:43:00.782","3275",40.7183551982321,-74.0389144420624,"3203",40.727595966,-74.044247311,"Subscriber",1978,"Male"
"33557","2018-11-02 16:08:01.046","2018-11-02 16:12:56.196","3203",40.727595966,-74.044247311,"3186",40.7195861164717,-74.0431174635887,"Subscriber",1969,"Unknown"
"33557","2018-11-02 16:19:53.739","2018-11-02 16:24:09.988","3186",40.7195861164717,-74.0431174635887,"3205",40.7165397809919,-74.0496379137039,"Subscriber",1988,"Female"
"33557","2018-11-03 16:15:57.467","2018-11-03 16:51:29.976","3205",40.7165397809919,-74.0496379137039,"3213",40.71848892,-74.047726625,"Subscriber",1987,"Male"
"33557","2018-11-03 22:26:02.025","2018-11-03 22:32:51.091","3213",40.71848892,-74.047726625,"3639",40.7192517,-74.034234,"Subscriber",1987,"Male"
"33557","2018-11-04 09:22:03.046","2018-11-04 09:23:55.441","3639",40.7192517,-74.034234,"3183",40.7162469,-74.0334588,"Subscriber",1969,"Unknown"
"33557","2018-11-04 11:44:35.86","2018-11-04 11:59:07.543","3183",40.7162469,-74.0334588,"3202",40.7272235,-74.0337589,"Customer",1969,"Unknown"
"33557","2018-11-04 12:38:07.548","2018-11-04 12:48:50.097","3202",40.7272235,-74.0337589,"3267",40.7124188237569,-74.0385255217552,"Customer",1969,"Unknown"
"33557","2018-11-04 14:12:48.715","2018-11-04 14:16:28.047","3267",40.7124188237569,-74.0385255217552,"3183",40.7162469,-74.0334588,"Subscriber",1990,"Male"
"33557","2018-11-05 08:47:44.335","2018-11-05 08:54:37.174","3203",40.727595966,-74.044247311,"3185",40.7177325,-74.043845,"Subscriber",1978,"Male"
"33557","2018-11-05 09:47:25.013","2018-11-05 09:51:12.201","3185",40.7177325,-74.043845,"3211",40.72152515,-74.046304543,"Customer",1991,"Male"
"33557","2018-11-05 17:17:12.013","2018-11-05 17:21:19.311","3211",40.72152515,-74.046304543,"3275",40.7183551982321,-74.0389144420624,"Subscriber",1964,"Male"
"33571","2018-04-11 19:07:09.811","2018-04-11 19:13:19.547","3186",40.7195861164717,-74.0431174635887,"3269",40.7260117296463,-74.0503889322281,"Subscriber",1974,"Male"
"33571","2018-04-11 19:53:49.068","2018-04-11 19:57:07.359","3269",40.7260117296463,-74.0503889322281,"3203",40.727595966,-74.044247311,"Subscriber",1990,"Male"
"33571","2018-04-12 05:51:01.667","2018-04-12 06:02:01.677","3203",40.727595966,-74.044247311,"3186",40.7195861164717,-74.0431174635887,"Subscriber",1988,"Male"
"33571","2018-04-12 16:25:21.656","2018-04-12 16:57:43.546","3211",40.72152515,-74.046304543,"3203",40.727595966,-74.044247311,"Subscriber",1982,"Male"
"33571","2018-04-12 18:21:31.977","2018-04-12 18:24:31.6","3203",40.727595966,-74.044247311,"3273",40.72165072488,-74.0428841114044,"Subscriber",1979,"Male"
"33571","2018-04-12 18:26:13.946","2018-04-12 18:27:17.836","3273",40.72165072488,-74.0428841114044,"3186",40.7195861164717,-74.0431174635887,"Subscriber",1972,"Male"
"33571","2018-04-12 18:29:19.353","2018-04-12 18:32:23.887","3186",40.7195861164717,-74.0431174635887,"3272",40.7233315864644,-74.0459525585174,"Subscriber",1956,"Female"
"33571","2018-04-12 19:30:53.648","2018-04-12 19:36:45.947","3272",40.7233315864644,-74.0459525585174,"3199",40.7287448,-74.0321082,"Subscriber",1988,"Female"
"33571","2018-04-13 11:11:14.415","2018-04-13 11:18:33.206","3199",40.7287448,-74.0321082,"3183",40.7162469,-74.0334588,"Subscriber",1989,"Female"
"33571","2018-04-13 17:54:44.33","2018-04-13 18:05:08.815","3183",40.7162469,-74.0334588,"3268",40.7134638266919,-74.0628585219383,"Subscriber",1984,"Male"
"33571","2018-04-14 21:40:20.835","2018-04-14 22:09:36.167","3268",40.7134638266919,-74.0628585219383,"3187",40.7211236,-74.03805095,"Customer",1969,"Unknown"
"33571","2018-04-15 17:05:53.462","2018-04-15 17:10:26.959","3187",40.7211236,-74.03805095,"3481",40.71649,-74.04105,"Subscriber",1988,"Male"
"33571","2018-04-17 14:32:31.406","2018-04-17 14:35:40.886","3481",40.71649,-74.04105,"3183",40.7162469,-74.0334588,"Subscriber",1994,"Male"
"33571","2018-04-17 17:27:44.645","2018-04-17 17:33:38.344","3183",40.7162469,-74.0334588,"3213",40.71848892,-74.047726625,"Subscriber",1971,"Male"
"33571","2018-04-18 07:23:59.573","2018-04-18 07:26:17.939","3213",40.71848892,-74.047726625,"3186",40.7195861164717,-74.0431174635887,"Subscriber",1963,"Male"
"33571","2018-04-18 08:12:02.942","2018-04-18 08:21:29.334","3203",40.727595966,-74.044247311,"3183",40.7162469,-74.0334588,"Subscriber",1977,"Male"
"33571","2018-04-18 11:03:08.628","2018-04-18 11:12:19.717","3183",40.7162469,-74.0334588,"3199",40.7287448,-74.0321082,"Subscriber",1959,"Male"
"33571","2018-04-18 19:03:48.995","2018-04-18 19:11:20.599","3199",40.7287448,-74.0321082,"3203",40.727595966,-74.044247311,"Subscriber",1992,"Male"
"33571","2018-04-19 07:57:43.785","2018-04-19 08:03:13.705","3203",40.727595966,-74.044247311,"3186",40.7195861164717,-74.0431174635887,"Subscriber",1958,"Male"
"33571","2018-04-19 16:45:18.253","2018-04-19 16:47:59.652","3186",40.7195861164717,-74.0431174635887,"3276",40.7145840353589,-74.042817056179,"Subscriber",1986,"Male"
"33571","2018-04-20 08:43:40.321","2018-04-20 08:47:31.105","3276",40.7145840353589,-74.042817056179,"3183",40.7162469,-74.0334588,"Subscriber",1986,"Male"
"33571","2018-04-20 09:33:06.883","2018-04-20 09:50:10.434","3213",40.71848892,-74.047726625,"3213",40.71848892,-74.047726625,"Subscriber",1965,"Male"
"33571","2018-04-20 16:59:03.398","2018-04-20 17:05:12.742","3213",40.71848892,-74.047726625,"3186",40.7195861164717,-74.0431174635887,"Subscriber",1965,"Male"
"33571","2018-04-20 17:13:01.897","2018-04-20 17:17:11.908","3186",40.7195861164717,-74.0431174635887,"3209",40.7241765,-74.0506564,"Subscriber",1975,"Male"
"33571","2018-04-20 19:01:00.79","2018-04-20 19:06:26.945","3186",40.7195861164717,-74.0431174635887,"3203",40.727595966,-74.044247311,"Subscriber",1978,"Male"
"33571","2018-04-20 22:48:45.883","2018-04-20 22:52:25.067","3203",40.727595966,-74.044247311,"3273",40.72165072488,-74.0428841114044,"Subscriber",1989,"Male"
"33571","2018-04-21 07:23:27.766","2018-04-21 07:34:34.194","3273",40.72165072488,-74.0428841114044,"3206",40.7311689,-74.0575736,"Subscriber",1968,"Male"
"33571","2018-04-21 08:51:52.21","2018-04-21 08:54:53.765","3206",40.7311689,-74.0575736,"3209",40.7241765,-74.0506564,"Subscriber",1985,"Female"
"33571","2018-04-21 16:00:55.266","2018-04-21 16:02:28.708","3209",40.7241765,-74.0506564,"3279",40.7216301426384,-74.0499678254128,"Subscriber",1988,"Male"
"33571","2018-04-22 14:36:12.229","2018-04-22 14:38:06.025","3279",40.7216301426384,-74.0499678254128,"3211",40.72152515,-74.046304543,"Subscriber",1982,"Male"
"33571","2018-04-22 15:28:17.467","2018-04-22 15:40:54.918","3211",40.72152515,-74.046304543,"3192",40.7112423,-74.0557013,"Customer",1988,"Female"
"33571","2018-04-22 15:45:34.403","2018-04-22 17:24:43.075","3192",40.7112423,-74.0557013,"3211",40.72152515,-74.046304543,"Customer",1988,"Female"
"33571","2018-04-23 19:47:14.253","2018-04-23 19:59:40.528","3183",40.7162469,-74.0334588,"3183",40.7162469,-74.0334588,"Subscriber",1986,"Male"
"33571","2018-04-23 20:32:55.244","2018-04-23 20:36:27.346","3183",40.7162469,-74.0334588,"3267",40.7124188237569,-74.0385255217552,"Subscriber",1990,"Male"
"33571","2018-04-24 06:30:24.825","2018-04-24 06:35:02.013","3267",40.7124188237569,-74.0385255217552,"3183",40.7162469,-74.0334588,"Subscriber",1991,"Male"
"33571","2018-04-24 07:39:59.617","2018-04-24 07:42:20.331","3183",40.7162469,-74.0334588,"3184",40.7141454,-74.0335519,"Subscriber",1966,"Male"
"33571","2018-04-24 13:39:26.04","2018-04-24 13:48:00.214","3207",40.7376037,-74.0524783,"3211",40.72152515,-74.046304543,"Subscriber",1993,"Female"
"33571","2018-04-24 17:39:46.879","2018-04-24 17:42:29.809","3211",40.72152515,-74.046304543,"3203",40.727595966,-74.044247311,"Subscriber",1975,"Male"
"33571","2018-04-24 21:06:17.144","2018-04-24 21:24:29.156","3203",40.727595966,-74.044247311,"3214",40.7127742,-74.0364857,"Subscriber",1986,"Male"
"33571","2018-04-25 13:49:07.043","2018-04-25 13:55:03.091","3214",40.7127742,-74.0364857,"3213",40.71848892,-74.047726625,"Subscriber",1977,"Male"
"33571","2018-04-25 22:15:31.837","2018-04-25 22:25:08.724","3213",40.71848892,-74.047726625,"3268",40.7134638266919,-74.0628585219383,"Subscriber",1975,"Male"
"33571","2018-04-26 18:44:18.829","2018-04-26 18:51:36.619","3183",40.7162469,-74.0334588,"3213",40.71848892,-74.047726625,"Subscriber",1983,"Male"
"33571","2018-04-27 08:07:44.937","2018-04-27 08:10:14.388","3213",40.71848892,-74.047726625,"3186",40.7195861164717,-74.0431174635887,"Subscriber",1988,"Male"
"33571","2018-04-27 18:57:16.729","2018-04-27 19:01:11.778","3194",40.7253399253558,-74.0676221251488,"3195",40.7307426253066,-74.0637838840485,"Subscriber",1985,"Female"
"33571","2018-04-27 19:24:48.506","2018-04-27 19:32:26.268","3195",40.7307426253066,-74.0637838840485,"3280",40.719282200707,-74.071261882782,"Subscriber",1964,"Female"
"33571","2018-04-30 10:25:51.429","2018-04-30 10:35:54.964","3280",40.719282200707,-74.071261882782,"3195",40.7307426253066,-74.0637838840485,"Subscriber",1953,"Female"
"33571","2018-04-30 22:00:41.512","2018-04-30 22:09:29.065","3195",40.7307426253066,-74.0637838840485,"3280",40.719282200707,-74.071261882782,"Subscriber",1953,"Female"
"33571","2018-05-01 10:37:10.582","2018-05-01 10:47:17.537","3280",40.719282200707,-74.071261882782,"3195",40.7307426253066,-74.0637838840485,"Subscriber",1953,"Female"
"33571","2018-05-01 17:50:36.69","2018-05-01 18:02:24.59","3195",40.7307426253066,-74.0637838840485,"3195",40.7307426253066,-74.0637838840485,"Subscriber",1967,"Male"
"33571","2018-05-01 19:10:26.161","2018-05-01 19:23:23.889","3195",40.7307426253066,-74.0637838840485,"3198",40.7487159453802,-74.0404433012009,"Subscriber",1978,"Male"
"33571","2018-05-01 21:22:58.798","2018-05-01 21:35:14.639","3198",40.7487159453802,-74.0404433012009,"3195",40.7307426253066,-74.0637838840485,"Subscriber",1978,"Male"
"33571","2018-05-01 22:01:54.303","2018-05-01 22:07:32.98","3195",40.7307426253066,-74.0637838840485,"3678",40.7257261374256,-74.0719592571259,"Subscriber",1977,"Male"
"33571","2018-05-02 10:27:07.41","2018-05-02 10:43:17.102","3678",40.7257261374256,-74.0719592571259,"3183",40.7162469,-74.0334588,"Customer",1969,"Unknown"
"33571","2018-05-02 15:23:35.837","2018-05-02 15:31:32.812","3183",40.7162469,-74.0334588,"3199",40.7287448,-74.0321082,"Subscriber",1986,"Male"
"33571","2018-05-02 19:08:42.988","2018-05-02 19:16:18.772","3199",40.7287448,-74.0321082,"3203",40.727595966,-74.044247311,"Subscriber",1992,"Male"
"33571","2018-05-03 06:49:52.525","2018-05-03 06:54:39.849","3203",40.727595966,-74.044247311,"3186",40.7195861164717,-74.0431174635887,"Subscriber",1980,"Male"
"33571","2018-05-03 06:58:43.079","2018-05-03 07:04:09.737","3186",40.7195861164717,-74.0431174635887,"3205",40.7165397809919,-74.0496379137039,"Subscriber",1956,"Male"
"33571","2018-05-03 08:25:02.624","2018-05-03 08:28:28.152","3205",40.7165397809919,-74.0496379137039,"3185",40.7177325,-74.043845,"Subscriber",1983,"Male"
"33571","2018-05-03 13:35:04.005","2018-05-03 13:51:48.335","3185",40.7177325,-74.043845,"3187",40.7211236,-74.03805095,"Subscriber",1962,"Male"
"33571","2018-05-03 14:37:54.392","2018-05-03 14:57:20.937","3187",40.7211236,-74.03805095,"3205",40.7165397809919,-74.0496379137039,"Subscriber",1962,"Male"
"33571","2018-05-04 08:42:54.537","2018-05-04 08:47:39.954","3205",40.7165397809919,-74.0496379137039,"3186",40.7195861164717,-74.0431174635887,"Subscriber",1976,"Male"
"33571","2018-05-04 11:41:24.799","2018-05-04 11:50:05.91","3225",40.7236589,-74.0641943,"3213",40.71848892,-74.047726625,"Subscriber",1987,"Female"
"33571","2018-05-04 12:48:03.916","2018-05-04 13:20:31.359","3213",40.71848892,-74.047726625,"3187",40.7211236,-74.03805095,"Subscriber",1962,"Male"
"33571","2018-05-04 14:09:42.156","2018-05-04 14:13:25.488","3187",40.7211236,-74.03805095,"3186",40.7195861164717,-74.0431174635887,"Subscriber",1962,"Male"
"33571","2018-05-04 16:01:41.449","2018-05-04 16:04:37.583","3186",40.7195861164717,-74.0431174635887,"3279",40.7216301426384,-74.0499678254128,"Subscriber",1986,"Male"
"33571","2018-05-04 16:21:56.471","2018-05-04 16:25:35.506","3279",40.7216301426384,-74.0499678254128,"3186",40.7195861164717,-74.0431174635887,"Subscriber",1967,"Male"
"33571","2018-05-04 17:06:18.158","2018-05-04 17:10:04.127","3186",40.7195861164717,-74.0431174635887,"3483",40.71942,-74.05099,"Subscriber",1963,"Male"
"33571","2018-05-04 17:44:25.274","2018-05-04 18:12:07.54","3483",40.71942,-74.05099,"3639",40.7192517,-74.034234,"Subscriber",1988,"Male"
"33571","2018-05-05 13:03:18.292","2018-05-05 13:11:15.919","3639",40.7192517,-74.034234,"3213",40.71848892,-74.047726625,"Subscriber",1983,"Male"
"33571","2018-05-05 15:52:16.229","2018-05-05 15:58:32.129","3213",40.71848892,-74.047726625,"3273",40.72165072488,-74.0428841114044,"Subscriber",1984,"Female"
"33571","2018-05-06 03:00:31.37","2018-05-06 03:02:45.128","3273",40.72165072488,-74.0428841114044,"3270",40.7252891078113,-74.0455716848373,"Subscriber",1986,"Male"
"33571","2018-05-06 06:24:33.806","2018-05-06 06:36:50.569","3270",40.7252891078113,-74.0455716848373,"3192",40.7112423,-74.0557013,"Subscriber",1971,"Male"
"33571","2018-05-06 06:39:37.897","2018-05-06 07:21:23.724","3192",40.7112423,-74.0557013,"3186",40.7195861164717,-74.0431174635887,"Subscriber",1971,"Male"
"33571","2018-05-06 09:32:05.27","2018-05-06 09:33:18.207","3186",40.7195861164717,-74.0431174635887,"3185",40.7177325,-74.043845,"Subscriber",1987,"Male"
"33571","2018-05-06 12:15:22.245","2018-05-06 12:57:16.444","3185",40.7177325,-74.043845,"3185",40.7177325,-74.043845,"Customer",1969,"Unknown"
"33571","2018-05-06 13:35:45.272","2018-05-06 13:42:04.961","3185",40.7177325,-74.043845,"3187",40.7211236,-74.03805095,"Subscriber",1983,"Female"
"33571","2018-05-06 14:09:36.04","2018-05-06 14:17:54.839","3187",40.7211236,-74.03805095,"3205",40.7165397809919,-74.0496379137039,"Subscriber",1975,"Male"
"33571","2018-05-06 16:50:39.45","2018-05-06 16:58:12.578","3205",40.7165397809919,-74.0496379137039,"3270",40.7252891078113,-74.0455716848373,"Subscriber",1975,"Male"
"33571","2018-05-06 17:13:13.573","2018-05-06 17:22:00.572","3270",40.7252891078113,-74.0455716848373,"3483",40.71942,-74.05099,"Subscriber",1963,"Male"
"33571","2018-05-06 17:53:58.347","2018-05-06 18:11:47.042","3483",40.71942,-74.05099,"3270",40.7252891078113,-74.0455716848373,"Subscriber",1963,"Male"
"33571","2018-05-06 18:27:21.695","2018-05-06 18:38:38.676","3270",40.7252891078113,-74.0455716848373,"3272",40.7233315864644,-74.0459525585174,"Subscriber",1985,"Male"
"33571","2018-05-06 19:52:43.887","2018-05-06 20:00:06.497","3272",40.7233315864644,-74.0459525585174,"3275",40.7183551982321,-74.0389144420624,"Subscriber",1981,"Female"
"33571","2018-05-07 08:38:16.786","2018-05-07 08:44:03.562","3275",40.7183551982321,-74.0389144420624,"3202",40.7272235,-74.0337589,"Subscriber",1978,"Male"
"33571","2018-05-07 09:16:01.262","2018-05-07 09:23:45.087","3202",40.7272235,-74.0337589,"3183",40.7162469,-74.0334588,"Subscriber",1964,"Male"
"33571","2018-05-07 17:29:41.98","2018-05-07 17:49:24.723","3183",40.7162469,-74.0334588,"3207",40.7376037,-74.0524783,"Subscriber",1989,"Male"
"33571","2018-05-07 19:28:20.553","2018-05-07 19:36:36.296","3207",40.7376037,-74.0524783,"3279",40.7216301426384,-74.0499678254128,"Subscriber",1988,"Male"
"33571","2018-05-08 08:05:40.379","2018-05-08 08:07:47.917","3279",40.7216301426384,-74.0499678254128,"3186",40.7195861164717,-74.0431174635887,"Subscriber",1982,"Male"
"33571","2018-05-08 14:43:08.113","2018-05-08 15:02:36.279","3210",40.742677141,-74.051788633,"3202",40.7272235,-74.0337589,"Subscriber",1963,"Male"
"33571","2018-05-08 16:44:56.294","2018-05-08 17:01:26.181","3202",40.7272235,-74.0337589,"3270",40.7252891078113,-74.0455716848373,"Subscriber",1975,"Male"
"33571","2018-05-08 20:48:29.109","2018-05-08 21:02:18.466","3195",40.7307426253066,-74.0637838840485,"3679",40.722103786686,-74.0714550018311,"Subscriber",1956,"Male"
"33571","2018-05-09 07:15:47.249","2018-05-09 07:21:26.33","3679",40.722103786686,-74.0714550018311,"3195",40.7307426253066,-74.0637838840485,"Subscriber",1987,"Male"
"33571","2018-05-09 16:01:17.158","2018-05-09 16:08:39.32","3195",40.7307426253066,-74.0637838840485,"3678",40.7257261374256,-74.0719592571259,"Subscriber",1970,"Male"
"33571","2018-05-09 18:42:21.178","2018-05-09 18:49:47.162","3678",40.7257261374256,-74.0719592571259,"3195",40.7307426253066,-74.0637838840485,"Subscriber",1989,"Male"
"33571","2018-05-09 19:56:01.741","2018-05-09 20:05:40.373","3195",40.7307426253066,-74.0637838840485,"3191",40.7182113,-74.0836394,"Subscriber",1988,"Male"
"33571","2018-05-10 06:07:47.661","2018-05-10 06:18:19.703","3191",40.7182113,-74.0836394,"3195",40.7307426253066,-74.0637838840485,"Subscriber",1991,"Male"
"33571","2018-05-10 07:33:38.275","2018-05-10 07:40:34.557","3195",40.7307426253066,-74.0637838840485,"3280",40.719282200707,-74.071261882782,"Subscriber",1964,"Male"
"33571","2018-05-10 10:16:31.516","2018-05-10 10:25:07.838","3280",40.719282200707,-74.071261882782,"3195",40.7307426253066,-74.0637838840485,"Subscriber",1953,"Female"
"33571","2018-05-10 18:13:50.748","2018-05-10 18:17:14.569","3195",40.7307426253066,-74.0637838840485,"3194",40.7253399253558,-74.0676221251488,"Subscriber",1972,"Male"
"33571","2018-05-11 08:10:27.226","2018-05-11 08:14:08.639","3194",40.7253399253558,-74.0676221251488,"3195",40.7307426253066,-74.0637838840485,"Subscriber",1973,"Male"
"33571","2018-05-11 10:36:12.979","2018-05-11 10:43:52.578","3195",40.7307426253066,-74.0637838840485,"3280",40.719282200707,-74.071261882782,"Subscriber",1983,"Male"
"33571","2018-05-12 18:01:27.818","2018-05-12 18:09:41.698","3280",40.719282200707,-74.071261882782,"3195",40.7307426253066,-74.0637838840485,"Subscriber",1964,"Male"
"33571","2018-05-13 04:14:32.021","2018-05-13 04:19:08.704","3195",40.7307426253066,-74.0637838840485,"3678",40.7257261374256,-74.0719592571259,"Subscriber",1977,"Male"
"33571","2018-05-13 18:49:42.643","2018-05-13 18:59:06.803","3678",40.7257261374256,-74.0719592571259,"3211",40.72152515,-74.046304543,"Subscriber",1968,"Male"
"33571","2018-05-14 13:29:01.084","2018-05-14 13:30:32.082","3211",40.72152515,-74.046304543,"3213",40.71848892,-74.047726625,"Subscriber",1979,"Male"
"33571","2018-05-15 05:52:27.357","2018-05-15 05:57:04.977","3213",40.71848892,-74.047726625,"3203",40.727595966,-74.044247311,"Subscriber",1983,"Male"
"33571","2018-05-15 07:00:36.863","2018-05-15 07:04:47.573","3203",40.727595966,-74.044247311,"3186",40.7195861164717,-74.0431174635887,"Subscriber",1969,"Male"
"33571","2018-05-15 09:40:51.621","2018-05-15 09:45:08.117","3186",40.7195861164717,-74.0431174635887,"3203",40.727595966,-74.044247311,"Subscriber",1973,"Male"
"33571","2018-05-15 10:02:51.758","2018-05-15 10:10:09.61","3203",40.727595966,-74.044247311,"3183",40.7162469,-74.0334588,"Subscriber",1983,"Male"
"33571","2018-05-15 14:50:03.231","2018-05-15 14:52:41.241","3211",40.72152515,-74.046304543,"3186",40.7195861164717,-74.0431174635887,"Subscriber",1981,"Male"
"33571","2018-05-15 14:55:41.225","2018-05-15 15:04:58.862","3186",40.7195861164717,-74.0431174635887,"3192",40.7112423,-74.0557013,"Subscriber",1981,"Female"
"33571","2018-05-15 16:09:24.431","2018-05-15 16:20:47.389","3192",40.7112423,-74.0557013,"3267",40.7124188237569,-74.0385255217552,"Subscriber",1960,"Male"
"33571","2018-05-15 17:04:52.493","2018-05-15 17:09:11.74","3267",40.7124188237569,-74.0385255217552,"3183",40.7162469,-74.0334588,"Subscriber",1990,"Male"
"33571","2018-05-15 19:21:24.741","2018-05-15 19:25:11.507","3183",40.7162469,-74.0334588,"3267",40.7124188237569,-74.0385255217552,"Subscriber",1991,"Male"
"33571","2018-05-15 20:51:45.31","2018-05-15 20:55:45.505","3267",40.7124188237569,-74.0385255217552,"3275",40.7183551982321,-74.0389144420624,"Subscriber",1960,"Male"
"33571","2018-05-16 07:26:13.736","2018-05-16 07:30:07.692","3275",40.7183551982321,-74.0389144420624,"3183",40.7162469,-74.0334588,"Subscriber",1970,"Male"
"33571","2018-05-16 19:20:57.775","2018-05-16 19:25:17.636","3183",40.7162469,-74.0334588,"3639",40.7192517,-74.034234,"Subscriber",1991,"Female"
"33571","2018-05-17 16:39:30.476","2018-05-17 17:02:54.084","3639",40.7192517,-74.034234,"3678",40.7257261374256,-74.0719592571259,"Subscriber",1983,"Male"
"33571","2018-05-17 17:23:50.334","2018-05-17 17:32:19.276","3678",40.7257261374256,-74.0719592571259,"3195",40.7307426253066,-74.0637838840485,"Subscriber",1980,"Male"
"33571","2018-05-17 17:58:02.148","2018-05-17 18:02:54.047","3195",40.7307426253066,-74.0637838840485,"3225",40.7236589,-74.0641943,"Subscriber",1986,"Male"
"33571","2018-05-18 05:36:01.832","2018-05-18 05:44:52.273","3225",40.7236589,-74.0641943,"3186",40.7195861164717,-74.0431174635887,"Subscriber",1979,"Male"
"33571","2018-05-18 08:34:52.591","2018-05-18 08:39:48.98","3273",40.72165072488,-74.0428841114044,"3638",40.7242941,-74.0354826,"Subscriber",1974,"Male"
"33571","2018-05-18 09:39:49.643","2018-05-18 09:42:05.364","3638",40.7242941,-74.0354826,"3202",40.7272235,-74.0337589,"Subscriber",1994,"Male"
"33571","2018-05-18 12:30:47.044","2018-05-18 12:36:38.61","3202",40.7272235,-74.0337589,"3186",40.7195861164717,-74.0431174635887,"Subscriber",1986,"Male"
"33571","2018-05-18 16:41:53.492","2018-05-18 16:58:13.823","3186",40.7195861164717,-74.0431174635887,"3207",40.7376037,-74.0524783,"Subscriber",1991,"Male"
"33571","2018-05-19 15:34:59.195","2018-05-19 15:47:27.948","3207",40.7376037,-74.0524783,"3186",40.7195861164717,-74.0431174635887,"Subscriber",1988,"Male"
"33571","2018-05-19 16:07:05.554","2018-05-19 16:09:23.386","3186",40.7195861164717,-74.0431174635887,"3213",40.71848892,-74.047726625,"Subscriber",1962,"Male"
"33571","2018-05-20 02:59:22.941","2018-05-20 03:07:24.484","3213",40.71848892,-74.047726625,"3192",40.7112423,-74.0557013,"Customer",1969,"Unknown"
"33571","2018-05-20 10:36:05.023","2018-05-20 10:43:38.295","3192",40.7112423,-74.0557013,"3276",40.7145840353589,-74.042817056179,"Subscriber",1986,"Male"
"33571","2018-05-20 11:42:28.934","2018-05-20 11:49:37.211","3276",40.7145840353589,-74.042817056179,"3192",40.7112423,-74.0557013,"Subscriber",1986,"Male"
"33571","2018-05-20 16:52:59.219","2018-05-20 17:34:12.041","3192",40.7112423,-74.0557013,"3192",40.7112423,-74.0557013,"Subscriber",1986,"Female"
"33571","2018-05-21 07:03:32.094","2018-05-21 07:11:27.233","3192",40.7112423,-74.0557013,"3186",40.7195861164717,-74.0431174635887,"Subscriber",1985,"Male"
"33571","2018-05-21 07:42:30.999","2018-05-21 08:08:19.6","3203",40.727595966,-74.044247311,"3639",40.7192517,-74.034234,"Subscriber",1962,"Male"
"33571","2018-05-21 13:47:01.878","2018-05-21 13:55:55.376","3639",40.7192517,-74.034234,"3202",40.7272235,-74.0337589,"Subscriber",1970,"Male"
"33571","2018-05-21 17:09:24.322","2018-05-21 17:19:49.857","3202",40.7272235,-74.0337589,"3184",40.7141454,-74.0335519,"Subscriber",1970,"Male"
"33571","2018-05-21 17:26:07.99","2018-05-21 17:28:46.083","3184",40.7141454,-74.0335519,"3267",40.7124188237569,-74.0385255217552,"Subscriber",1967,"Male"
"33571","2018-05-22 06:47:35.07","2018-05-22 06:51:37.572","3267",40.7124188237569,-74.0385255217552,"3183",40.7162469,-74.0334588,"Subscriber",1990,"Male"
"33571","2018-05-22 07:31:34.145","2018-05-22 07:33:48.541","3183",40.7162469,-74.0334588,"3184",40.7141454,-74.0335519,"Subscriber",1966,"Male"
"33571","2018-05-23 17:12:14.517","2018-05-23 17:14:34.952","3184",40.7141454,-74.0335519,"3267",40.7124188237569,-74.0385255217552,"Subscriber",1980,"Male"
"33571","2018-05-24 05:54:27.512","2018-05-24 05:57:13.671","3267",40.7124188237569,-74.0385255217552,"3184",40.7141454,-74.0335519,"Subscriber",1961,"Male"
"33571","2018-05-24 06:42:20.301","2018-05-24 06:48:30.102","3184",40.7141454,-74.0335519,"3202",40.7272235,-74.0337589,"Subscriber",1981,"Male"
"33571","2018-05-24 06:53:31.197","2018-05-24 06:58:12.071","3202",40.7272235,-74.0337589,"3639",40.7192517,-74.034234,"Subscriber",1989,"Male"
"33571","2018-05-24 08:34:40.533","2018-05-24 08:41:08.354","3639",40.7192517,-74.034234,"3202",40.7272235,-74.0337589,"Subscriber",1991,"Male"
"33571","2018-05-24 11:52:32.406","2018-05-24 11:58:09.651","3202",40.7272235,-74.0337589,"3211",40.72152515,-74.046304543,"Subscriber",1970,"Male"
"33571","2018-05-24 18:17:54.789","2018-05-24 18:30:48.444","3211",40.72152515,-74.046304543,"3220",40.7349610200095,-74.0595030784607,"Subscriber",1987,"Male"
"33571","2018-05-24 23:29:59.391","2018-05-24 23:34:02.999","3220",40.7349610200095,-74.0595030784607,"3207",40.7376037,-74.0524783,"Subscriber",1981,"Male"
"33571","2018-05-25 08:27:44.956","2018-05-25 08:33:58.813","3207",40.7376037,-74.0524783,"3195",40.7307426253066,-74.0637838840485,"Subscriber",1984,"Male"
"33571","2018-05-25 11:54:49.126","2018-05-25 12:02:32.502","3195",40.7307426253066,-74.0637838840485,"3280",40.719282200707,-74.071261882782,"Subscriber",1988,"Male"
"33571","2018-05-27 02:27:12.881","2018-05-27 02:44:18.626","3280",40.719282200707,-74.071261882782,"3205",40.7165397809919,-74.0496379137039,"Customer",1969,"Unknown"
"33571","2018-05-27 02:50:33.969","2018-05-27 03:11:38.575","3205",40.7165397809919,-74.0496379137039,"3280",40.719282200707,-74.071261882782,"Customer",1969,"Unknown"
"33571","2018-05-27 16:38:42.558","2018-05-27 16:45:19.67","3280",40.719282200707,-74.071261882782,"3195",40.7307426253066,-74.0637838840485,"Subscriber",1988,"Male"
"33571","2018-05-27 21:57:06.559","2018-05-27 22:02:21.308","3195",40.7307426253066,-74.0637838840485,"3280",40.719282200707,-74.071261882782,"Subscriber",1988,"Male"
"33571","2018-05-28 06:09:31.865","2018-05-28 06:18:23.477","3280",40.719282200707,-74.071261882782,"3195",40.7307426253066,-74.0637838840485,"Customer",1991,"Female"
"33571","2018-05-28 13:41:16.019","2018-05-28 13:51:34.747","3195",40.7307426253066,-74.0637838840485,"3225",40.7236589,-74.0641943,"Subscriber",1989,"Female"
"33571","2018-05-28 14:53:24.646","2018-05-28 15:13:23.958","3225",40.7236589,-74.0641943,"3192",40.7112423,-74.0557013,"Customer",1969,"Unknown"
"33571","2018-05-28 15:16:59.792","2018-05-28 15:40:14.829","3192",40.7112423,-74.0557013,"3192",40.7112423,-74.0557013,"Customer",1969,"Unknown"
"33571","2018-05-28 19:08:18.772","2018-05-28 19:16:54.407","3192",40.7112423,-74.0557013,"3186",40.7195861164717,-74.0431174635887,"Subscriber",1988,"Male"
"33571","2018-05-29 08:44:38.281","2018-05-29 09:03:49.671","3207",40.7376037,-74.0524783,"3183",40.7162469,-74.0334588,"Subscriber",1981,"Male"
"33571","2018-05-29 12:02:44.414","2018-05-29 12:07:34.791","3183",40.7162469,-74.0334588,"3638",40.7242941,-74.0354826,"Subscriber",1994,"Male"
"33571","2018-05-29 12:47:57.609","2018-05-29 12:53:33.134","3638",40.7242941,-74.0354826,"3183",40.7162469,-74.0334588,"Subscriber",1994,"Male"
"33571","2018-05-29 14:50:27.694","2018-05-29 14:53:21.364","3183",40.7162469,-74.0334588,"3275",40.7183551982321,-74.0389144420624,"Subscriber",1970,"Male"
"33571","2018-05-29 19:14:16.095","2018-05-29 19:26:25.95","3275",40.7183551982321,-74.0389144420624,"3192",40.7112423,-74.0557013,"Subscriber",1983,"Male"
"33571","2018-05-29 21:45:47.814","2018-05-29 21:53:10.986","3192",40.7112423,-74.0557013,"3186",40.7195861164717,-74.0431174635887,"Subscriber",1990,"Female"
"33571","2018-05-29 21:58:04.528","2018-05-29 22:02:29.317","3186",40.7195861164717,-74.0431174635887,"3203",40.727595966,-74.044247311,"Subscriber",1990,"Male"
"33571","2018-05-30 05:37:34.813","2018-05-30 05:42:52.225","3203",40.727595966,-74.044247311,"3186",40.7195861164717,-74.0431174635887,"Subscriber",1978,"Female"
"33571","2018-05-30 07:42:38.1","2018-05-30 07:49:58.539","3203",40.727595966,-74.044247311,"3275",40.7183551982321,-74.0389144420624,"Subscriber",1984,"Female"
"33571","2018-05-30 16:41:37.865","2018-05-30 16:43:12.355","3275",40.7183551982321,-74.0389144420624,"3187",40.7211236,-74.03805095,"Subscriber",1984,"Female"
"33571","2018-05-30 17:12:07.132","2018-05-30 17:15:38.353","3186",40.7195861164717,-74.0431174635887,"3203",40.727595966,-74.044247311,"Subscriber",1971,"Male"
"33571","2018-05-30 20:42:53.052","2018-05-30 21:21:28.499","3183",40.7162469,-74.0334588,"3277",40.7143583687043,-74.0666109323502,"Subscriber",1995,"Female"
"33571","2018-06-02 11:21:38.954","2018-06-02 11:27:48.378","3277",40.7143583687043,-74.0666109323502,"3192",40.7112423,-74.0557013,"Subscriber",1981,"Male"
"33571","2018-06-02 11:56:59.781","2018-06-02 12:48:26.418","3192",40.7112423,-74.0557013,"3192",40.7112423,-74.0557013,"Customer",1985,"Male"
"33571","2018-06-02 13:25:51.615","2018-06-02 13:34:52.257","3192",40.7112423,-74.0557013,"3275",40.7183551982321,-74.0389144420624,"Subscriber",1990,"Female"
"33571","2018-06-02 14:05:12.132","2018-06-02 15:19:58.136","3275",40.7183551982321,-74.0389144420624,"3681",40.7151776773203,-74.0376833081245,"Customer",1969,"Unknown"
"33571","2018-06-02 16:29:58.931","2018-06-02 16:34:51.613","3681",40.7151776773203,-74.0376833081245,"3183",40.7162469,-74.0334588,"Subscriber",1986,"Male"
"33571","2018-06-02 17:49:03.093","2018-06-02 17:51:38.922","3183",40.7162469,-74.0334588,"3639",40.7192517,-74.034234,"Subscriber",1978,"Male"
"33571","2018-06-02 20:24:37.664","2018-06-02 20:33:59.645","3639",40.7192517,-74.034234,"3186",40.7195861164717,-74.0431174635887,"Subscriber",1964,"Male"
"33571","2018-06-02 22:00:55.359","2018-06-02 22:04:13.002","3186",40.7195861164717,-74.0431174635887,"3213",40.71848892,-74.047726625,"Subscriber",1962,"Male"
"33571","2018-06-02 22:17:21.328","2018-06-02 22:24:42.806","3213",40.71848892,-74.047726625,"3639",40.7192517,-74.034234,"Subscriber",1983,"Male"
"33571","2018-06-03 00:28:00.818","2018-06-03 00:32:04.726","3639",40.7192517,-74.034234,"3481",40.71649,-74.04105,"Subscriber",1983,"Male"
"33571","2018-06-03 10:10:17.008","2018-06-03 10:19:48.859","3481",40.71649,-74.04105,"3203",40.727595966,-74.044247311,"Subscriber",1983,"Female"
"33571","2018-06-03 10:43:37.618","2018-06-03 10:47:05.597","3203",40.727595966,-74.044247311,"3211",40.72152515,-74.046304543,"Subscriber",1988,"Male"
"33571","2018-06-03 21:24:20.124","2018-06-03 21:29:46.196","3269",40.7260117296463,-74.0503889322281,"3273",40.72165072488,-74.0428841114044,"Subscriber",1990,"Male"
"33571","2018-06-04 08:09:04.776","2018-06-04 08:13:14.196","3273",40.72165072488,-74.0428841114044,"3638",40.7242941,-74.0354826,"Subscriber",1974,"Male"
"33571","2018-06-04 08:42:19.728","2018-06-04 08:47:13.426","3638",40.7242941,-74.0354826,"3639",40.7192517,-74.034234,"Subscriber",1989,"Female"
"33571","2018-06-04 12:35:46.009","2018-06-04 13:09:51.581","3639",40.7192517,-74.034234,"3639",40.7192517,-74.034234,"Subscriber",1953,"Male"
"33571","2018-06-04 16:01:28.72","2018-06-04 16:07:49.066","3639",40.7192517,-74.034234,"3211",40.72152515,-74.046304543,"Subscriber",1990,"Male"
"33571","2018-06-04 19:54:30.921","2018-06-04 19:59:30.172","3639",40.7192517,-74.034234,"3202",40.7272235,-74.0337589,"Subscriber",1962,"Male"
"33571","2018-06-04 20:03:12.655","2018-06-04 20:08:31.563","3202",40.7272235,-74.0337589,"3203",40.727595966,-74.044247311,"Subscriber",1987,"Male"
"33571","2018-06-04 22:16:13.559","2018-06-04 22:21:52.684","3640",40.73367,-74.0625,"3207",40.7376037,-74.0524783,"Subscriber",1976,"Female"
"33571","2018-06-05 07:50:49.557","2018-06-05 08:04:00.534","3207",40.7376037,-74.0524783,"3205",40.7165397809919,-74.0496379137039,"Subscriber",1989,"Male"
"33571","2018-06-05 08:05:11.927","2018-06-05 08:08:51.98","3205",40.7165397809919,-74.0496379137039,"3211",40.72152515,-74.046304543,"Subscriber",1988,"Male"
"33571","2018-06-05 08:30:35.231","2018-06-05 08:33:23","3211",40.72152515,-74.046304543,"3186",40.7195861164717,-74.0431174635887,"Subscriber",1991,"Male"
"33571","2018-06-05 10:41:38.431","2018-06-05 11:10:46.295","3186",40.7195861164717,-74.0431174635887,"3192",40.7112423,-74.0557013,"Customer",1969,"Unknown"
"33571","2018-06-05 11:29:27.921","2018-06-05 11:38:16.099","3192",40.7112423,-74.0557013,"3185",40.7177325,-74.043845,"Subscriber",1950,"Male"
"33571","2018-06-05 19:35:54.512","2018-06-05 19:43:42.812","3185",40.7177325,-74.043845,"3203",40.727595966,-74.044247311,"Subscriber",1976,"Female"
"33571","2018-06-05 20:05:49.946","2018-06-05 20:10:24.209","3203",40.727595966,-74.044247311,"3211",40.72152515,-74.046304543,"Subscriber",1987,"Male"
"33571","2018-06-05 21:48:22.995","2018-06-05 22:01:15.868","3211",40.72152515,-74.046304543,"3213",40.71848892,-74.047726625,"Subscriber",1982,"Male"
"33571","2018-06-06 07:18:59.792","2018-06-06 07:27:44.466","3213",40.71848892,-74.047726625,"3183",40.7162469,-74.0334588,"Subscriber",1970,"Male"
"33571","2018-06-06 14:22:34.887","2018-06-06 14:29:02.906","3183",40.7162469,-74.0334588,"3187",40.7211236,-74.03805095,"Subscriber",1962,"Male"
"33571","2018-06-06 14:40:36.154","2018-06-06 14:46:52.271","3187",40.7211236,-74.03805095,"3183",40.7162469,-74.0334588,"Subscriber",1965,"Female"
"33571","2018-06-06 17:06:32.259","2018-06-06 17:16:04.483","3183",40.7162469,-74.0334588,"3270",40.7252891078113,-74.0455716848373,"Subscriber",1956,"Male"
"33571","2018-06-06 19:56:28.701","2018-06-06 19:59:51.693","3186",40.7195861164717,-74.0431174635887,"3276",40.7145840353589,-74.042817056179,"Subscriber",1991,"Male"
"33571","2018-06-06 20:21:34.014","2018-06-06 20:27:50.393","3276",40.7145840353589,-74.042817056179,"3183",40.7162469,-74.0334588,"Subscriber",1969,"Unknown"
"33571","2018-06-06 20:39:15.582","2018-06-06 20:41:30.704","3183",40.7162469,-74.0334588,"3639",40.7192517,-74.034234,"Subscriber",1989,"Male"
"33571","2018-06-07 07:58:41.113","2018-06-07 08:03:43.847","3639",40.7192517,-74.034234,"3202",40.7272235,-74.0337589,"Subscriber",1956,"Male"
"33571","2018-06-07 09:31:04.661","2018-06-07 09:35:34.175","3269",40.7260117296463,-74.0503889322281,"3186",40.7195861164717,-74.0431174635887,"Subscriber",1972,"Male"
"33571","2018-06-07 12:30:58.881","2018-06-07 12:36:43.579","3276",40.7145840353589,-74.042817056179,"3273",40.72165072488,-74.0428841114044,"Subscriber",1971,"Male"
"33571","2018-06-07 12:48:52.318","2018-06-07 12:54:26.885","3273",40.72165072488,-74.0428841114044,"3203",40.727595966,-74.044247311,"Subscriber",1968,"Male"
"33571","2018-06-07 16:56:58.697","2018-06-07 16:59:22.547","3203",40.727595966,-74.044247311,"3272",40.7233315864644,-74.0459525585174,"Subscriber",1988,"Male"
"33571","2018-06-07 18:57:54.307","2018-06-07 19:04:16.907","3272",40.7233315864644,-74.0459525585174,"3209",40.7241765,-74.0506564,"Subscriber",1992,"Male"
"33571","2018-06-08 06:45:48.255","2018-06-08 06:50:25.371","3209",40.7241765,-74.0506564,"3186",40.7195861164717,-74.0431174635887,"Subscriber",1984,"Male"
"33571","2018-06-09 15:54:56.649","2018-06-09 16:23:15.343","3278",40.725685483629,-74.0487903356552,"3192",40.7112423,-74.0557013,"Customer",1994,"Male"
"33571","2018-06-09 16:25:03.749","2018-06-09 16:44:53.404","3192",40.7112423,-74.0557013,"3278",40.725685483629,-74.0487903356552,"Customer",1994,"Male"
"33571","2018-06-09 18:25:41.703","2018-06-09 18:30:32.221","3278",40.725685483629,-74.0487903356552,"3186",40.7195861164717,-74.0431174635887,"Subscriber",1987,"Male"
"33571","2018-06-10 12:44:25.393","2018-06-10 12:47:51.957","3186",40.7195861164717,-74.0431174635887,"3279",40.7216301426384,-74.0499678254128,"Subscriber",1952,"Male"
"33571","2018-06-10 14:00:54.231","2018-06-10 14:03:27.962","3279",40.7216301426384,-74.0499678254128,"3186",40.7195861164717,-74.0431174635887,"Subscriber",1975,"Male"
"33571","2018-06-11 07:52:56.547","2018-06-11 07:57:31.558","3203",40.727595966,-74.044247311,"3186",40.7195861164717,-74.0431174635887,"Subscriber",1973,"Male"
"33571","2018-06-11 19:11:57.571","2018-06-11 19:16:55.995","3186",40.7195861164717,-74.0431174635887,"3269",40.7260117296463,-74.0503889322281,"Subscriber",1991,"Male"
"33571","2018-06-11 19:29:02.4","2018-06-11 19:35:59.023","3269",40.7260117296463,-74.0503889322281,"3640",40.73367,-74.0625,"Subscriber",1977,"Male"
"33571","2018-06-11 19:38:46.928","2018-06-11 19:43:04.212","3640",40.73367,-74.0625,"3207",40.7376037,-74.0524783,"Subscriber",1985,"Male"
"33571","2018-06-12 06:58:51.597","2018-06-12 07:03:00.361","3207",40.7376037,-74.0524783,"3640",40.73367,-74.0625,"Subscriber",1985,"Male"
"33571","2018-06-12 08:00:05.223","2018-06-12 08:15:41.949","3640",40.73367,-74.0625,"3183",40.7162469,-74.0334588,"Subscriber",1983,"Male"
"33571","2018-06-12 13:09:28.589","2018-06-12 13:13:04.152","3187",40.7211236,-74.03805095,"3639",40.7192517,-74.034234,"Subscriber",1952,"Female"
"33571","2018-06-12 16:22:33.667","2018-06-12 16:33:24.828","3639",40.7192517,-74.034234,"3192",40.7112423,-74.0557013,"Customer",1967,"Male"
"33571","2018-06-12 16:43:14.012","2018-06-12 16:50:59.758","3192",40.7112423,-74.0557013,"3185",40.7177325,-74.043845,"Subscriber",1989,"Male"
"33571","2018-06-12 17:54:31.727","2018-06-12 17:57:06.778","3185",40.7177325,-74.043845,"3275",40.7183551982321,-74.0389144420624,"Subscriber",1986,"Male"
"33571","2018-06-12 18:49:14.143","2018-06-12 19:00:14.876","3275",40.7183551982321,-74.0389144420624,"3184",40.7141454,-74.0335519,"Subscriber",1969,"Unknown"
"33571","2018-06-12 19:09:14.352","2018-06-12 19:18:15.764","3184",40.7141454,-74.0335519,"3213",40.71848892,-74.047726625,"Subscriber",1989,"Male"
"33571","2018-06-13 05:34:42.193","2018-06-13 05:36:47.646","3213",40.71848892,-74.047726625,"3186",40.7195861164717,-74.0431174635887,"Subscriber",1989,"Male"
"33571","2018-06-13 08:48:46.402","2018-06-13 08:53:45.933","3269",40.7260117296463,-74.0503889322281,"3273",40.72165072488,-74.0428841114044,"Subscriber",1982,"Female"
"33571","2018-06-13 16:53:12.342","2018-06-13 16:56:07.938","3273",40.72165072488,-74.0428841114044,"3272",40.7233315864644,-74.0459525585174,"Subscriber",1982,"Female"
"33571","2018-06-13 16:59:40.956","2018-06-13 17:02:14.062","3272",40.7233315864644,-74.0459525585174,"3278",40.725685483629,-74.0487903356552,"Subscriber",1982,"Female"
"33571","2018-06-14 07:21:29.206","2018-06-14 07:25:47.075","3278",40.725685483629,-74.0487903356552,"3186",40.7195861164717,-74.0431174635887,"Subscriber",1978,"Male"
"33571","2018-06-14 18:44:02.35","2018-06-14 18:51:13.43","3186",40.7195861164717,-74.0431174635887,"3203",40.727595966,-74.044247311,"Subscriber",1985,"Female"
"33571","2018-06-15 06:38:06.357","2018-06-15 06:43:26.149","3203",40.727595966,-74.044247311,"3202",40.7272235,-74.0337589,"Subscriber",1973,"Female"
"33571","2018-06-15 08:39:22.731","2018-06-15 08:44:40.367","3202",40.7272235,-74.0337589,"3639",40.7192517,-74.034234,"Subscriber",1962,"Male"
"33571","2018-06-15 12:10:33.295","2018-06-15 12:14:01.7","3639",40.7192517,-74.034234,"3681",40.7151776773203,-74.0376833081245,"Subscriber",1972,"Male"
"33571","2018-06-15 12:19:35.561","2018-06-15 12:23:49.244","3681",40.7151776773203,-74.0376833081245,"3639",40.7192517,-74.034234,"Subscriber",1972,"Male"
"33571","2018-06-15 12:55:29.662","2018-06-15 12:58:21.049","3639",40.7192517,-74.034234,"3187",40.7211236,-74.03805095,"Subscriber",1994,"Male"
"33571","2018-06-15 13:36:49.004","2018-06-15 13:41:34.137","3187",40.7211236,-74.03805095,"3184",40.7141454,-74.0335519,"Subscriber",1975,"Male"
"33571","2018-06-15 14:49:53.778","2018-06-15 14:52:30.77","3184",40.7141454,-74.0335519,"3481",40.71649,-74.04105,"Subscriber",1949,"Male"
"33571","2018-06-17 15:53:27.408","2018-06-17 16:28:52.404","3481",40.71649,-74.04105,"3481",40.71649,-74.04105,"Subscriber",1983,"Male"
"33571","2018-06-26 09:22:58.41","2018-06-26 09:25:10.38","3276",40.7145840353589,-74.042817056179,"3185",40.7177325,-74.043845,"Subscriber",1988,"Male"
"33571","2018-06-26 17:51:18.165","2018-06-26 17:52:21.439","3185",40.7177325,-74.043845,"3186",40.7195861164717,-74.0431174635887,"Subscriber",1962,"Male"
"33571","2018-06-26 18:08:58.726","2018-06-26 18:15:19.273","3186",40.7195861164717,-74.0431174635887,"3269",40.7260117296463,-74.0503889322281,"Subscriber",1982,"Female"
"33571","2018-06-27 07:13:59.333","2018-06-27 07:19:05.15","3269",40.7260117296463,-74.0503889322281,"3186",40.7195861164717,-74.0431174635887,"Subscriber",1987,"Female"
"33571","2018-07-01 20:18:41.735","2018-07-01 20:40:42.453","3206",40.7311689,-74.0575736,"3183",40.7162469,-74.0334588,"Customer",1991,"Female"
"33571","2018-07-02 00:04:05.195","2018-07-02 00:06:20.354","3183",40.7162469,-74.0334588,"3639",40.7192517,-74.034234,"Customer",1969,"Unknown"
"33571","2018-07-02 17:02:55.701","2018-07-02 17:06:50.645","3639",40.7192517,-74.034234,"3202",40.7272235,-74.0337589,"Subscriber",1963,"Male"
"33571","2018-07-02 17:32:26.429","2018-07-02 17:38:55.9","3202",40.7272235,-74.0337589,"3269",40.7260117296463,-74.0503889322281,"Subscriber",1981,"Male"
"33571","2018-07-02 18:14:21.704","2018-07-02 18:23:08.234","3269",40.7260117296463,-74.0503889322281,"3275",40.7183551982321,-74.0389144420624,"Subscriber",1975,"Female"
"33571","2018-07-02 19:32:18.127","2018-07-02 19:35:08.962","3275",40.7183551982321,-74.0389144420624,"3639",40.7192517,-74.034234,"Subscriber",1986,"Male"
"33571","2018-07-02 22:52:41.07","2018-07-02 23:00:15.956","3639",40.7192517,-74.034234,"3273",40.72165072488,-74.0428841114044,"Subscriber",1994,"Male"
"33571","2018-07-03 10:35:17.515","2018-07-03 10:38:50.313","3273",40.72165072488,-74.0428841114044,"3203",40.727595966,-74.044247311,"Subscriber",1978,"Female"
"33571","2018-07-03 14:14:30.548","2018-07-03 14:32:18.283","3203",40.727595966,-74.044247311,"3184",40.7141454,-74.0335519,"Subscriber",1964,"Male"
"33571","2018-07-03 14:47:35.963","2018-07-03 14:51:29.163","3184",40.7141454,-74.0335519,"3267",40.7124188237569,-74.0385255217552,"Subscriber",1976,"Female"
"33571","2018-07-03 20:16:06.719","2018-07-03 20:24:18.201","3267",40.7124188237569,-74.0385255217552,"3187",40.7211236,-74.03805095,"Subscriber",1990,"Male"
"33571","2018-07-03 21:01:04.747","2018-07-03 21:14:40.25","3187",40.7211236,-74.03805095,"3187",40.7211236,-74.03805095,"Subscriber",1988,"Male"
"33571","2018-07-04 08:28:07.929","2018-07-04 08:41:32.337","3187",40.7211236,-74.03805095,"3213",40.71848892,-74.047726625,"Subscriber",1958,"Male"
"33571","2018-07-04 18:52:34.904","2018-07-04 18:55:27.109","3213",40.71848892,-74.047726625,"3186",40.7195861164717,-74.0431174635887,"Subscriber",1969,"Male"
"33571","2018-07-04 19:01:39.115","2018-07-04 19:04:37.252","3186",40.7195861164717,-74.0431174635887,"3213",40.71848892,-74.047726625,"Subscriber",1969,"Male"
"33571","2018-07-04 19:19:40.344","2018-07-04 19:22:22.314","3213",40.71848892,-74.047726625,"3186",40.7195861164717,-74.0431174635887,"Subscriber",1962,"Male"
"33571","2018-07-04 20:59:30.087","2018-07-04 22:30:41.445","3186",40.7195861164717,-74.0431174635887,"3275",40.7183551982321,-74.0389144420624,"Subscriber",1989,"Male"
"33571","2018-07-04 23:02:26.172","2018-07-04 23:33:02.627","3275",40.7183551982321,-74.0389144420624,"3194",40.7253399253558,-74.0676221251488,"Customer",1969,"Unknown"
"33571","2018-07-05 08:23:11.855","2018-07-05 08:27:02.104","3194",40.7253399253558,-74.0676221251488,"3195",40.7307426253066,-74.0637838840485,"Subscriber",1972,"Male"
"33571","2018-07-05 18:32:31.951","2018-07-05 18:36:19.372","3195",40.7307426253066,-74.0637838840485,"3194",40.7253399253558,-74.0676221251488,"Subscriber",1972,"Male"
"33571","2018-07-06 08:23:11.376","2018-07-06 08:26:41.557","3194",40.7253399253558,-74.0676221251488,"3195",40.7307426253066,-74.0637838840485,"Subscriber",1972,"Male"
"33571","2018-07-06 10:21:10.891","2018-07-06 10:29:08.991","3195",40.7307426253066,-74.0637838840485,"3280",40.719282200707,-74.071261882782,"Subscriber",1985,"Male"
"33571","2018-07-08 14:25:58.988","2018-07-08 14:35:32.395","3275",40.7183551982321,-74.0389144420624,"3183",40.7162469,-74.0334588,"Subscriber",1969,"Unknown"
"33571","2018-07-08 17:02:28.571","2018-07-08 17:37:56.315","3183",40.7162469,-74.0334588,"3639",40.7192517,-74.034234,"Customer",1969,"Unknown"
"33571","2018-07-08 17:40:22.248","2018-07-08 18:05:34.279","3639",40.7192517,-74.034234,"3183",40.7162469,-74.0334588,"Customer",1969,"Unknown"
"33571","2018-07-08 20:49:08.226","2018-07-08 21:15:41.72","3183",40.7162469,-74.0334588,"3183",40.7162469,-74.0334588,"Customer",1986,"Male"
"33571","2018-07-09 17:18:16.896","2018-07-09 17:31:21.96","3183",40.7162469,-74.0334588,"3278",40.725685483629,-74.0487903356552,"Subscriber",1969,"Unknown"
"33571","2018-07-10 08:15:02.098","2018-07-10 08:20:19.574","3278",40.725685483629,-74.0487903356552,"3186",40.7195861164717,-74.0431174635887,"Subscriber",1982,"Female"
"33571","2018-07-10 20:59:44.182","2018-07-10 21:01:59.454","3183",40.7162469,-74.0334588,"3184",40.7141454,-74.0335519,"Subscriber",1987,"Female"
"33571","2018-07-10 22:18:53.037","2018-07-10 22:24:40.82","3184",40.7141454,-74.0335519,"3187",40.7211236,-74.03805095,"Subscriber",1969,"Unknown"
"33571","2018-07-11 22:03:06.644","2018-07-11 22:08:57.522","3187",40.7211236,-74.03805095,"3183",40.7162469,-74.0334588,"Customer",1969,"Unknown"
"33571","2018-07-11 22:17:46.212","2018-07-11 22:26:21.808","3183",40.7162469,-74.0334588,"3269",40.7260117296463,-74.0503889322281,"Subscriber",1986,"Male"
"33571","2018-07-12 05:21:38.745","2018-07-12 05:25:56.017","3269",40.7260117296463,-74.0503889322281,"3186",40.7195861164717,-74.0431174635887,"Subscriber",1985,"Male"
"33571","2018-07-12 08:47:12.298","2018-07-12 08:56:54.258","3194",40.7253399253558,-74.0676221251488,"3273",40.72165072488,-74.0428841114044,"Subscriber",1991,"Male"
"33571","2018-07-12 18:38:09.349","2018-07-12 18:50:42.913","3273",40.72165072488,-74.0428841114044,"3194",40.7253399253558,-74.0676221251488,"Subscriber",1991,"Male"
"33571","2018-07-13 10:34:19.219","2018-07-13 10:48:35.962","3194",40.7253399253558,-74.0676221251488,"3220",40.7349610200095,-74.0595030784607,"Subscriber",1962,"Male"
"33571","2018-07-14 20:55:04.962","2018-07-14 21:05:38.753","3220",40.7349610200095,-74.0595030784607,"3198",40.7487159453802,-74.0404433012009,"Subscriber",1978,"Male"
"33571","2018-07-15 14:12:29.465","2018-07-15 14:36:43.286","3198",40.7487159453802,-74.0404433012009,"3198",40.7487159453802,-74.0404433012009,"Subscriber",1990,"Female"
"33571","2018-07-16 15:33:11.847","2018-07-16 15:42:23.046","3198",40.7487159453802,-74.0404433012009,"3206",40.7311689,-74.0575736,"Subscriber",1978,"Male"
"33571","2018-07-16 16:52:07.46","2018-07-16 17:07:14.125","3206",40.7311689,-74.0575736,"3198",40.7487159453802,-74.0404433012009,"Subscriber",1980,"Male"
"33571","2018-07-17 15:36:11.644","2018-07-17 15:46:20.811","3198",40.7487159453802,-74.0404433012009,"3206",40.7311689,-74.0575736,"Subscriber",1978,"Male"
"33571","2018-07-17 20:29:09.323","2018-07-17 20:40:16.21","3206",40.7311689,-74.0575736,"3678",40.7257261374256,-74.0719592571259,"Subscriber",1982,"Male"
"33571","2018-07-17 22:27:34.822","2018-07-17 22:32:58.593","3678",40.7257261374256,-74.0719592571259,"3195",40.7307426253066,-74.0637838840485,"Subscriber",1994,"Female"
"33571","2018-07-17 22:34:27.46","2018-07-17 22:37:53.017","3195",40.7307426253066,-74.0637838840485,"3194",40.7253399253558,-74.0676221251488,"Subscriber",1994,"Male"
"33571","2018-07-18 08:45:42.367","2018-07-18 08:52:20.832","3194",40.7253399253558,-74.0676221251488,"3195",40.7307426253066,-74.0637838840485,"Subscriber",1972,"Male"
"33571","2018-07-18 12:01:51.251","2018-07-18 12:12:04.169","3195",40.7307426253066,-74.0637838840485,"3202",40.7272235,-74.0337589,"Subscriber",1992,"Male"
"33571","2018-07-18 16:56:52.768","2018-07-18 17:02:56.448","3202",40.7272235,-74.0337589,"3184",40.7141454,-74.0335519,"Subscriber",1981,"Male"
"33571","2018-07-18 17:17:37.094","2018-07-18 17:29:19.352","3184",40.7141454,-74.0335519,"3186",40.7195861164717,-74.0431174635887,"Subscriber",1977,"Male"
"33571","2018-07-18 17:36:55.368","2018-07-18 17:42:35.798","3186",40.7195861164717,-74.0431174635887,"3209",40.7241765,-74.0506564,"Subscriber",1990,"Male"
"33571","2018-07-19 08:22:38.687","2018-07-19 08:27:17.803","3209",40.7241765,-74.0506564,"3186",40.7195861164717,-74.0431174635887,"Subscriber",1990,"Male"
"33571","2018-07-19 18:36:15.46","2018-07-19 18:39:53.511","3186",40.7195861164717,-74.0431174635887,"3203",40.727595966,-74.044247311,"Subscriber",1976,"Male"
"33571","2018-07-19 22:38:46.255","2018-07-19 22:46:08.456","3203",40.727595966,-74.044247311,"3279",40.7216301426384,-74.0499678254128,"Subscriber",1988,"Female"
"33571","2018-07-20 17:39:39.809","2018-07-20 17:50:24.663","3279",40.7216301426384,-74.0499678254128,"3183",40.7162469,-74.0334588,"Subscriber",1988,"Female"
"33571","2018-07-20 17:52:33.855","2018-07-20 17:54:08.858","3183",40.7162469,-74.0334588,"3184",40.7141454,-74.0335519,"Subscriber",1960,"Male"
"33571","2018-07-20 18:06:44.425","2018-07-20 18:11:57.636","3184",40.7141454,-74.0335519,"3186",40.7195861164717,-74.0431174635887,"Subscriber",1962,"Male"
"33571","2018-07-20 18:23:08.017","2018-07-20 18:28:04.942","3186",40.7195861164717,-74.0431174635887,"3203",40.727595966,-74.044247311,"Subscriber",1973,"Male"
"33571","2018-07-20 20:24:31.354","2018-07-20 20:38:41.173","3183",40.7162469,-74.0334588,"3194",40.7253399253558,-74.0676221251488,"Subscriber",1985,"Male"
"33571","2018-07-21 09:49:34.782","2018-07-21 09:53:14.25","3194",40.7253399253558,-74.0676221251488,"3195",40.7307426253066,-74.0637838840485,"Subscriber",1990,"Male"
"33571","2018-07-21 10:45:58.023","2018-07-21 10:54:44.228","3195",40.7307426253066,-74.0637838840485,"3207",40.7376037,-74.0524783,"Subscriber",1955,"Female"
"33571","2018-07-21 12:03:20.813","2018-07-21 12:12:52.356","3207",40.7376037,-74.0524783,"3640",40.73367,-74.0625,"Subscriber",1979,"Male"
"33571","2018-07-21 12:35:27.393","2018-07-21 13:07:00.257","3640",40.73367,-74.0625,"3199",40.7287448,-74.0321082,"Subscriber",1979,"Male"
"33571","2018-07-21 13:30:31.059","2018-07-21 13:36:29.937","3199",40.7287448,-74.0321082,"3639",40.7192517,-74.034234,"Subscriber",1988,"Male"
"33571","2018-07-21 14:36:40.456","2018-07-21 14:40:56.308","3639",40.7192517,-74.034234,"3184",40.7141454,-74.0335519,"Subscriber",1983,"Male"
"33571","2018-07-21 15:00:51.912","2018-07-21 15:17:47.991","3184",40.7141454,-74.0335519,"3207",40.7376037,-74.0524783,"Subscriber",1992,"Female"
"33571","2018-07-22 13:19:58.595","2018-07-22 13:33:55.382","3207",40.7376037,-74.0524783,"3196",40.7443187,-74.0439909,"Subscriber",1989,"Female"
"33571","2018-07-22 16:52:23.847","2018-07-22 16:55:58.846","3196",40.7443187,-74.0439909,"3198",40.7487159453802,-74.0404433012009,"Subscriber",1990,"Female"
"33571","2018-07-22 17:06:16.69","2018-07-22 17:17:03.821","3198",40.7487159453802,-74.0404433012009,"3269",40.7260117296463,-74.0503889322281,"Subscriber",1989,"Female"
"33571","2018-07-23 05:55:17.202","2018-07-23 06:00:20.453","3269",40.7260117296463,-74.0503889322281,"3186",40.7195861164717,-74.0431174635887,"Subscriber",1958,"Male"
"33571","2018-07-23 08:33:40.003","2018-07-23 08:37:01.613","3194",40.7253399253558,-74.0676221251488,"3195",40.7307426253066,-74.0637838840485,"Subscriber",1990,"Male"
"33571","2018-07-23 13:54:01.291","2018-07-23 14:05:55.937","3195",40.7307426253066,-74.0637838840485,"3210",40.742677141,-74.051788633,"Subscriber",1989,"Male"
"33571","2018-07-24 07:50:06.43","2018-07-24 07:56:35.229","3210",40.742677141,-74.051788633,"3195",40.7307426253066,-74.0637838840485,"Subscriber",1979,"Male"
"33571","2018-07-24 08:18:23.413","2018-07-24 08:31:47.142","3195",40.7307426253066,-74.0637838840485,"3638",40.7242941,-74.0354826,"Subscriber",1959,"Male"
"33571","2018-07-24 20:28:59.126","2018-07-24 20:31:14.54","3638",40.7242941,-74.0354826,"3187",40.7211236,-74.03805095,"Subscriber",1967,"Male"
"33571","2018-07-24 21:44:13.678","2018-07-24 21:51:45.657","3187",40.7211236,-74.03805095,"3199",40.7287448,-74.0321082,"Subscriber",1980,"Male"
"33571","2018-07-24 22:16:24.019","2018-07-24 22:18:14.629","3199",40.7287448,-74.0321082,"3202",40.7272235,-74.0337589,"Subscriber",1979,"Male"
"33571","2018-07-24 22:32:15.927","2018-07-24 22:36:49.849","3202",40.7272235,-74.0337589,"3187",40.7211236,-74.03805095,"Subscriber",1987,"Male"
"33571","2018-07-25 09:14:55.086","2018-07-25 09:19:56.877","3187",40.7211236,-74.03805095,"3639",40.7192517,-74.034234,"Subscriber",1958,"Male"
"33571","2018-07-25 09:45:59.354","2018-07-25 09:49:46.229","3639",40.7192517,-74.034234,"3187",40.7211236,-74.03805095,"Subscriber",1958,"Male"
"33571","2018-07-25 10:27:45.739","2018-07-25 10:32:15.089","3187",40.7211236,-74.03805095,"3202",40.7272235,-74.0337589,"Subscriber",1988,"Male"
"33571","2018-07-25 17:31:48.35","2018-07-25 17:33:49.682","3202",40.7272235,-74.0337589,"3199",40.7287448,-74.0321082,"Subscriber",1985,"Male"
"33571","2018-07-25 18:01:56.526","2018-07-25 18:04:05.509","3199",40.7287448,-74.0321082,"3202",40.7272235,-74.0337589,"Subscriber",1981,"Male"
"33571","2018-07-25 18:07:21.158","2018-07-25 18:14:12.246","3202",40.7272235,-74.0337589,"3203",40.727595966,-74.044247311,"Subscriber",1966,"Male"
"33571","2018-07-25 19:04:07.504","2018-07-25 19:07:54.092","3203",40.727595966,-74.044247311,"3273",40.72165072488,-74.0428841114044,"Subscriber",1973,"Female"
"33571","2018-07-25 19:09:34.183","2018-07-25 19:15:11.108","3273",40.72165072488,-74.0428841114044,"3203",40.727595966,-74.044247311,"Subscriber",1970,"Female"
"33571","2018-07-25 19:19:04.536","2018-07-25 19:22:22.576","3203",40.727595966,-74.044247311,"3211",40.72152515,-74.046304543,"Subscriber",1987,"Female"
"33571","2018-07-25 21:14:47.789","2018-07-25 21:35:01.732","3211",40.72152515,-74.046304543,"3225",40.7236589,-74.0641943,"Subscriber",1977,"Female"
"33571","2018-07-26 06:34:44.162","2018-07-26 06:49:26.807","3225",40.7236589,-74.0641943,"3199",40.7287448,-74.0321082,"Subscriber",1984,"Male"
"33571","2018-07-26 08:40:12.563","2018-07-26 08:48:49.215","3199",40.7287448,-74.0321082,"3214",40.7127742,-74.0364857,"Subscriber",1988,"Male"
"33571","2018-07-26 18:54:03.001","2018-07-26 19:00:34.307","3184",40.7141454,-74.0335519,"3272",40.7233315864644,-74.0459525585174,"Subscriber",1991,"Male"
"33571","2018-07-26 19:12:34.824","2018-07-26 19:17:19.124","3272",40.7233315864644,-74.0459525585174,"3273",40.72165072488,-74.0428841114044,"Subscriber",1993,"Female"
"33571","2018-07-26 23:07:43.418","2018-07-26 23:11:40.283","3273",40.72165072488,-74.0428841114044,"3203",40.727595966,-74.044247311,"Subscriber",1990,"Male"
"33571","2018-07-27 09:16:14.828","2018-07-27 09:24:12.959","3203",40.727595966,-74.044247311,"3639",40.7192517,-74.034234,"Subscriber",1970,"Male"
"33571","2018-07-27 13:12:19.709","2018-07-27 13:17:55.583","3639",40.7192517,-74.034234,"3202",40.7272235,-74.0337589,"Subscriber",1988,"Male"
"33571","2018-07-27 14:13:01.196","2018-07-27 14:27:57.024","3202",40.7272235,-74.0337589,"3187",40.7211236,-74.03805095,"Subscriber",1991,"Male"
"33571","2018-07-28 15:41:32.956","2018-07-28 15:44:58.132","3187",40.7211236,-74.03805095,"3183",40.7162469,-74.0334588,"Subscriber",1991,"Male"
"33571","2018-07-28 17:59:20.01","2018-07-28 18:11:25.408","3183",40.7162469,-74.0334588,"3483",40.71942,-74.05099,"Subscriber",1995,"Male"
"33571","2018-07-28 18:12:45.862","2018-07-28 18:21:12.321","3483",40.71942,-74.05099,"3267",40.7124188237569,-74.0385255217552,"Subscriber",1987,"Male"
"33571","2018-07-28 19:08:24.588","2018-07-28 19:11:30.018","3267",40.7124188237569,-74.0385255217552,"3183",40.7162469,-74.0334588,"Subscriber",1980,"Male"
"33571","2018-07-28 19:18:37.538","2018-07-28 19:31:55.182","3183",40.7162469,-74.0334588,"3192",40.7112423,-74.0557013,"Subscriber",1986,"Male"
"33571","2018-07-29 10:38:47.368","2018-07-29 11:30:15.224","3192",40.7112423,-74.0557013,"3192",40.7112423,-74.0557013,"Customer",1969,"Unknown"
"33571","2018-07-29 13:27:49.375","2018-07-29 14:20:40.827","3192",40.7112423,-74.0557013,"3192",40.7112423,-74.0557013,"Customer",1969,"Unknown"
"33571","2018-07-29 14:30:55.643","2018-07-29 15:14:08.371","3192",40.7112423,-74.0557013,"3192",40.7112423,-74.0557013,"Customer",1969,"Unknown"
"33571","2018-07-29 16:33:22.322","2018-07-29 18:12:13.279","3192",40.7112423,-74.0557013,"3192",40.7112423,-74.0557013,"Customer",1969,"Unknown"
"33571","2018-07-30 07:27:34.433","2018-07-30 07:41:55.543","3192",40.7112423,-74.0557013,"3183",40.7162469,-74.0334588,"Subscriber",1993,"Female"
"33571","2018-07-30 10:52:28.019","2018-07-30 10:56:47.561","3270",40.7252891078113,-74.0455716848373,"3186",40.7195861164717,-74.0431174635887,"Subscriber",1973,"Male"
"33571","2018-07-30 15:32:37.183","2018-07-30 15:37:43.907","3186",40.7195861164717,-74.0431174635887,"3278",40.725685483629,-74.0487903356552,"Subscriber",1982,"Female"
"33571","2018-07-30 18:14:39.769","2018-07-30 18:19:06.216","3278",40.725685483629,-74.0487903356552,"3273",40.72165072488,-74.0428841114044,"Subscriber",1982,"Female"
"33571","2018-07-30 19:35:09.533","2018-07-30 19:37:44.323","3273",40.72165072488,-74.0428841114044,"3272",40.7233315864644,-74.0459525585174,"Subscriber",1958,"Male"
"33571","2018-07-31 09:04:02.085","2018-07-31 09:06:42.106","3272",40.7233315864644,-74.0459525585174,"3186",40.7195861164717,-74.0431174635887,"Subscriber",1988,"Male"
"33571","2018-07-31 12:14:28.683","2018-07-31 12:29:15.492","3211",40.72152515,-74.046304543,"3211",40.72152515,-74.046304543,"Subscriber",1981,"Female"
"33571","2018-07-31 14:45:22.554","2018-07-31 14:52:36.394","3211",40.72152515,-74.046304543,"3199",40.7287448,-74.0321082,"Subscriber",1991,"Male"
"33571","2018-07-31 16:28:54.391","2018-07-31 16:38:09.088","3199",40.7287448,-74.0321082,"3272",40.7233315864644,-74.0459525585174,"Subscriber",1991,"Male"
"33571","2018-07-31 18:33:26.742","2018-07-31 18:36:22.441","3272",40.7233315864644,-74.0459525585174,"3278",40.725685483629,-74.0487903356552,"Subscriber",1972,"Male"
"33571","2018-07-31 21:14:35.792","2018-07-31 21:17:31.652","3202",40.7272235,-74.0337589,"3199",40.7287448,-74.0321082,"Subscriber",1987,"Female"
"33571","2018-07-31 23:10:20.048","2018-07-31 23:25:53.827","3199",40.7287448,-74.0321082,"3183",40.7162469,-74.0334588,"Subscriber",1969,"Unknown"
"33571","2018-07-31 23:30:27.017","2018-07-31 23:33:37.092","3183",40.7162469,-74.0334588,"3267",40.7124188237569,-74.0385255217552,"Subscriber",1988,"Male"
"33571","2018-08-01 07:26:57.165","2018-08-01 07:31:58.108","3267",40.7124188237569,-74.0385255217552,"3183",40.7162469,-74.0334588,"Subscriber",1970,"Male"
"33571","2018-08-01 16:44:41.015","2018-08-01 16:52:56.393","3183",40.7162469,-74.0334588,"3203",40.727595966,-74.044247311,"Subscriber",1971,"Male"
"33571","2018-08-01 16:53:41.775","2018-08-01 16:56:38.894","3203",40.727595966,-74.044247311,"3272",40.7233315864644,-74.0459525585174,"Subscriber",1988,"Female"
"33571","2018-08-01 17:21:52.237","2018-08-01 17:24:54.474","3272",40.7233315864644,-74.0459525585174,"3203",40.727595966,-74.044247311,"Subscriber",1988,"Female"
"33571","2018-08-01 17:25:40.484","2018-08-01 17:29:54.398","3203",40.727595966,-74.044247311,"3273",40.72165072488,-74.0428841114044,"Subscriber",1990,"Female"
"33571","2018-08-01 18:38:40.828","2018-08-01 18:41:54.956","3273",40.72165072488,-74.0428841114044,"3270",40.7252891078113,-74.0455716848373,"Subscriber",1979,"Female"
"33571","2018-08-01 19:38:48.851","2018-08-01 19:42:53.713","3195",40.7307426253066,-74.0637838840485,"3225",40.7236589,-74.0641943,"Subscriber",1989,"Male"
"33571","2018-08-01 20:02:14.37","2018-08-01 20:15:33.646","3225",40.7236589,-74.0641943,"3210",40.742677141,-74.051788633,"Subscriber",1994,"Male"
"33571","2018-08-02 06:51:50.17","2018-08-02 06:58:15.266","3210",40.742677141,-74.051788633,"3195",40.7307426253066,-74.0637838840485,"Subscriber",1981,"Male"
"33571","2018-08-02 18:18:24.858","2018-08-02 18:26:23.687","3195",40.7307426253066,-74.0637838840485,"3280",40.719282200707,-74.071261882782,"Subscriber",1962,"Male"
"33571","2018-08-03 14:01:18.663","2018-08-03 14:11:48.803","3280",40.719282200707,-74.071261882782,"3195",40.7307426253066,-74.0637838840485,"Subscriber",1953,"Female"
"33571","2018-08-03 17:35:04.606","2018-08-03 17:45:22.884","3195",40.7307426253066,-74.0637838840485,"3210",40.742677141,-74.051788633,"Subscriber",1987,"Male"
"33571","2018-08-03 19:50:21.344","2018-08-03 20:13:47.078","3210",40.742677141,-74.051788633,"3210",40.742677141,-74.051788633,"Subscriber",1981,"Male"
"33571","2018-08-05 08:03:50.733","2018-08-05 08:09:49.764","3210",40.742677141,-74.051788633,"3198",40.7487159453802,-74.0404433012009,"Subscriber",1978,"Male"
"33571","2018-08-05 11:01:45.273","2018-08-05 11:23:19.873","3198",40.7487159453802,-74.0404433012009,"3207",40.7376037,-74.0524783,"Subscriber",1993,"Male"
"33571","2018-08-05 12:34:49.701","2018-08-05 12:55:57.741","3207",40.7376037,-74.0524783,"3210",40.742677141,-74.051788633,"Customer",1962,"Female"
"33571","2018-08-06 08:37:35.343","2018-08-06 08:53:07.344","3210",40.742677141,-74.051788633,"3199",40.7287448,-74.0321082,"Subscriber",1983,"Male"
"33571","2018-08-06 13:02:31.588","2018-08-06 13:09:29.382","3199",40.7287448,-74.0321082,"3187",40.7211236,-74.03805095,"Subscriber",1982,"Male"
"33571","2018-08-06 18:28:23.979","2018-08-06 18:32:28.459","3183",40.7162469,-74.0334588,"3276",40.7145840353589,-74.042817056179,"Subscriber",1986,"Male"
"33571","2018-08-07 08:24:05.873","2018-08-07 08:28:14.555","3276",40.7145840353589,-74.042817056179,"3214",40.7127742,-74.0364857,"Subscriber",1988,"Female"
"33571","2018-08-07 08:50:18.058","2018-08-07 08:53:34.158","3214",40.7127742,-74.0364857,"3183",40.7162469,-74.0334588,"Subscriber",1993,"Male"
"33571","2018-08-07 21:40:49.194","2018-08-07 21:46:01.723","3195",40.7307426253066,-74.0637838840485,"3678",40.7257261374256,-74.0719592571259,"Subscriber",1987,"Male"
"33571","2018-08-08 07:54:46.533","2018-08-08 08:00:55.371","3678",40.7257261374256,-74.0719592571259,"3195",40.7307426253066,-74.0637838840485,"Subscriber",1980,"Male"
"33571","2018-08-08 08:02:27.704","2018-08-08 08:12:30.375","3195",40.7307426253066,-74.0637838840485,"3193",40.7246050998869,-74.0784059464931,"Subscriber",1985,"Female"
"33571","2018-08-08 18:26:00.398","2018-08-08 18:36:25.338","3195",40.7307426253066,-74.0637838840485,"3193",40.7246050998869,-74.0784059464931,"Subscriber",1975,"Male"
"33571","2018-08-09 06:41:08.488","2018-08-09 06:48:50.95","3193",40.7246050998869,-74.0784059464931,"3195",40.7307426253066,-74.0637838840485,"Subscriber",1990,"Female"
"33571","2018-08-09 09:30:05.455","2018-08-09 09:35:51.215","3195",40.7307426253066,-74.0637838840485,"3280",40.719282200707,-74.071261882782,"Subscriber",1988,"Male"
"33571","2018-08-09 10:07:43.813","2018-08-09 10:17:03.645","3280",40.719282200707,-74.071261882782,"3195",40.7307426253066,-74.0637838840485,"Subscriber",1986,"Female"
"33571","2018-08-09 18:47:31.771","2018-08-09 18:53:34.017","3195",40.7307426253066,-74.0637838840485,"3678",40.7257261374256,-74.0719592571259,"Subscriber",1989,"Male"
"33571","2018-08-09 18:54:08.262","2018-08-09 19:20:53.359","3678",40.7257261374256,-74.0719592571259,"3203",40.727595966,-74.044247311,"Subscriber",1992,"Male"
"33571","2018-08-09 21:24:34.647","2018-08-09 21:27:13.74","3203",40.727595966,-74.044247311,"3272",40.7233315864644,-74.0459525585174,"Subscriber",1974,"Male"
"33571","2018-08-10 08:59:53.003","2018-08-10 09:02:12.839","3272",40.7233315864644,-74.0459525585174,"3186",40.7195861164717,-74.0431174635887,"Subscriber",1981,"Male"
"33571","2018-08-10 10:24:33.773","2018-08-10 10:26:30.431","3276",40.7145840353589,-74.042817056179,"3185",40.7177325,-74.043845,"Subscriber",1972,"Male"
"33571","2018-08-10 21:09:35.264","2018-08-10 21:13:41.322","3185",40.7177325,-74.043845,"3187",40.7211236,-74.03805095,"Subscriber",1983,"Female"
"33571","2018-08-11 12:38:48.931","2018-08-11 12:41:39.569","3187",40.7211236,-74.03805095,"3186",40.7195861164717,-74.0431174635887,"Subscriber",1991,"Male"
"33571","2018-08-11 13:20:58.431","2018-08-11 13:24:35.27","3186",40.7195861164717,-74.0431174635887,"3187",40.7211236,-74.03805095,"Subscriber",1991,"Male"
"33571","2018-08-11 17:25:37.111","2018-08-11 17:29:58.411","3187",40.7211236,-74.03805095,"3202",40.7272235,-74.0337589,"Subscriber",1960,"Male"
"33571","2018-08-11 17:32:20.203","2018-08-11 17:51:57.39","3202",40.7272235,-74.0337589,"3187",40.7211236,-74.03805095,"Subscriber",1960,"Male"
"33571","2018-08-11 20:34:16.751","2018-08-11 20:48:43.829","3187",40.7211236,-74.03805095,"3187",40.7211236,-74.03805095,"Subscriber",1992,"Male"
"33571","2018-08-12 13:49:24.374","2018-08-12 13:55:57.376","3187",40.7211236,-74.03805095,"3276",40.7145840353589,-74.042817056179,"Subscriber",1986,"Male"
"33571","2018-08-12 14:06:53.82","2018-08-12 14:12:09.849","3276",40.7145840353589,-74.042817056179,"3186",40.7195861164717,-74.0431174635887,"Subscriber",1986,"Male"
"33571","2018-08-13 09:17:22.688","2018-08-13 09:23:33.301","3203",40.727595966,-74.044247311,"3202",40.7272235,-74.0337589,"Subscriber",1969,"Male"
"33571","2018-08-13 13:34:43.362","2018-08-13 13:40:24.238","3202",40.7272235,-74.0337589,"3639",40.7192517,-74.034234,"Subscriber",1981,"Female"
"33571","2018-08-13 18:56:48.975","2018-08-13 19:13:25.329","3639",40.7192517,-74.034234,"3210",40.742677141,-74.051788633,"Subscriber",1987,"Male"
"33571","2018-08-14 08:50:22.146","2018-08-14 08:59:02.097","3210",40.742677141,-74.051788633,"3210",40.742677141,-74.051788633,"Subscriber",1981,"Male"
"33571","2018-08-14 09:05:10.562","2018-08-14 09:10:14.716","3210",40.742677141,-74.051788633,"3220",40.7349610200095,-74.0595030784607,"Subscriber",1984,"Male"
"33571","2018-08-14 09:32:54.509","2018-08-14 09:45:31.204","3220",40.7349610200095,-74.0595030784607,"3275",40.7183551982321,-74.0389144420624,"Subscriber",1987,"Male"
"33571","2018-08-14 13:30:02.193","2018-08-14 13:34:15.578","3275",40.7183551982321,-74.0389144420624,"3211",40.72152515,-74.046304543,"Subscriber",1983,"Male"
"33571","2018-08-14 13:39:36.01","2018-08-14 13:44:25.765","3211",40.72152515,-74.046304543,"3275",40.7183551982321,-74.0389144420624,"Subscriber",1983,"Male"
"33571","2018-08-14 15:02:06.281","2018-08-14 15:07:53.92","3275",40.7183551982321,-74.0389144420624,"3276",40.7145840353589,-74.042817056179,"Subscriber",1972,"Male"
"33571","2018-08-15 05:37:02.612","2018-08-15 05:40:22.63","3276",40.7145840353589,-74.042817056179,"3186",40.7195861164717,-74.0431174635887,"Subscriber",1979,"Female"
"33571","2018-08-15 08:33:33.911","2018-08-15 08:39:01.553","3207",40.7376037,-74.0524783,"3195",40.7307426253066,-74.0637838840485,"Subscriber",1981,"Male"
"33571","2018-08-15 17:37:31.574","2018-08-15 17:43:27.976","3195",40.7307426253066,-74.0637838840485,"3679",40.722103786686,-74.0714550018311,"Subscriber",1984,"Male"
"33571","2018-08-15 18:07:50.096","2018-08-15 18:13:37.549","3679",40.722103786686,-74.0714550018311,"3195",40.7307426253066,-74.0637838840485,"Subscriber",1964,"Male"
"33571","2018-08-15 18:36:37.64","2018-08-15 18:44:47.462","3195",40.7307426253066,-74.0637838840485,"3280",40.719282200707,-74.071261882782,"Subscriber",1962,"Male"
"33571","2018-08-16 10:08:38.292","2018-08-16 10:19:49.495","3280",40.719282200707,-74.071261882782,"3220",40.7349610200095,-74.0595030784607,"Subscriber",1988,"Male"
"33571","2018-08-17 08:01:45.348","2018-08-17 08:13:07.37","3220",40.7349610200095,-74.0595030784607,"3638",40.7242941,-74.0354826,"Subscriber",1982,"Male"
"33571","2018-08-17 12:08:34.313","2018-08-17 12:12:09.526","3638",40.7242941,-74.0354826,"3639",40.7192517,-74.034234,"Subscriber",1979,"Male"
"33571","2018-08-17 13:10:53.568","2018-08-17 13:14:00.882","3639",40.7192517,-74.034234,"3638",40.7242941,-74.0354826,"Subscriber",1979,"Male"
"33571","2018-08-17 13:39:18.651","2018-08-17 13:56:29.695","3638",40.7242941,-74.0354826,"3638",40.7242941,-74.0354826,"Customer",1995,"Male"
"33571","2018-08-17 16:36:29.752","2018-08-17 16:42:09.285","3638",40.7242941,-74.0354826,"3183",40.7162469,-74.0334588,"Subscriber",1989,"Male"
"33571","2018-08-17 17:14:51.383","2018-08-17 17:18:16.285","3183",40.7162469,-74.0334588,"3214",40.7127742,-74.0364857,"Subscriber",1960,"Male"
"33571","2018-08-17 19:37:49.882","2018-08-17 19:39:37.452","3214",40.7127742,-74.0364857,"3267",40.7124188237569,-74.0385255217552,"Subscriber",1975,"Male"
"33571","2018-08-18 13:23:54.558","2018-08-18 13:34:44.294","3267",40.7124188237569,-74.0385255217552,"3278",40.725685483629,-74.0487903356552,"Subscriber",1981,"Female"
"33571","2018-08-18 15:02:17.157","2018-08-18 15:04:54.096","3278",40.725685483629,-74.0487903356552,"3211",40.72152515,-74.046304543,"Subscriber",1988,"Male"
"33571","2018-08-18 20:38:17.557","2018-08-18 20:41:24.688","3211",40.72152515,-74.046304543,"3270",40.7252891078113,-74.0455716848373,"Subscriber",1992,"Female"
"33571","2018-08-18 22:26:12.493","2018-08-18 22:29:18.519","3270",40.7252891078113,-74.0455716848373,"3211",40.72152515,-74.046304543,"Subscriber",1992,"Female"
"33571","2018-08-19 02:00:58.223","2018-08-19 02:03:55.473","3211",40.72152515,-74.046304543,"3270",40.7252891078113,-74.0455716848373,"Subscriber",1992,"Female"
"33571","2018-08-19 13:16:40.622","2018-08-19 13:20:19.358","3270",40.7252891078113,-74.0455716848373,"3269",40.7260117296463,-74.0503889322281,"Subscriber",1988,"Male"
"33571","2018-08-19 13:33:50.356","2018-08-19 13:37:05.492","3269",40.7260117296463,-74.0503889322281,"3279",40.7216301426384,-74.0499678254128,"Subscriber",1988,"Male"
"33571","2018-08-19 15:59:13.913","2018-08-19 16:07:56.649","3279",40.7216301426384,-74.0499678254128,"3184",40.7141454,-74.0335519,"Subscriber",1982,"Male"
"33571","2018-08-19 20:26:24.613","2018-08-19 20:36:14.687","3184",40.7141454,-74.0335519,"3186",40.7195861164717,-74.0431174635887,"Subscriber",1986,"Male"
"33571","2018-08-19 20:41:30.804","2018-08-19 20:52:06.836","3186",40.7195861164717,-74.0431174635887,"3214",40.7127742,-74.0364857,"Subscriber",1986,"Male"
"33571","2018-08-19 23:53:06.157","2018-08-20 00:00:33.315","3214",40.7127742,-74.0364857,"3214",40.7127742,-74.0364857,"Subscriber",1995,"Female"
"33571","2018-08-20 06:00:56.851","2018-08-20 06:23:30.102","3214",40.7127742,-74.0364857,"3214",40.7127742,-74.0364857,"Subscriber",1994,"Male"
"33571","2018-08-20 08:25:27.799","2018-08-20 08:28:35.197","3214",40.7127742,-74.0364857,"3183",40.7162469,-74.0334588,"Subscriber",1976,"Male"
"33571","2018-08-20 11:19:32.569","2018-08-20 11:27:05.471","3272",40.7233315864644,-74.0459525585174,"3203",40.727595966,-74.044247311,"Subscriber",1988,"Female"
"33571","2018-08-20 15:56:01.966","2018-08-20 16:03:44.152","3203",40.727595966,-74.044247311,"3213",40.71848892,-74.047726625,"Subscriber",1978,"Unknown"
"33571","2018-08-21 06:56:08.003","2018-08-21 06:59:52.37","3213",40.71848892,-74.047726625,"3272",40.7233315864644,-74.0459525585174,"Subscriber",1962,"Female"
"33571","2018-08-21 07:52:39.706","2018-08-21 07:56:34.304","3272",40.7233315864644,-74.0459525585174,"3213",40.71848892,-74.047726625,"Subscriber",1962,"Female"
"33571","2018-08-21 07:58:51.688","2018-08-21 08:00:48.179","3213",40.71848892,-74.047726625,"3186",40.7195861164717,-74.0431174635887,"Subscriber",1986,"Male"
"33571","2018-08-21 18:10:51.807","2018-08-21 18:15:33.966","3186",40.7195861164717,-74.0431174635887,"3269",40.7260117296463,-74.0503889322281,"Subscriber",1992,"Female"
"33571","2018-08-21 19:08:25.293","2018-08-21 19:13:50.45","3186",40.7195861164717,-74.0431174635887,"3203",40.727595966,-74.044247311,"Subscriber",1985,"Female"
"33571","2018-08-21 19:48:14.003","2018-08-21 19:54:50.27","3203",40.727595966,-74.044247311,"3199",40.7287448,-74.0321082,"Subscriber",1966,"Male"
"33571","2018-08-22 08:47:02.593","2018-08-22 08:55:20.336","3199",40.7287448,-74.0321082,"3183",40.7162469,-74.0334588,"Subscriber",1991,"Male"
"33571","2018-08-22 17:45:04.574","2018-08-22 17:50:38.481","3183",40.7162469,-74.0334588,"3276",40.7145840353589,-74.042817056179,"Subscriber",1969,"Male"
"33571","2018-08-22 17:55:00.225","2018-08-22 17:59:00.494","3276",40.7145840353589,-74.042817056179,"3186",40.7195861164717,-74.0431174635887,"Subscriber",1994,"Male"
"33571","2018-08-22 18:00:32.685","2018-08-22 18:05:23.454","3186",40.7195861164717,-74.0431174635887,"3203",40.727595966,-74.044247311,"Subscriber",1984,"Male"
"33571","2018-08-22 18:45:47.697","2018-08-22 18:59:40.454","3203",40.727595966,-74.044247311,"3198",40.7487159453802,-74.0404433012009,"Subscriber",1978,"Male"
"33571","2018-08-22 22:15:09.989","2018-08-22 22:39:33.716","3198",40.7487159453802,-74.0404433012009,"3640",40.73367,-74.0625,"Subscriber",1992,"Female"
"33571","2018-08-23 00:20:50.301","2018-08-23 00:25:33.649","3640",40.73367,-74.0625,"3207",40.7376037,-74.0524783,"Subscriber",1983,"Male"
"33571","2018-08-23 07:44:56.203","2018-08-23 07:49:04.94","3207",40.7376037,-74.0524783,"3640",40.73367,-74.0625,"Subscriber",1985,"Male"
"33571","2018-08-23 09:41:15.756","2018-08-23 09:45:44.886","3640",40.73367,-74.0625,"3201",40.737711,-74.066921,"Subscriber",1973,"Male"
"33571","2018-08-23 19:09:39.559","2018-08-23 19:20:31.975","3201",40.737711,-74.066921,"3211",40.72152515,-74.046304543,"Subscriber",1989,"Male"
"33571","2018-08-23 19:24:51.98","2018-08-23 19:27:31.937","3211",40.72152515,-74.046304543,"3209",40.7241765,-74.0506564,"Subscriber",1981,"Male"
"33571","2018-08-23 21:52:01.928","2018-08-23 21:56:02.854","3209",40.7241765,-74.0506564,"3186",40.7195861164717,-74.0431174635887,"Subscriber",1986,"Male"
"33571","2018-08-23 22:08:59.586","2018-08-23 22:12:21.761","3186",40.7195861164717,-74.0431174635887,"3213",40.71848892,-74.047726625,"Subscriber",1984,"Male"
"33571","2018-08-24 06:53:36.994","2018-08-24 06:56:20.511","3213",40.71848892,-74.047726625,"3272",40.7233315864644,-74.0459525585174,"Subscriber",1962,"Male"
"33571","2018-08-24 07:55:28.449","2018-08-24 08:00:36.717","3272",40.7233315864644,-74.0459525585174,"3213",40.71848892,-74.047726625,"Subscriber",1962,"Male"
"33571","2018-08-24 08:09:25.38","2018-08-24 08:12:49.536","3213",40.71848892,-74.047726625,"3272",40.7233315864644,-74.0459525585174,"Subscriber",1962,"Female"
"33571","2018-08-24 08:19:36.06","2018-08-24 08:23:18.781","3272",40.7233315864644,-74.0459525585174,"3213",40.71848892,-74.047726625,"Subscriber",1962,"Female"
"33571","2018-08-24 09:01:19.272","2018-08-24 09:03:50.378","3213",40.71848892,-74.047726625,"3186",40.7195861164717,-74.0431174635887,"Subscriber",1983,"Male"
"33571","2018-08-24 18:16:47.208","2018-08-24 18:32:20.502","3186",40.7195861164717,-74.0431174635887,"3278",40.725685483629,-74.0487903356552,"Subscriber",1954,"Female"
"33571","2018-08-25 08:54:34.931","2018-08-25 08:59:34.821","3278",40.725685483629,-74.0487903356552,"3273",40.72165072488,-74.0428841114044,"Subscriber",1969,"Unknown"
"33571","2018-08-25 12:29:28.213","2018-08-25 12:38:38.567","3273",40.72165072488,-74.0428841114044,"3202",40.7272235,-74.0337589,"Subscriber",1983,"Female"
"33571","2018-08-25 18:09:42.345","2018-08-25 18:27:13.394","3202",40.7272235,-74.0337589,"3225",40.7236589,-74.0641943,"Subscriber",1984,"Male"
"33571","2018-08-25 18:50:31.561","2018-08-25 18:55:44.707","3225",40.7236589,-74.0641943,"3205",40.7165397809919,-74.0496379137039,"Subscriber",1989,"Male"
"33571","2018-08-26 16:33:59.815","2018-08-26 17:15:59.136","3205",40.7165397809919,-74.0496379137039,"3205",40.7165397809919,-74.0496379137039,"Subscriber",1982,"Female"
"33571","2018-08-26 18:33:19.539","2018-08-26 18:42:28.315","3205",40.7165397809919,-74.0496379137039,"3273",40.72165072488,-74.0428841114044,"Subscriber",1990,"Female"
"33571","2018-08-26 19:02:49.29","2018-08-26 19:10:21.486","3273",40.72165072488,-74.0428841114044,"3183",40.7162469,-74.0334588,"Customer",1969,"Unknown"
"33571","2018-08-26 19:43:07.427","2018-08-26 19:49:46.578","3183",40.7162469,-74.0334588,"3199",40.7287448,-74.0321082,"Subscriber",1992,"Male"
"33571","2018-08-26 19:56:42.449","2018-08-26 20:04:20.537","3199",40.7287448,-74.0321082,"3272",40.7233315864644,-74.0459525585174,"Subscriber",1991,"Male"
"33571","2018-08-27 07:15:48.37","2018-08-27 07:17:53.262","3272",40.7233315864644,-74.0459525585174,"3186",40.7195861164717,-74.0431174635887,"Subscriber",1991,"Male"
"33571","2018-08-27 07:34:38.825","2018-08-27 07:36:28.755","3186",40.7195861164717,-74.0431174635887,"3185",40.7177325,-74.043845,"Subscriber",1988,"Male"
"33571","2018-08-27 08:09:27.158","2018-08-27 08:13:36.026","3185",40.7177325,-74.043845,"3183",40.7162469,-74.0334588,"Subscriber",1983,"Male"
"33571","2018-08-27 16:59:51.848","2018-08-27 17:07:40.2","3183",40.7162469,-74.0334588,"3267",40.7124188237569,-74.0385255217552,"Subscriber",1989,"Female"
"33571","2018-08-27 19:01:10.09","2018-08-27 19:06:57.534","3183",40.7162469,-74.0334588,"3187",40.7211236,-74.03805095,"Subscriber",1975,"Male"
"33571","2018-08-27 19:50:10.029","2018-08-27 20:01:35.791","3187",40.7211236,-74.03805095,"3640",40.73367,-74.0625,"Customer",1991,"Male"
"33571","2018-08-27 20:31:24.36","2018-08-27 20:42:05.031","3640",40.73367,-74.0625,"3194",40.7253399253558,-74.0676221251488,"Subscriber",1984,"Male"
"33571","2018-08-28 06:57:39.648","2018-08-28 07:01:14.265","3194",40.7253399253558,-74.0676221251488,"3195",40.7307426253066,-74.0637838840485,"Subscriber",1977,"Male"
"33571","2018-08-28 09:20:45.228","2018-08-28 09:45:19.755","3195",40.7307426253066,-74.0637838840485,"3214",40.7127742,-74.0364857,"Subscriber",1987,"Male"
"33571","2018-08-28 19:04:36.291","2018-08-28 19:08:07.994","3214",40.7127742,-74.0364857,"3275",40.7183551982321,-74.0389144420624,"Subscriber",1992,"Female"
"33571","2018-08-28 19:58:52.346","2018-08-28 20:10:57.027","3275",40.7183551982321,-74.0389144420624,"3194",40.7253399253558,-74.0676221251488,"Subscriber",1989,"Male"
"33571","2018-08-28 23:24:33.418","2018-08-28 23:29:58.338","3194",40.7253399253558,-74.0676221251488,"3679",40.722103786686,-74.0714550018311,"Subscriber",1988,"Male"
"33571","2018-08-29 06:47:44.004","2018-08-29 06:52:41.715","3679",40.722103786686,-74.0714550018311,"3195",40.7307426253066,-74.0637838840485,"Subscriber",1973,"Female"
"33571","2018-08-29 17:51:39.164","2018-08-29 17:59:02.997","3195",40.7307426253066,-74.0637838840485,"3677",40.7275514673001,-74.0710607171059,"Subscriber",1974,"Male"
"33571","2018-08-30 08:12:07.989","2018-08-30 08:16:59.113","3677",40.7275514673001,-74.0710607171059,"3195",40.7307426253066,-74.0637838840485,"Subscriber",1995,"Male"
"33571","2018-08-30 18:03:30.892","2018-08-30 18:07:47.949","3195",40.7307426253066,-74.0637838840485,"3225",40.7236589,-74.0641943,"Subscriber",1981,"Male"
"33571","2018-08-30 19:17:33.76","2018-08-30 19:46:49.009","3225",40.7236589,-74.0641943,"3638",40.7242941,-74.0354826,"Customer",1980,"Male"
"33571","2018-08-30 20:02:01.962","2018-08-30 20:06:22.106","3638",40.7242941,-74.0354826,"3199",40.7287448,-74.0321082,"Subscriber",1989,"Female"
"33571","2018-08-30 20:10:20.999","2018-08-30 20:59:11.052","3199",40.7287448,-74.0321082,"3199",40.7287448,-74.0321082,"Customer",1993,"Female"
"33571","2018-08-31 08:41:11.499","2018-08-31 08:43:08.551","3199",40.7287448,-74.0321082,"3202",40.7272235,-74.0337589,"Subscriber",1986,"Male"
"33571","2018-08-31 20:36:21.045","2018-08-31 20:42:06.853","3183",40.7162469,-74.0334588,"3267",40.7124188237569,-74.0385255217552,"Subscriber",1994,"Male"
"33571","2018-08-31 21:23:04.491","2018-08-31 21:40:09.139","3267",40.7124188237569,-74.0385255217552,"3184",40.7141454,-74.0335519,"Customer",1969,"Unknown"
"33571","2018-08-31 21:44:56.414","2018-08-31 22:08:21.124","3184",40.7141454,-74.0335519,"3183",40.7162469,-74.0334588,"Customer",1969,"Unknown"
"33571","2018-08-31 22:10:56.095","2018-08-31 22:25:52.001","3183",40.7162469,-74.0334588,"3481",40.71649,-74.04105,"Customer",1969,"Unknown"
"33571","2018-09-03 12:10:31.191","2018-09-03 12:24:56.665","3481",40.71649,-74.04105,"3202",40.7272235,-74.0337589,"Subscriber",1987,"Female"
"33571","2018-09-03 14:00:45.863","2018-09-03 14:09:31.698","3202",40.7272235,-74.0337589,"3203",40.727595966,-74.044247311,"Subscriber",1986,"Male"
"33571","2018-09-03 14:30:23.843","2018-09-03 14:50:42.246","3203",40.727595966,-74.044247311,"3272",40.7233315864644,-74.0459525585174,"Subscriber",1980,"Female"
"33571","2018-09-04 08:19:33.911","2018-09-04 08:22:53.885","3272",40.7233315864644,-74.0459525585174,"3186",40.7195861164717,-74.0431174635887,"Subscriber",1959,"Male"
"33571","2018-09-04 08:43:40.554","2018-09-04 08:48:16.898","3186",40.7195861164717,-74.0431174635887,"3639",40.7192517,-74.034234,"Subscriber",1971,"Male"
"33571","2018-09-04 16:51:33.107","2018-09-04 17:03:47.145","3639",40.7192517,-74.034234,"3638",40.7242941,-74.0354826,"Subscriber",1963,"Male"
"33571","2018-09-04 17:07:23.547","2018-09-04 17:11:17.217","3638",40.7242941,-74.0354826,"3275",40.7183551982321,-74.0389144420624,"Subscriber",1976,"Female"
"33571","2018-09-10 08:58:18.364","2018-09-10 09:01:43.011","3275",40.7183551982321,-74.0389144420624,"3638",40.7242941,-74.0354826,"Subscriber",1986,"Male"
"33571","2018-09-10 19:31:42.302","2018-09-10 19:35:42.492","3638",40.7242941,-74.0354826,"3275",40.7183551982321,-74.0389144420624,"Subscriber",1989,"Male"
"33571","2018-09-11 08:27:51.436","2018-09-11 08:30:23.952","3275",40.7183551982321,-74.0389144420624,"3183",40.7162469,-74.0334588,"Subscriber",1982,"Male"
"33571","2018-09-11 14:58:32.11","2018-09-11 15:04:45.2","3183",40.7162469,-74.0334588,"3267",40.7124188237569,-74.0385255217552,"Subscriber",1968,"Male"
"33571","2018-09-11 18:58:14.459","2018-09-11 19:03:39.259","3186",40.7195861164717,-74.0431174635887,"3203",40.727595966,-74.044247311,"Subscriber",1988,"Male"
"33571","2018-09-12 08:15:47.147","2018-09-12 08:21:20.99","3203",40.727595966,-74.044247311,"3202",40.7272235,-74.0337589,"Subscriber",1968,"Male"
"33571","2018-09-12 09:53:41.464","2018-09-12 10:12:14.181","3202",40.7272235,-74.0337589,"3196",40.7443187,-74.0439909,"Subscriber",1959,"Male"
"33571","2018-09-13 08:26:00.386","2018-09-13 08:35:58.592","3196",40.7443187,-74.0439909,"3640",40.73367,-74.0625,"Subscriber",1990,"Male"
"33571","2018-09-13 13:51:06.469","2018-09-13 13:59:39.696","3640",40.73367,-74.0625,"3640",40.73367,-74.0625,"Subscriber",1987,"Male"
"33571","2018-09-13 18:45:17.167","2018-09-13 18:53:50.027","3640",40.73367,-74.0625,"3207",40.7376037,-74.0524783,"Subscriber",1985,"Male"
"33571","2018-09-14 08:30:57.217","2018-09-14 08:37:13.936","3207",40.7376037,-74.0524783,"3640",40.73367,-74.0625,"Subscriber",1984,"Male"
"33571","2018-09-14 16:30:37.123","2018-09-14 16:36:58.203","3640",40.73367,-74.0625,"3210",40.742677141,-74.051788633,"Subscriber",1991,"Male"
"33571","2018-09-14 18:42:55.217","2018-09-14 18:49:49.211","3210",40.742677141,-74.051788633,"3640",40.73367,-74.0625,"Subscriber",1991,"Male"
"33571","2018-09-14 18:52:31.898","2018-09-14 18:57:25.874","3640",40.73367,-74.0625,"3207",40.7376037,-74.0524783,"Subscriber",1986,"Male"
"33571","2018-09-15 12:06:35.095","2018-09-15 12:18:23.788","3207",40.7376037,-74.0524783,"3202",40.7272235,-74.0337589,"Subscriber",1991,"Male"
"33571","2018-09-15 13:34:09.695","2018-09-15 13:43:05.707","3202",40.7272235,-74.0337589,"3202",40.7272235,-74.0337589,"Subscriber",1969,"Unknown"
"33571","2018-09-15 14:41:25.603","2018-09-15 15:08:46.388","3202",40.7272235,-74.0337589,"3677",40.7275514673001,-74.0710607171059,"Subscriber",1990,"Female"
"33571","2018-09-15 16:52:45.666","2018-09-15 16:57:19.793","3677",40.7275514673001,-74.0710607171059,"3195",40.7307426253066,-74.0637838840485,"Subscriber",1974,"Male"
"33571","2018-09-15 18:33:01.9","2018-09-15 18:54:08.462","3195",40.7307426253066,-74.0637838840485,"3638",40.7242941,-74.0354826,"Subscriber",1983,"Female"
"33571","2018-09-15 20:40:57.71","2018-09-15 20:48:20.791","3638",40.7242941,-74.0354826,"3199",40.7287448,-74.0321082,"Subscriber",1977,"Male"
"33571","2018-09-15 21:11:04.44","2018-09-15 21:20:37.1","3199",40.7287448,-74.0321082,"3187",40.7211236,-74.03805095,"Subscriber",1983,"Male"
"33571","2018-09-16 08:52:15.234","2018-09-16 09:03:05.915","3187",40.7211236,-74.03805095,"3205",40.7165397809919,-74.0496379137039,"Customer",1991,"Male"
"33571","2018-09-16 12:13:38.107","2018-09-16 12:24:12.366","3205",40.7165397809919,-74.0496379137039,"3183",40.7162469,-74.0334588,"Customer",1991,"Female"
"33571","2018-09-16 14:53:37.707","2018-09-16 14:59:00.642","3183",40.7162469,-74.0334588,"3638",40.7242941,-74.0354826,"Subscriber",1992,"Female"
"33571","2018-09-16 15:32:48.519","2018-09-16 15:39:48.277","3638",40.7242941,-74.0354826,"3183",40.7162469,-74.0334588,"Subscriber",1990,"Male"
"33571","2018-09-16 15:54:37.538","2018-09-16 16:04:21.966","3183",40.7162469,-74.0334588,"3483",40.71942,-74.05099,"Subscriber",1990,"Male"
"33571","2018-09-16 16:36:40.284","2018-09-16 16:43:10.275","3483",40.71942,-74.05099,"3481",40.71649,-74.04105,"Subscriber",1990,"Male"
"33571","2018-09-17 08:21:16.505","2018-09-17 08:27:01.143","3203",40.727595966,-74.044247311,"3186",40.7195861164717,-74.0431174635887,"Subscriber",1990,"Male"
"33571","2018-09-17 08:44:11.462","2018-09-17 08:48:58.85","3186",40.7195861164717,-74.0431174635887,"3639",40.7192517,-74.034234,"Subscriber",1971,"Male"
"33571","2018-09-17 09:12:09.086","2018-09-17 09:16:05.549","3639",40.7192517,-74.034234,"3186",40.7195861164717,-74.0431174635887,"Subscriber",1990,"Male"
"33571","2018-09-17 11:34:29.611","2018-09-17 11:55:29.109","3186",40.7195861164717,-74.0431174635887,"3211",40.72152515,-74.046304543,"Subscriber",1988,"Male"
"33571","2018-09-17 19:04:42.204","2018-09-17 19:29:25.447","3211",40.72152515,-74.046304543,"3194",40.7253399253558,-74.0676221251488,"Subscriber",1995,"Male"
"33571","2018-09-17 20:36:21.623","2018-09-17 20:45:45.327","3194",40.7253399253558,-74.0676221251488,"3679",40.722103786686,-74.0714550018311,"Subscriber",1969,"Unknown"
"33571","2018-09-18 08:29:05.326","2018-09-18 08:35:54.902","3679",40.722103786686,-74.0714550018311,"3195",40.7307426253066,-74.0637838840485,"Subscriber",1969,"Unknown"
"33571","2018-09-18 19:06:17.548","2018-09-18 19:15:18.158","3195",40.7307426253066,-74.0637838840485,"3203",40.727595966,-74.044247311,"Subscriber",1990,"Male"
"33571","2018-09-19 08:05:48.056","2018-09-19 08:11:55.869","3203",40.727595966,-74.044247311,"3639",40.7192517,-74.034234,"Subscriber",1983,"Male"
"33571","2018-09-19 10:04:27.721","2018-09-19 10:06:19.592","3639",40.7192517,-74.034234,"3183",40.7162469,-74.0334588,"Subscriber",1985,"Male"
"33571","2018-09-19 12:46:51.128","2018-09-19 12:49:12.127","3276",40.7145840353589,-74.042817056179,"3185",40.7177325,-74.043845,"Subscriber",1972,"Male"
"33571","2018-09-19 15:04:28.88","2018-09-19 15:21:15.771","3185",40.7177325,-74.043845,"3678",40.7257261374256,-74.0719592571259,"Subscriber",1970,"Male"
"33571","2018-09-19 19:10:18.33","2018-09-19 19:20:23.618","3678",40.7257261374256,-74.0719592571259,"3220",40.7349610200095,-74.0595030784607,"Subscriber",1970,"Male"
"33571","2018-09-19 19:22:02.663","2018-09-19 19:40:50.04","3220",40.7349610200095,-74.0595030784607,"3679",40.722103786686,-74.0714550018311,"Subscriber",1989,"Male"
"33571","2018-09-20 05:11:57.152","2018-09-20 05:17:45.804","3679",40.722103786686,-74.0714550018311,"3195",40.7307426253066,-74.0637838840485,"Subscriber",1973,"Female"
"33571","2018-09-20 17:55:36.6","2018-09-20 18:01:48.951","3195",40.7307426253066,-74.0637838840485,"3207",40.7376037,-74.0524783,"Subscriber",1987,"Male"
"33571","2018-09-20 20:26:19.535","2018-09-20 20:53:02.821","3207",40.7376037,-74.0524783,"3207",40.7376037,-74.0524783,"Subscriber",1984,"Male"
"33571","2018-09-21 06:46:54.355","2018-09-21 06:52:40.265","3207",40.7376037,-74.0524783,"3195",40.7307426253066,-74.0637838840485,"Subscriber",1966,"Female"
"33571","2018-09-21 07:03:42.656","2018-09-21 07:09:57.334","3195",40.7307426253066,-74.0637838840485,"3679",40.722103786686,-74.0714550018311,"Subscriber",1964,"Male"
"33571","2018-09-21 08:18:38.326","2018-09-21 08:23:31.975","3679",40.722103786686,-74.0714550018311,"3195",40.7307426253066,-74.0637838840485,"Subscriber",1984,"Male"
"33571","2018-09-21 08:53:52.125","2018-09-21 09:00:26.092","3195",40.7307426253066,-74.0637838840485,"3679",40.722103786686,-74.0714550018311,"Subscriber",1973,"Female"
"33571","2018-09-21 09:33:11.154","2018-09-21 09:39:14.602","3679",40.722103786686,-74.0714550018311,"3195",40.7307426253066,-74.0637838840485,"Subscriber",1972,"Male"
"33571","2018-09-21 13:31:27.41","2018-09-21 13:38:01.908","3195",40.7307426253066,-74.0637838840485,"3678",40.7257261374256,-74.0719592571259,"Subscriber",1982,"Male"
"33571","2018-09-22 06:59:55.464","2018-09-22 07:06:03.264","3678",40.7257261374256,-74.0719592571259,"3195",40.7307426253066,-74.0637838840485,"Subscriber",1979,"Male"
"33571","2018-09-22 08:41:38.765","2018-09-22 08:49:50.47","3195",40.7307426253066,-74.0637838840485,"3203",40.727595966,-74.044247311,"Subscriber",1971,"Female"
"33571","2018-09-22 09:12:23.492","2018-09-22 09:15:49.633","3203",40.727595966,-74.044247311,"3211",40.72152515,-74.046304543,"Subscriber",1988,"Male"
"33571","2018-09-22 09:25:55.632","2018-09-22 09:29:41.406","3211",40.72152515,-74.046304543,"3203",40.727595966,-74.044247311,"Subscriber",1988,"Male"
"33571","2018-09-22 09:40:16.734","2018-09-22 09:44:09.462","3203",40.727595966,-74.044247311,"3211",40.72152515,-74.046304543,"Subscriber",1982,"Male"
"33571","2018-09-22 15:03:56.908","2018-09-22 15:16:36.744","3211",40.72152515,-74.046304543,"3207",40.7376037,-74.0524783,"Subscriber",1991,"Male"
"33571","2018-09-23 11:39:23.34","2018-09-23 12:17:54.621","3207",40.7376037,-74.0524783,"3199",40.7287448,-74.0321082,"Subscriber",1991,"Male"
"33571","2018-09-23 13:28:18.76","2018-09-23 13:34:10.873","3199",40.7287448,-74.0321082,"3639",40.7192517,-74.034234,"Subscriber",1994,"Female"
"33571","2018-09-23 14:35:52.974","2018-09-23 14:41:05.129","3639",40.7192517,-74.034234,"3202",40.7272235,-74.0337589,"Subscriber",1994,"Female"
"33571","2018-09-23 15:02:48.761","2018-09-23 15:11:33.486","3202",40.7272235,-74.0337589,"3183",40.7162469,-74.0334588,"Subscriber",1988,"Female"
"33571","2018-09-23 16:08:39.528","2018-09-23 16:37:41.432","3183",40.7162469,-74.0334588,"3199",40.7287448,-74.0321082,"Customer",1969,"Unknown"
"33571","2018-09-23 17:56:30.898","2018-09-23 18:08:06.567","3199",40.7287448,-74.0321082,"3183",40.7162469,-74.0334588,"Customer",1986,"Male"
"33571","2018-09-23 20:14:48.088","2018-09-23 20:35:45.452","3183",40.7162469,-74.0334588,"3638",40.7242941,-74.0354826,"Subscriber",1977,"Male"
"33571","2018-09-24 10:20:51.666","2018-09-24 10:23:13.222","3638",40.7242941,-74.0354826,"3202",40.7272235,-74.0337589,"Subscriber",1992,"Male"
"33571","2018-09-24 15:38:18.867","2018-09-24 15:49:18.563","3202",40.7272235,-74.0337589,"3213",40.71848892,-74.047726625,"Subscriber",1981,"Female"
"33571","2018-09-24 17:52:24.522","2018-09-24 18:00:18.896","3213",40.71848892,-74.047726625,"3209",40.7241765,-74.0506564,"Subscriber",1975,"Female"
"33571","2018-09-26 08:28:13.458","2018-09-26 08:44:15.034","3209",40.7241765,-74.0506564,"3211",40.72152515,-74.046304543,"Subscriber",1982,"Male"
"33571","2018-09-26 09:09:51.308","2018-09-26 09:16:42.466","3211",40.72152515,-74.046304543,"3639",40.7192517,-74.034234,"Subscriber",1986,"Male"
"33571","2018-09-26 11:49:47.629","2018-09-26 11:57:32.466","3639",40.7192517,-74.034234,"3209",40.7241765,-74.0506564,"Subscriber",1986,"Male"
"33571","2018-09-26 13:03:59.507","2018-09-26 13:07:38.448","3209",40.7241765,-74.0506564,"3186",40.7195861164717,-74.0431174635887,"Subscriber",1975,"Male"
"33571","2018-09-26 13:08:31.857","2018-09-26 13:13:23.457","3186",40.7195861164717,-74.0431174635887,"3269",40.7260117296463,-74.0503889322281,"Subscriber",1982,"Male"
"33571","2018-09-26 13:46:11.285","2018-09-26 13:49:19.119","3269",40.7260117296463,-74.0503889322281,"3211",40.72152515,-74.046304543,"Subscriber",1968,"Male"
"33571","2018-09-26 13:51:48.76","2018-09-26 13:58:14.024","3211",40.72152515,-74.046304543,"3183",40.7162469,-74.0334588,"Subscriber",1973,"Male"
"33571","2018-09-26 15:21:47.099","2018-09-26 15:27:19.533","3183",40.7162469,-74.0334588,"3202",40.7272235,-74.0337589,"Subscriber",1983,"Male"
"33571","2018-09-26 16:42:16.606","2018-09-26 16:48:56.94","3202",40.7272235,-74.0337589,"3203",40.727595966,-74.044247311,"Subscriber",1972,"Male"
"33571","2018-09-27 08:50:15.685","2018-09-27 08:54:58.806","3203",40.727595966,-74.044247311,"3186",40.7195861164717,-74.0431174635887,"Subscriber",1978,"Male"
"33571","2018-09-27 11:02:22.144","2018-09-27 11:10:19.081","3209",40.7241765,-74.0506564,"3202",40.7272235,-74.0337589,"Subscriber",1986,"Male"
"33571","2018-09-27 16:52:25.696","2018-09-27 16:54:35.966","3202",40.7272235,-74.0337589,"3199",40.7287448,-74.0321082,"Subscriber",1994,"Female"
"33571","2018-09-27 17:05:19.96","2018-09-27 17:07:12.76","3199",40.7287448,-74.0321082,"3202",40.7272235,-74.0337589,"Subscriber",1995,"Female"
"33571","2018-09-27 17:26:15.588","2018-09-27 17:28:59.589","3202",40.7272235,-74.0337589,"3199",40.7287448,-74.0321082,"Subscriber",1980,"Male"
"33571","2018-09-27 17:34:15.379","2018-09-27 17:54:01.274","3199",40.7287448,-74.0321082,"3210",40.742677141,-74.051788633,"Subscriber",1983,"Male"
"33571","2018-09-28 07:07:00.543","2018-09-28 07:21:16.012","3210",40.742677141,-74.051788633,"3186",40.7195861164717,-74.0431174635887,"Subscriber",1979,"Female"
"33571","2018-09-28 12:44:30.632","2018-09-28 12:48:24.083","3681",40.7151776773203,-74.0376833081245,"3639",40.7192517,-74.034234,"Subscriber",1988,"Female"
"33571","2018-09-28 13:09:26.166","2018-09-28 13:15:04.829","3639",40.7192517,-74.034234,"3202",40.7272235,-74.0337589,"Subscriber",1990,"Male"
"33571","2018-09-28 17:26:55.618","2018-09-28 17:32:55.808","3202",40.7272235,-74.0337589,"3187",40.7211236,-74.03805095,"Subscriber",1958,"Male"
"33571","2018-09-29 09:47:27.076","2018-09-29 09:53:02.961","3187",40.7211236,-74.03805095,"3183",40.7162469,-74.0334588,"Subscriber",1958,"Male"
"33571","2018-10-18 20:45:22.213","2018-10-18 20:54:58.129","3186",40.7195861164717,-74.0431174635887,"3225",40.7236589,-74.0641943,"Subscriber",1986,"Male"
"33571","2018-10-19 05:53:02.377","2018-10-19 05:58:23.274","3225",40.7236589,-74.0641943,"3195",40.7307426253066,-74.0637838840485,"Subscriber",1962,"Male"
"33571","2018-10-19 11:16:43.873","2018-10-19 11:22:35.778","3195",40.7307426253066,-74.0637838840485,"3280",40.719282200707,-74.071261882782,"Subscriber",1988,"Male"
"33571","2018-10-19 15:50:49.721","2018-10-19 15:56:38.798","3280",40.719282200707,-74.071261882782,"3195",40.7307426253066,-74.0637838840485,"Subscriber",1988,"Male"
"33571","2018-10-19 18:52:07.974","2018-10-19 18:58:39.998","3195",40.7307426253066,-74.0637838840485,"3280",40.719282200707,-74.071261882782,"Subscriber",1978,"Male"
"33571","2018-10-20 12:37:37.016","2018-10-20 12:44:48.274","3280",40.719282200707,-74.071261882782,"3195",40.7307426253066,-74.0637838840485,"Subscriber",1994,"Male"
"33571","2018-10-20 14:41:57.311","2018-10-20 14:49:10.209","3195",40.7307426253066,-74.0637838840485,"3193",40.7246050998869,-74.0784059464931,"Subscriber",1992,"Male"
"33571","2018-10-21 13:10:59.078","2018-10-21 13:19:47.704","3193",40.7246050998869,-74.0784059464931,"3195",40.7307426253066,-74.0637838840485,"Subscriber",1992,"Male"
"33571","2018-10-21 20:23:36.802","2018-10-21 20:29:45.367","3195",40.7307426253066,-74.0637838840485,"3207",40.7376037,-74.0524783,"Subscriber",1977,"Male"
"33571","2018-10-22 05:41:16.458","2018-10-22 05:45:32.909","3207",40.7376037,-74.0524783,"3195",40.7307426253066,-74.0637838840485,"Subscriber",1963,"Female"
"33571","2018-10-22 13:06:28.084","2018-10-22 13:12:12.888","3195",40.7307426253066,-74.0637838840485,"3225",40.7236589,-74.0641943,"Subscriber",1982,"Female"
"33571","2018-10-23 05:49:44.366","2018-10-23 05:59:19.669","3225",40.7236589,-74.0641943,"3195",40.7307426253066,-74.0637838840485,"Subscriber",1962,"Male"
"33571","2018-10-23 06:20:17.713","2018-10-23 06:38:21.518","3195",40.7307426253066,-74.0637838840485,"3193",40.7246050998869,-74.0784059464931,"Subscriber",1967,"Male"
"33571","2018-10-23 16:35:38.148","2018-10-23 16:43:35.848","3193",40.7246050998869,-74.0784059464931,"3195",40.7307426253066,-74.0637838840485,"Subscriber",1990,"Female"
"33571","2018-10-23 18:33:25.594","2018-10-23 18:37:59.362","3195",40.7307426253066,-74.0637838840485,"3194",40.7253399253558,-74.0676221251488,"Subscriber",1970,"Male"
"33571","2018-10-23 18:44:25.419","2018-10-23 18:52:05.816","3194",40.7253399253558,-74.0676221251488,"3186",40.7195861164717,-74.0431174635887,"Subscriber",1968,"Male"
"33571","2018-10-23 18:54:42.324","2018-10-23 18:59:13.233","3186",40.7195861164717,-74.0431174635887,"3483",40.71942,-74.05099,"Subscriber",1985,"Male"
"33571","2018-10-24 11:07:08.183","2018-10-24 11:11:04.274","3483",40.71942,-74.05099,"3185",40.7177325,-74.043845,"Subscriber",1988,"Male"
"33571","2018-10-24 13:36:24.437","2018-10-24 13:41:44.409","3185",40.7177325,-74.043845,"3209",40.7241765,-74.0506564,"Subscriber",1980,"Male"
"33571","2018-10-24 14:09:33.737","2018-10-24 14:14:11.376","3209",40.7241765,-74.0506564,"3185",40.7177325,-74.043845,"Subscriber",1986,"Male"
"33571","2018-10-24 17:46:36.844","2018-10-24 18:05:05.08","3185",40.7177325,-74.043845,"3201",40.737711,-74.066921,"Customer",1993,"Male"
"33571","2018-10-27 17:59:59.706","2018-10-27 18:05:31.087","3201",40.737711,-74.066921,"3195",40.7307426253066,-74.0637838840485,"Subscriber",1979,"Male"
"33571","2018-10-27 18:06:27.179","2018-10-27 18:21:04.451","3195",40.7307426253066,-74.0637838840485,"3639",40.7192517,-74.034234,"Subscriber",1986,"Male"
"33571","2018-10-27 18:23:51.165","2018-10-27 18:31:20.469","3639",40.7192517,-74.034234,"3272",40.7233315864644,-74.0459525585174,"Customer",1969,"Unknown"
"33571","2018-10-28 14:51:38.738","2018-10-28 14:54:09.238","3272",40.7233315864644,-74.0459525585174,"3203",40.727595966,-74.044247311,"Subscriber",1977,"Male"
"33571","2018-10-28 17:16:44.59","2018-10-28 17:29:07.482","3203",40.727595966,-74.044247311,"3203",40.727595966,-74.044247311,"Subscriber",1954,"Female"
"33571","2018-10-29 08:56:23.853","2018-10-29 09:01:03.732","3203",40.727595966,-74.044247311,"3186",40.7195861164717,-74.0431174635887,"Subscriber",1978,"Male"
"33571","2018-10-29 10:46:58.41","2018-10-29 10:55:19.429","3269",40.7260117296463,-74.0503889322281,"3268",40.7134638266919,-74.0628585219383,"Subscriber",1979,"Male"
"33571","2018-10-29 10:56:46.633","2018-10-29 11:00:17.623","3268",40.7134638266919,-74.0628585219383,"3192",40.7112423,-74.0557013,"Subscriber",1991,"Male"
"33571","2018-10-29 12:34:45.278","2018-10-29 12:41:59.62","3192",40.7112423,-74.0557013,"3186",40.7195861164717,-74.0431174635887,"Subscriber",1992,"Male"
"33571","2018-10-29 15:28:08.84","2018-10-29 15:35:46.323","3186",40.7195861164717,-74.0431174635887,"3192",40.7112423,-74.0557013,"Subscriber",1992,"Male"
"33571","2018-10-29 16:23:54.624","2018-10-29 16:35:52.357","3192",40.7112423,-74.0557013,"3183",40.7162469,-74.0334588,"Subscriber",1985,"Male"
"33571","2018-10-29 17:47:57.005","2018-10-29 17:50:24.528","3183",40.7162469,-74.0334588,"3184",40.7141454,-74.0335519,"Subscriber",1987,"Male"
"33571","2018-10-29 18:19:21.349","2018-10-29 18:24:06.107","3184",40.7141454,-74.0335519,"3276",40.7145840353589,-74.042817056179,"Subscriber",1982,"Male"
"33571","2018-10-29 19:23:17.255","2018-10-29 19:25:57.238","3276",40.7145840353589,-74.042817056179,"3186",40.7195861164717,-74.0431174635887,"Subscriber",1986,"Male"
"33571","2018-10-29 19:42:32.305","2018-10-29 19:45:48.828","3186",40.7195861164717,-74.0431174635887,"3213",40.71848892,-74.047726625,"Subscriber",1983,"Male"
"33571","2018-10-30 08:06:12.022","2018-10-30 08:12:32.036","3213",40.71848892,-74.047726625,"3183",40.7162469,-74.0334588,"Subscriber",1964,"Female"
"33571","2018-10-30 14:06:58.584","2018-10-30 14:10:01.07","3481",40.71649,-74.04105,"3275",40.7183551982321,-74.0389144420624,"Subscriber",1976,"Male"
"33571","2018-10-30 16:24:03.222","2018-10-30 16:29:08.034","3275",40.7183551982321,-74.0389144420624,"3211",40.72152515,-74.046304543,"Subscriber",1973,"Male"
"33571","2018-10-30 17:11:05.971","2018-10-30 17:16:02.689","3211",40.72152515,-74.046304543,"3481",40.71649,-74.04105,"Subscriber",1989,"Male"
"33571","2018-10-31 06:54:38.687","2018-10-31 06:58:27.263","3481",40.71649,-74.04105,"3184",40.7141454,-74.0335519,"Subscriber",1988,"Female"
"33571","2018-10-31 07:35:35.469","2018-10-31 07:40:31.258","3184",40.7141454,-74.0335519,"3186",40.7195861164717,-74.0431174635887,"Subscriber",1975,"Male"
"33571","2018-10-31 18:35:40.14","2018-10-31 18:39:45.463","3186",40.7195861164717,-74.0431174635887,"3213",40.71848892,-74.047726625,"Subscriber",1962,"Male"
"33571","2018-10-31 19:16:57.295","2018-10-31 19:23:31.229","3213",40.71848892,-74.047726625,"3203",40.727595966,-74.044247311,"Subscriber",1962,"Male"
"33571","2018-10-31 19:26:09.45","2018-10-31 19:36:20.397","3203",40.727595966,-74.044247311,"3213",40.71848892,-74.047726625,"Subscriber",1962,"Male"
"33571","2018-11-01 06:21:22.824","2018-11-01 06:23:08.526","3213",40.71848892,-74.047726625,"3186",40.7195861164717,-74.0431174635887,"Subscriber",1970,"Male"
"33571","2018-11-01 08:44:12.628","2018-11-01 08:51:42.531","3207",40.7376037,-74.0524783,"3195",40.7307426253066,-74.0637838840485,"Subscriber",1994,"Male"
"33571","2018-11-01 12:32:48.435","2018-11-01 12:39:41.927","3195",40.7307426253066,-74.0637838840485,"3193",40.7246050998869,-74.0784059464931,"Subscriber",1991,"Female"
"33571","2018-11-01 13:39:11.479","2018-11-01 13:47:34.444","3193",40.7246050998869,-74.0784059464931,"3195",40.7307426253066,-74.0637838840485,"Subscriber",1990,"Female"
"33571","2018-11-01 17:39:02.003","2018-11-01 17:45:12.66","3195",40.7307426253066,-74.0637838840485,"3679",40.722103786686,-74.0714550018311,"Subscriber",1985,"Male"
"33571","2018-11-01 18:12:30.914","2018-11-01 18:18:50.245","3679",40.722103786686,-74.0714550018311,"3195",40.7307426253066,-74.0637838840485,"Subscriber",1964,"Male"
"33571","2018-11-01 18:52:10.392","2018-11-01 18:59:39.055","3195",40.7307426253066,-74.0637838840485,"3210",40.742677141,-74.051788633,"Subscriber",1984,"Male"
"33571","2018-11-02 08:50:04.228","2018-11-02 08:55:49.08","3210",40.742677141,-74.051788633,"3640",40.73367,-74.0625,"Subscriber",1984,"Male"
"33571","2018-11-02 17:52:14.634","2018-11-02 18:02:24.863","3640",40.73367,-74.0625,"3196",40.7443187,-74.0439909,"Subscriber",1990,"Male"
"33571","2018-11-04 08:12:56.558","2018-11-04 08:22:25.994","3196",40.7443187,-74.0439909,"3269",40.7260117296463,-74.0503889322281,"Subscriber",1968,"Male"
"33571","2018-11-04 14:27:17.752","2018-11-04 14:35:44.29","3269",40.7260117296463,-74.0503889322281,"3202",40.7272235,-74.0337589,"Subscriber",1990,"Male"
"33571","2018-11-04 18:37:04.668","2018-11-04 18:41:08.137","3202",40.7272235,-74.0337589,"3187",40.7211236,-74.03805095,"Subscriber",1973,"Male"
