"time","value"
2001.00396825397,-0.0106084772721111
2001.00793650794,-0.0265928448965971
2001.0119047619,-0.00191966013904654
2001.01587301587,0.00380489240777138
2001.01984126984,0.00954075031728685
2001.02380952381,0.0102648917103787
2001.02777777778,-0.00625245386596074
2001.03174603175,0.00612431976214012
2001.03571428571,0.00212339883708079
2001.03968253968,0.0138193904772521
2001.04365079365,-0.00403641493428442
2001.04761904762,0.000268112489690608
2001.05158730159,0.0129473195459102
2001.05555555556,0.00286270243578812
2001.05952380952,-0.0049893373053651
2001.06349206349,-0.00188758599950045
2001.06746031746,0.00678163180442937
2001.07142857143,0.00698348285374273
2001.0753968254,-0.00563558617397852
2001.07936507937,0.00544630253916711
2001.08333333333,-0.0176284615320883
2001.0873015873,0.00358017676718525
2001.09126984127,-0.00151483271595687
2001.09523809524,-0.00844369422635438
2001.09920634921,-0.00625418172225256
2001.10317460317,-0.0134252514085818
2001.10714285714,0.0117578583137377
2001.11111111111,-0.00868976556543632
2001.11507936508,-0.00218619143367338
2001.11904761905,0.00809077536638103
2001.12301587302,-0.0190863206347718
2001.12698412698,-0.0175088856667811
2001.13095238095,-0.0186809209597865
2001.13492063492,-0.0019536785197305
2001.13888888889,-0.00557095586518486
2001.14285714286,0.0173387381745718
2001.14682539683,-0.0076893302892227
2001.15079365079,-0.0144124710377627
2001.15476190476,0.00103983210842795
2001.15873015873,-0.0056960415134153
2001.1626984127,0.00584104844177791
2001.16666666667,0.00993110947146203
2001.17063492063,0.00643165722939187
2001.1746031746,0.00225597037059888
2001.17857142857,-0.0250757686742222
2001.18253968254,-0.0441407762775166
2001.18650793651,0.014719630562726
2001.19047619048,-0.0261818310740862
2001.19444444444,0.00585404210825047
2001.19841269841,-0.0198191583302565
2001.20238095238,0.0174731111949331
2001.20634920635,-0.0243719458741305
2001.21031746032,-0.0180862945933393
2001.21428571429,-0.00407194318992765
2001.21825396825,0.0197134951693227
2001.22222222222,0.011219212823609
2001.22619047619,0.0252533913662116
2001.23015873016,-0.0247330052279624
2001.23412698413,-0.00464098449943062
2001.2380952381,0.0107267044774444
2001.24206349206,-0.0125402736067564
2001.24603174603,-0.0349984439796449
2001.25,-0.00290536066542657
2001.25396825397,0.0427529638047588
2001.25793650794,-0.020186046863075
2001.2619047619,0.00808470348299473
2001.26587301587,0.0267061843672076
2001.26984126984,-0.00213343010400813
2001.27380952381,0.0149914061165042
2001.27777777778,-0.00323293471269803
2001.28174603175,0.0102299447059124
2001.28571428571,0.0381532466572514
2001.28968253968,0.0124647960957773
2001.29365079365,-0.00857948042360324
2001.29761904762,-0.0150934638014641
2001.30158730159,-0.0122360113706144
2001.30555555556,0.0158151453567763
2001.30952380952,0.0046848380836737
2001.31349206349,0.0148983487847145
2001.31746031746,-0.00286912137230022
2001.32142857143,0.0134983567074913
2001.3253968254,0.000781413450868129
2001.32936507937,-0.0149843225565611
2001.33333333333,0.0143371346442773
2001.3373015873,-0.00245047788346042
2001.34126984127,-0.00182991364917395
2001.34523809524,-0.00449788976397247
2001.34920634921,-0.000286770330795605
2001.35317460317,-0.00760545081907349
2001.35714285714,0.00260564007615294
2001.36111111111,0.000416273081148333
2001.36507936508,0.0280554852835069
2001.36904761905,0.00272005390207219
2001.37301587302,0.00268945501101836
2001.37698412698,0.0160246673233786
2001.38095238095,-0.00263136971537747
2001.38492063492,-0.0156482297725757
2001.38888888889,0.00319105536794329
2001.39285714286,-0.0118862880687374
2001.39682539683,-0.00782463081959595
2001.40079365079,-0.0157792789870044
2001.40476190476,0.00618237521707865
2001.40873015873,0.00385457999437389
2001.4126984127,0.00509539116020896
2001.41666666667,0.0129065413850169
2001.42063492063,-0.0106047359747867
2001.4246031746,0.00544173090681355
2001.42857142857,-0.00944175201937814
2001.43253968254,-0.00839110248272856
2001.43650793651,0.00116323551901676
2001.44047619048,-0.011411763715655
2001.44444444444,-0.0176565747563417
2001.44841269841,-0.00452710665013356
2001.45238095238,-0.00489519260164251
2001.45634920635,0.00342832459570186
2001.46031746032,0.00867100172748536
2001.46428571429,0.0113001064231515
2001.46825396825,-0.00949491171118666
2001.47222222222,-0.00552385864159444
2001.47619047619,-0.001511070519439
2001.48015873016,-0.00468732194421051
2001.48412698413,0.0124156899778436
2001.4880952381,-0.00148536292193935
2001.49206349206,0.0100281202814303
2001.49603174603,-0.0018371869507039
2001.5,-0.0123978129442266
2001.50396825397,-0.0237787312356224
2001.50793650794,0.0068553903957973
2001.5119047619,-0.0145026278352685
2001.51587301587,-0.00113477591886735
2001.51984126984,0.0234150176201124
2001.52380952381,0.0062216041799612
2001.52777777778,-0.0109424489253982
2001.53174603175,0.00992192310147288
2001.53571428571,-0.0055570607262494
2001.53968253968,0.00603453309543323
2001.54365079365,-0.00343794523800867
2001.54761904762,-0.0165041133515693
2001.55158730159,-0.0164054672305252
2001.55555555556,0.0159519753352191
2001.55952380952,0.0103952603583899
2001.56349206349,0.00239958599831525
2001.56746031746,-0.00107868609909989
2001.57142857143,0.00555522488350757
2001.5753968254,0.0038728438789164
2001.57936507937,0.00395620786210493
2001.58333333333,-0.00525646974353933
2001.5873015873,-0.011487477400812
2001.59126984127,0.00326004081016062
2001.59523809524,-0.0174800194323499
2001.59920634921,-8.44965694897226e-05
2001.60317460317,0.00567075024324915
2001.60714285714,0.000949001729876109
2001.61111111111,-0.00383512803855091
2001.61507936508,-0.00736656254421231
2001.61904761905,0.00308516653716051
2001.62301587302,-0.0168033890106223
2001.62698412698,0.008091310890185
2001.63095238095,-0.0121530093635798
2001.63492063492,0.00693200397431593
2001.63888888889,-0.002767037943193
2001.64285714286,0.0194635930141027
2001.64682539683,-0.00483897836971181
2001.65079365079,-0.0151238399947493
2001.65476190476,-0.0112118989105712
2001.65873015873,-0.017150126835034
2001.6626984127,0.0040219093288778
2001.66666666667,-0.000564742439519428
2001.67063492063,-0.00105975247037815
2001.6746031746,-0.0226447700528354
2001.67857142857,-0.0188128786472941
2001.68253968254,0.00620663786855236
2001.68650793651,-0.0504679396765528
2001.69047619048,-0.00582185655075929
2001.69444444444,-0.0162436948526592
2001.69841269841,-0.0315525214767218
2001.70238095238,-0.0192177535756723
2001.70634920635,0.0382425679452503
2001.71031746032,0.00875127129732256
2001.71428571429,-0.0051799988059722
2001.71825396825,0.0114236179226985
2001.72222222222,0.0216851982675506
2001.72619047619,-0.00229864154417392
2001.73015873016,0.0122305197506849
2001.73412698413,0.0197311932825732
2001.7380952381,-0.00247442829261413
2001.74206349206,0.00163474284540754
2001.74603174603,-0.00837938749235612
2001.75,-0.00536998916891385
2001.75396825397,0.022679127455719
2001.75793650794,0.0150937946914089
2001.7619047619,-0.00528076948490153
2001.76587301587,-0.00153096567812749
2001.76984126984,0.00691196432341989
2001.77380952381,-0.0188083516298176
2001.77777777778,-0.00790422160616
2001.78174603175,0.00454696897942775
2001.78571428571,0.015180241397398
2001.78968253968,-0.00470874745726135
2001.79365079365,0.000387100346771696
2001.79761904762,0.0136276928365788
2001.80158730159,0.0041003368556316
2001.80555555556,-0.02410660458896
2001.80952380952,-0.0173149516164752
2001.81349206349,-9.43587614443686e-06
2001.81746031746,0.0226888102718386
2001.82142857143,0.00285543416968803
2001.8253968254,0.0142830869643138
2001.82936507937,0.0144216389766738
2001.83333333333,-0.00273867336649314
2001.8373015873,0.00245262706079785
2001.84126984127,0.00158116923310114
2001.84523809524,-0.00176893159802827
2001.84920634921,0.0183931968995292
2001.85317460317,0.00185940500004822
2001.85714285714,0.000902143747274486
2001.86111111111,-0.00314789662326387
2001.86507936508,0.0108399068161882
2001.86904761905,-0.00732437922025131
2001.87301587302,-0.00493927810009698
2001.87698412698,0.01163795120799
2001.88095238095,0.00613583926631467
2001.88492063492,-0.00686632489779537
2001.88888888889,-0.0184200254620164
2001.89285714286,0.0102966458562621
2001.89682539683,-0.000657995768701625
2001.90079365079,-0.00841655661357965
2001.90476190476,0.0131008160270403
2001.90873015873,0.0220729001136721
2001.9126984127,-0.00278080993760543
2001.91666666667,-0.00755999317530787
2001.92063492063,-0.0159951892485033
2001.9246031746,-0.0027847463190529
2001.92857142857,0.000272667703320018
2001.93253968254,-0.0156798177954274
2001.93650793651,0.003308854419382
2001.94047619048,0.00998480022257464
2001.94444444444,0.00751777586892199
2001.94841269841,0.0057928693540461
2001.95238095238,-0.00841240345376448
2001.95634920635,0.0043417055098427
2001.96031746032,-0.000209649100587406
2001.96428571429,0.00411505275505064
2001.96825396825,0.0067288352735746
2001.97222222222,0.00335612764599436
2001.97619047619,-0.011207947215695
2001.98015873016,0.00572360698340013
2001.98412698413,0.00913823095825617
2001.9880952381,0.00619393026437987
2001.99206349206,-0.00652008812767502
2001.99603174603,-0.00359477511292106
2002,-0.0048103380966058
2002.00396825397,0.00121988690079888
2002.00793650794,-0.00951291842592816
2002.0119047619,-0.00629596521071196
2002.01587301587,0.0068108466030159
2002.01984126984,-0.0163785238917935
2002.02380952381,0.00998044861493597
2002.02777777778,-0.00997158002526355
2002.03174603175,-0.00736131928597583
2002.03571428571,0.00789329078484968
2002.03968253968,0.00351276502309261
2002.04365079365,0.000997603186781326
2002.04761904762,-0.000194145627479436
2002.05158730159,-0.0290301086001286
2002.05555555556,0.0116792417843996
2002.05952380952,0.0148235376336396
2002.06349206349,-0.00710356387887146
2002.06746031746,-0.0250482274089077
2002.07142857143,-0.00404677222925542
2002.0753968254,-0.00599027339555391
2002.07936507937,-0.00308733514472781
2002.08333333333,0.0147494621529853
2002.0873015873,0.0142383392288608
2002.09126984127,-0.00400101460098234
2002.09523809524,0.00989221951630004
2002.09920634921,-0.00181656343718117
2002.10317460317,-0.0110779009732518
2002.10714285714,-0.0190541165422653
2002.11111111111,0.013423266484442
2002.11507936508,-0.0156318438668608
2002.11904761905,0.00819061235733187
2002.12301587302,0.0178154734418419
2002.12698412698,-4.50692037698985e-05
2002.13095238095,0.00045961060076305
2002.13492063492,-0.00285118977606569
2002.13888888889,0.0223818930651136
2002.14285714286,0.0193038956895659
2002.14682539683,-0.00669573541312385
2002.15079365079,0.0144053146961678
2002.15476190476,-0.00450802595957533
2002.15873015873,0.00583157325903372
2002.1626984127,0.00338682549782821
2002.16666666667,-0.00229664516675498
2002.17063492063,-0.0099066625604296
2002.1746031746,-0.000910221853553494
2002.17857142857,0.0113143669909102
2002.18253968254,-0.00052322116722614
2002.18650793651,0.00405850272811392
2002.19047619048,-0.0158822358819828
2002.19444444444,0.00150947353250075
2002.19841269841,-0.0042479508258042
2002.20238095238,-0.014759735972361
2002.20634920635,0.00583169079917756
2002.21031746032,0.00533493449102895
2002.21428571429,0.00245204030412971
2002.21825396825,-0.000741086291998982
2002.22222222222,-0.00856660080589133
2002.22619047619,-0.010043582676265
2002.23015873016,0.000834909940405026
2002.23412698413,-0.00321021853498404
2002.2380952381,0.00227756079271568
2002.24206349206,-0.00667831236171779
2002.24603174603,0.0112710075997553
2002.25,-0.0239743641306491
2002.25396825397,0.00661040019450887
2002.25793650794,-0.00764383273263558
2002.2619047619,0.023148434690933
2002.26587301587,-0.00204041872745986
2002.26984126984,-0.00142188121034614
2002.27380952381,0.00062232181379418
2002.27777777778,-0.0155309884006822
2002.28174603175,-0.00622062047864613
2002.28571428571,-0.00712823764852111
2002.28968253968,-0.00151971539167928
2002.29365079365,-0.0139867581366735
2002.29761904762,-0.0101505701653668
2002.30158730159,0.0107078698769909
2002.30555555556,0.00881958956736462
2002.30952380952,-0.00175032978515066
2002.31349206349,-0.0103152458443372
2002.31746031746,-0.0195293352232175
2002.32142857143,-0.00302546183511865
2002.3253968254,0.0368177615304992
2002.32936507937,-0.014654310147197
2002.33333333333,-0.0169364950595048
2002.3373015873,0.0183799872568633
2002.34126984127,0.0209231148254343
2002.34523809524,-0.00567552417984452
2002.34920634921,0.00654092680546636
2002.35317460317,0.00758342183404359
2002.35714285714,-0.0133822335776212
2002.36111111111,-0.0110510573227423
2002.36507936508,0.00566971369670899
2002.36904761905,0.0101324672479413
2002.37301587302,-0.0121602672275358
2002.37698412698,-0.00858986827975716
2002.38095238095,-0.00643263149577411
2002.38492063492,-0.00281383842896155
2002.38888888889,0.00232667334531556
2002.39285714286,-0.0251078270667957
2002.39682539683,9.60905557345626e-06
2002.40079365079,0.0088109668403229
2002.40476190476,-0.0199617027158858
2002.40873015873,-0.00157535478055415
2002.4126984127,0.0031191268419537
2002.41666666667,-0.01676864085948
2002.42063492063,0.00654914675018681
2002.4246031746,-0.0105429044063934
2002.42857142857,-0.00227089143271098
2002.43253968254,0.0282875221037813
2002.43650793651,0.00093570191700465
2002.44047619048,-0.016674101630108
2002.44444444444,-0.0135225228131937
2002.44841269841,-0.0171897007626356
2002.45238095238,0.00361277173350416
2002.45634920635,-0.0168426317172301
2002.46031746032,-0.0026773777707163
2002.46428571429,0.0174225579284251
2002.46825396825,-0.000828090490954558
2002.47222222222,-0.0216197588829337
2002.47619047619,-0.0214539150752762
2002.48015873016,0.00620375475537571
2002.48412698413,0.0360714756199751
2002.4880952381,-0.0122584838288455
2002.49206349206,-0.0250296773126761
2002.49603174603,-0.0345520945326339
2002.5,0.00746821377407603
2002.50396825397,-0.00646922353973522
2002.50793650794,-0.00376226440342275
2002.5119047619,-0.0186824722736505
2002.51587301587,0.0056447924626255
2002.51984126984,-0.0273903898602761
2002.52380952381,-0.0391072843127427
2002.52777777778,-0.0334643843098705
2002.53174603175,-0.0273888097787935
2002.53571428571,0.0557443240734141
2002.53968253968,-0.00564768371346069
2002.54365079365,0.0167427293497671
2002.54761904762,0.0526665829728428
2002.55158730159,0.00424035179750337
2002.55555555556,0.00974434518083811
2002.55952380952,-0.0300198461773666
2002.56349206349,-0.0233528823918929
2002.56746031746,-0.0348979398512768
2002.57142857143,0.0294796960484192
2002.5753968254,0.019812436074055
2002.57936507937,0.0321984015785874
2002.58333333333,0.00350587427060844
2002.5873015873,-0.00534087915194359
2002.59126984127,-0.0219135059905415
2002.59523809524,0.0392659502522337
2002.59920634921,0.0114928259878608
2002.60317460317,-0.00159223710630041
2002.60714285714,0.0233374252445531
2002.61111111111,-0.0140564669747798
2002.61507936508,0.0126459849666789
2002.61904761905,0.013953763427037
2002.62301587302,-0.0229474861629253
2002.62698412698,0.0075074076270516
2002.63095238095,-0.0139477608614209
2002.63492063492,-0.0182982289945262
2002.63888888889,-7.62664313667116e-05
2002.64285714286,-0.00188672099242826
2002.64682539683,-0.0424234085493467
2002.65079365079,0.0173650364990596
2002.65476190476,-0.0160788773274696
2002.65873015873,0.0166607541202906
2002.6626984127,0.0100619699365323
2002.66666666667,0.00730469886032736
2002.67063492063,-0.000142933321849448
2002.6746031746,-0.0250965096386837
2002.67857142857,0.00326444524218239
2002.68253968254,0.00144869782932666
2002.68650793651,-0.0199256289128638
2002.69047619048,-0.00465869641992267
2002.69444444444,-0.0305258466340952
2002.69841269841,0.0024515766908042
2002.70238095238,-0.0139244339260296
2002.70634920635,-0.0174355138846023
2002.71031746032,0.0245589364624212
2002.71428571429,0.0180459397002153
2002.71825396825,-0.0327909924827186
2002.72222222222,-0.0147203826914453
2002.72619047619,0.0392428855635867
2002.73015873016,-0.0238700452587395
2002.73412698413,-0.0108814208968964
2002.7380952381,-0.0226865669460041
2002.74206349206,-0.0192961228998927
2002.74603174603,0.0167572410198265
2002.75,-0.0276661607568993
2002.75396825397,0.0343683393952841
2002.75793650794,0.0383151232278722
2002.7619047619,0.00729982487245895
2002.76587301587,0.0462493390633769
2002.76984126984,-0.0244084041133164
2002.77380952381,0.0220567582983167
2002.77777777778,0.00588573872909492
2002.78174603175,0.0171854619895919
2002.78571428571,-0.0106823819586532
2002.78968253968,0.00669542891972519
2002.79365079365,-0.0153378619617186
2002.79761904762,0.0170214485093858
2002.80158730159,-0.00830038101085595
2002.80555555556,-0.00911774673190724
2002.80952380952,0.00965678792545965
2002.81349206349,-0.00557286395033874
2002.81746031746,0.0170148279571132
2002.82142857143,0.0081689053784455
2002.8253968254,0.0077204370889703
2002.82936507937,0.0091020936698758
2002.83333333333,-0.0231174162609333
2002.8373015873,-0.00880170810521719
2002.84126984127,-0.0209502108822042
2002.84523809524,0.00768561146388791
2002.84920634921,-0.000475791295198036
2002.85317460317,0.024335205800841
2002.85714285714,0.00612978050754975
2002.86111111111,-0.0104630855266885
2002.86507936508,-0.00402871837540619
2002.86904761905,0.0192287068042827
2002.87301587302,0.0212247741198519
2002.87698412698,-0.00344363670439307
2002.88095238095,0.00249004647232542
2002.88492063492,-0.0211904927198887
2002.88888888889,0.0276016615270187
2002.89285714286,-0.00273040624412069
2002.89682539683,-0.00190288911623959
2002.90079365079,-0.0148551737838929
2002.90476190476,-0.0034487857370884
2002.90873015873,-0.0120935837162692
2002.9126984127,0.00624596538966582
2002.91666666667,-0.0224260186814735
2002.92063492063,0.0138608915676341
2002.9246031746,0.000563719680454433
2002.92857142857,-0.00374196413473094
2002.93253968254,-0.0135117573821359
2002.93650793651,0.0232470410608352
2002.94047619048,-0.00817258421352118
2002.94444444444,-0.013232380621611
2002.94841269841,-0.00773927045134393
2002.95238095238,0.012932691866351
2002.95634920635,0.0018068867358414
2002.96031746032,-0.00548650704431175
2002.96428571429,-0.00315353237837002
2002.96825396825,-0.0161584425083063
2002.97222222222,0.00454756053567618
2002.97619047619,0.000488855802961652
2002.98015873016,0.0326607558377789
2002.98412698413,-0.000484149611684082
2002.9880952381,0.022225555697025
2002.99206349206,-0.00656611104497706
2002.99603174603,-0.0141857184983341
2003,0.0192005898566165
2003.00396825397,0
2003.00793650794,-0.00141329055851713
2003.0119047619,0.0058129684870849
2003.01587301587,-0.0145309279356267
2003.01984126984,-0.00395020210084418
2003.02380952381,-0.0141162233493928
2003.02777777778,-0.0158268643976047
2003.03174603175,-0.0104871910991662
2003.03571428571,0.0101716910289413
2003.03968253968,-0.0296692507867222
2003.04365079365,-0.0162917324639205
2003.04761904762,0.0129660319906089
2003.05158730159,0.00675607654257337
2003.05555555556,-0.023114366335296
2003.05952380952,0.0130448650700332
2003.06349206349,0.00538456563735856
2003.06746031746,-0.0141879560208773
2003.07142857143,-0.00544986246535206
2003.0753968254,-0.00646951249785133
2003.07936507937,-0.0101449450287943
2003.08333333333,0.00754059022485709
2003.0873015873,-0.00813134671172566
2003.09126984127,-0.0127680934503758
2003.09523809524,-0.00160141839181271
2003.09920634921,0.0212081109264552
2003.10317460317,0.0193118939594896
2003.10714285714,-0.00712141192746607
2003.11111111111,-0.00954692401190371
2003.11507936508,0.0131375497322397
2003.11904761905,-0.0185517740644894
2003.12301587302,0.00716874685410396
2003.12698412698,-0.0132285318013157
2003.13095238095,0.0116890142373478
2003.13492063492,0.00461146054127237
2003.13888888889,-0.00756584911676494
2003.14285714286,-0.0154759245163465
2003.14682539683,0.00951673203466985
2003.15079365079,-0.00938291940864033
2003.15476190476,0.00822541418517453
2003.15873015873,-0.0261691693550352
2003.1626984127,-0.008394475395332
2003.16666666667,0.00431174807523504
2003.17063492063,0.0338766816217122
2003.1746031746,0.00164547801019399
2003.17857142857,0.0348136049762635
2003.18253968254,0.00423307980995435
2003.18650793651,0.00869885460265696
2003.19047619048,0.00188604894479916
2003.19444444444,0.0227167028711079
2003.19841269841,-0.0358670734229776
2003.20238095238,0.0120877622629454
2003.20634920635,-0.005490960612061
2003.21031746032,-0.00164512510715387
2003.21428571429,-0.00579671603883813
2003.21825396825,-0.0179010201687344
2003.22222222222,0.0120705062008737
2003.22619047619,0.0257807284968781
2003.23015873016,-0.0050644544471945
2003.23412698413,0.00273457699035173
2003.2380952381,0.00122812419489193
2003.24206349206,-0.00186552362687831
2003.24603174603,-0.0141034740752684
2003.25,0.00643429534989703
2003.25396825397,-0.0037703794349504
2003.25793650794,0.0193102211822023
2003.2619047619,0.00628366293579319
2003.26587301587,-0.0123115316698277
2003.26984126984,0.0154162366110642
2003.27380952381,-0.00175852284633038
2003.27777777778,0.021471618616161
2003.28174603175,0.00835892300885543
2003.28571428571,-0.00829309022410474
2003.28968253968,-0.0139431284854261
2003.29365079365,0.017677520402172
2003.29761904762,0.00327389689372914
2003.30158730159,-0.00100285604341188
2003.30555555556,-0.000676405476307984
2003.30952380952,0.014926781981873
2003.31349206349,-0.003802593143023
2003.31746031746,0.00842589915188263
2003.32142857143,-0.00511800946574148
2003.3253968254,-0.0101087952485246
2003.32936507937,0.014177441731154
2003.33333333333,0.0124567758571557
2003.3373015873,-0.00297762762323384
2003.34126984127,-0.00321007089075387
2003.34523809524,0.00783693928574714
2003.34920634921,-0.00250665133868022
2003.35317460317,-0.0252336357570018
2003.35714285714,-0.00113012780297783
2003.36111111111,0.00400402021527668
2003.36507936508,0.00910915105379573
2003.36904761905,0.00144765157259474
2003.37301587302,0.0193776955215972
2003.37698412698,0.00182705988767928
2003.38095238095,-0.00376276155251976
2003.38492063492,0.0145829275292959
2003.38888888889,0.00353260251653076
2003.39285714286,0.0047045316218135
2003.39682539683,0.0149967056165883
2003.40079365079,0.00394661458031642
2003.40476190476,-0.00240659401252419
2003.40873015873,-0.0120488907299672
2003.4126984127,0.00908832890009936
2003.41666666667,0.0127529070080783
2003.42063492063,0.001032069390555
2003.4246031746,-0.0099642516919678
2003.42857142857,0.0221380986923174
2003.43253968254,0.000909810189340554
2003.43650793651,-0.00155311024171034
2003.44047619048,-0.0153535306178654
2003.44444444444,0.000994779999539119
2003.44841269841,-0.0142113217952051
2003.45238095238,0.00184215533319954
2003.45634920635,-0.00830117541737074
2003.46031746032,0.0107081598778365
2003.46428571429,-0.00978581130818945
2003.46825396825,-0.00176345190056271
2003.47222222222,0.00799260190464235
2003.47619047619,0.0115685451162841
2003.48015873016,-0.00813361729714845
2003.48412698413,0.0188134907992916
2003.4880952381,0.00339916640293403
2003.49206349206,-0.00560186534948137
2003.49603174603,-0.0135718916210505
2003.5,0.00950259813110144
2003.50396825397,0.00571430126343841
2003.50793650794,-0.00343265749080146
2003.5119047619,-0.0063474449894878
2003.51587301587,-0.0125114243518043
2003.51984126984,0.0117365464569286
2003.52380952381,-0.0147255363539456
2003.52777777778,0.00946669601434458
2003.53174603175,0.000505888553425038
2003.53571428571,-0.00711602273958434
2003.53968253968,0.0172505136180199
2003.54365079365,-0.00216519731741638
2003.54761904762,-0.0072918038870462
2003.55158730159,-0.0018110356685348
2003.55555555556,0.00285165528466536
2003.55952380952,-0.0103124042499561
2003.56349206349,0.00272036928388175
2003.56746031746,-0.0178213187612011
2003.57142857143,0.00167655042530601
2003.5753968254,0.00725327721463476
2003.57936507937,0.00355585989338891
2003.58333333333,0.00306407209463266
2003.5873015873,0.00990398467619702
2003.59126984127,-0.00640203161088593
2003.59523809524,0.00656357760641058
2003.59920634921,0.000161519902631468
2003.60317460317,0.00911376327484792
2003.60714285714,0.00260727687420736
2003.61111111111,-0.00204728805934984
2003.61507936508,0.00296471016775346
2003.61904761905,-0.0102288589783841
2003.62301587302,0.000654328405594207
2003.62698412698,0.00303450726211807
2003.63095238095,6.01950319216726e-05
2003.63492063492,0.00605113792120715
2003.63888888889,0.00514211541567988
2003.64285714286,0.0137736167629416
2003.64682539683,0.00417916302551991
2003.65079365079,0.00165511370441784
2003.65476190476,-0.00642153902793829
2003.65873015873,0.00998532429238708
2003.6626984127,-0.00824411792063273
2003.66666666667,-0.0120448437388383
2003.67063492063,0.00542584222993536
2003.6746031746,0.00217193766125856
2003.67857142857,-0.00375718437104666
2003.68253968254,0.0141969871897558
2003.68650793651,-0.00325988348764294
2003.69047619048,0.0131782788766106
2003.69444444444,-0.00316010822358148
2003.69841269841,-0.0130931587992835
2003.70238095238,0.00605309253712694
2003.70634920635,-0.0192803299688915
2003.71031746032,-0.00607161580023519
2003.71428571429,-0.00641963687005287
2003.71825396825,0.00971341799054759
2003.72222222222,-0.0105965886303432
2003.72619047619,0.0220941471326679
2003.73015873016,0.00198188893693629
2003.73412698413,0.00937526683184231
2003.7380952381,0.00436004953857161
2003.74206349206,0.00472608904368865
2003.74603174603,-0.00527731165970646
2003.75,0.00477682560030779
2003.75396825397,-0.000645226549861988
2003.75793650794,0.00699817102915112
2003.7619047619,0.00394304583280558
2003.76587301587,-0.00259512415231544
2003.76984126984,0.00315714936298495
2003.77380952381,-0.0102901754651583
2003.77777777778,0.0051439652773162
2003.78174603175,0.0012914274936513
2003.78571428571,-0.0150937901811199
2003.78968253968,0.00330405846743265
2003.79365079365,-0.00471232473619576
2003.79761904762,0.00215529878971576
2003.80158730159,0.0150730504454124
2003.80555555556,0.00126020351777445
2003.80952380952,-0.00111691856674767
2003.81349206349,0.00359450247579307
2003.81746031746,0.00787782605035225
2003.82142857143,-0.00546333030521318
2003.8253968254,-0.00136813223814425
2003.82936507937,0.00591510165979869
2003.83333333333,-0.00458494783093322
2003.8373015873,-0.0058086550158043
2003.84126984127,-0.000515838152892911
2003.84523809524,0.0113630028855303
2003.84920634921,-0.000113371186833966
2003.85317460317,-0.00764434003815673
2003.85714285714,-0.0064184214460683
2003.86111111111,-0.00912518725028821
2003.86507936508,0.00798428581449695
2003.86904761905,-0.00846789158850303
2003.87301587302,0.00157569404208768
2003.87698412698,0.0160972355202951
2003.88095238095,0.0017189232948871
2003.88492063492,0.00431749347499277
2003.88888888889,-0.000236222333557912
2003.89285714286,0.0112014402303418
2003.89682539683,-0.00327602153772411
2003.90079365079,-0.0017735242877972
2003.90476190476,0.00467568609333746
2003.90873015873,-0.00771392982487829
2003.9126984127,0.00732122661930035
2003.91666666667,-0.0085655237520541
2003.92063492063,-0.00106642517055011
2003.9246031746,0.011416570818251
2003.92857142857,0.00273149073273604
2003.93253968254,-0.00569514838868646
2003.93650793651,0.00661639148054238
2003.94047619048,0.00125487442162431
2003.94444444444,0.0117286606259208
2003.94841269841,-0.000477537385558335
2003.95238095238,0.00392373073993291
2003.95634920635,0.00281412363187794
2003.96031746032,-0.00180817013183621
2003.96428571429,0.00168955212274557
2003.96825396825,0.012324618564719
2003.97222222222,0.000144201305271707
2003.97619047619,0.0020526123989546
2003.98015873016,-0.00309854328254122
2003.98412698413,0.0123191587991904
2003.9880952381,0.00129124774718914
2003.99206349206,0.00236444554600013
2003.99603174603,0.00495074630135584
2004,-0.00892728377397578
2004.00396825397,0.00477527373688513
2004.00793650794,-0.00534591768838677
2004.0119047619,0.00826032568635782
2004.01587301587,0.0013524445504105
2004.01984126984,0.00684898006262458
2004.02380952381,-0.000930395924220839
2004.02777777778,0.0077415000931067
2004.03174603175,-0.00321178861862315
2004.03571428571,-0.00209145598641225
2004.03968253968,0.0120336509508503
2004.04365079365,-0.00984604069795569
2004.04761904762,-0.0137030038184882
2004.05158730159,0.00497660788713006
2004.05555555556,-0.00263106930752866
2004.05952380952,0.00364456653225442
2004.06349206349,0.000678028811378795
2004.06746031746,-0.00840649356277012
2004.07142857143,0.00183583114027552
2004.0753968254,0.0124773230333464
2004.07936507937,-0.00258480716251341
2004.08333333333,0.00501455970168152
2004.0873015873,0.010610962233752
2004.09126984127,-0.00489205995843633
2004.09523809524,-0.00548323334542733
2004.09920634921,0.00970999465096245
2004.10317460317,-0.00447850506644087
2004.10714285714,-0.00414115291141126
2004.11111111111,-0.00257510497270985
2004.11507936508,-0.00273073558163617
2004.11904761905,-0.00166660857494794
2004.12301587302,0.00401269178142094
2004.12698412698,0.00108364149065565
2004.13095238095,2.62025896908824e-05
2004.13492063492,0.0095875844698865
2004.13888888889,-0.00596079107489444
2004.14285714286,0.00167816641054763
2004.14682539683,0.00333058983451462
2004.15079365079,0.00172165477070951
2004.15476190476,-0.0083852474340036
2004.15873015873,-0.00578728590754718
2004.1626984127,-0.0147410230419247
2004.16666666667,-0.0153409832584144
2004.17063492063,0.0123825857628761
2004.1746031746,-0.0144537944516898
2004.17857142857,0.0056067572244185
2004.18253968254,0.0116808596127553
2004.18650793651,-0.00127333537531271
2004.19047619048,-0.0112361739461937
2004.19444444444,-0.0130422041147025
2004.19841269841,-0.00132459425126896
2004.20238095238,-0.00239786320779167
2004.20634920635,0.0162328833037515
2004.21031746032,-0.00101928072867974
2004.21428571429,0.0129208757357233
2004.21825396825,0.00402762083842134
2004.22222222222,-0.000701221841169719
2004.22619047619,0.00527813196757787
2004.23015873016,0.00847857742686564
2004.23412698413,0.00764274914319341
2004.2380952381,-0.00209681074592183
2004.24206349206,-0.00666759435930953
2004.24603174603,-0.00106147344220986
2004.25,0.00514770103515705
2004.25396825397,-0.0138573595767975
2004.25793650794,-0.00112508372479336
2004.2619047619,0.000593705849491144
2004.26587301587,0.00509842276059569
2004.26984126984,0.00106587748977649
2004.27380952381,-0.0156793231495058
2004.27777777778,0.0052982855497623
2004.28174603175,0.0139930375720079
2004.28571428571,0.000587582727941793
2004.28968253968,-0.00445493744656922
2004.29365079365,0.00226948954748796
2004.29761904762,-0.0138908325951084
2004.30158730159,-0.00761976588396074
2004.30555555556,-0.0059337736402254
2004.30952380952,0.00916047919776197
2004.31349206349,0.0018417199355234
2004.31746031746,0.00176700565368559
2004.32142857143,-0.00674565970477659
2004.3253968254,-0.0138205020794215
2004.32936507937,-0.0105956650945931
2004.33333333333,0.00763324012198652
2004.3373015873,0.00166915254032673
2004.34126984127,-0.000765822476026301
2004.34523809524,-0.000675139387181112
2004.34920634921,-0.0106432787441024
2004.35317460317,0.00679358557670717
2004.35714285714,-0.00257778205922232
2004.36111111111,0.000468347522415868
2004.36507936508,0.00400412858888899
2004.36904761905,0.00169029309718116
2004.37301587302,0.0159752725031215
2004.37698412698,0.00169659689078916
2004.38095238095,0.00567029808078967
2004.38492063492,-0.000535245958290353
2004.38888888889,0.000463896381006634
2004.39285714286,0.00337460641949239
2004.39682539683,-0.00744997044128404
2004.40079365079,0.00523416434756818
2004.40476190476,0.0158382749743913
2004.40873015873,0.00154210141836941
2004.4126984127,-0.0095447852634063
2004.41666666667,0.00453303536605087
2004.42063492063,-0.00988618691449972
2004.4246031746,0.00595403344905598
2004.42857142857,0.00136830929243814
2004.43253968254,-0.00133297453982184
2004.43650793651,0.00262012350663987
2004.44047619048,-0.00416718770894153
2004.44444444444,0.00362960777504551
2004.44841269841,0.00847064714513479
2004.45238095238,-0.0029850637779818
2004.45634920635,-0.0054679532125359
2004.46031746032,-0.000952473415982702
2004.46428571429,0.0025115124126609
2004.46825396825,0.00407547203591285
2004.47222222222,-0.010485693797043
2004.47619047619,-0.00315838297966842
2004.48015873016,-0.00818173810009881
2004.48412698413,0.00189748282516966
2004.4880952381,-0.00827860921771162
2004.49206349206,0.00333045602003068
2004.49603174603,0.00138292735630685
2004.5,0.000708682284346729
2004.50396825397,-0.00329649406357824
2004.50793650794,-0.0043098851291905
2004.5119047619,-0.00480055992388895
2004.51587301587,-0.000444991357256619
2004.51984126984,0.00703307161843814
2004.52380952381,-0.0134300899430642
2004.52777777778,0.00270230956149309
2004.53174603175,-0.00974795171247944
2004.53571428571,-0.00196289004031414
2004.53968253968,0.00987662349591201
2004.54365079365,0.000538751297130879
2004.54761904762,0.00456316113884458
2004.55158730159,0.00117158245129101
2004.55555555556,0.00443772973499268
2004.55952380952,-0.0062820027921644
2004.56349206349,-0.000964372868510033
2004.56746031746,-0.0164549697088079
2004.57142857143,-0.0156017842937519
2004.5753968254,0.00117415556489409
2004.57936507937,0.0128904063531197
2004.58333333333,-0.00301648154550982
2004.5873015873,-0.0117438306826312
2004.59126984127,0.00147554337566103
2004.59523809524,0.0135627551217485
2004.59920634921,0.00219337909826667
2004.60317460317,0.0123664800410257
2004.60714285714,-0.00360410196203986
2004.61111111111,0.00650355328029217
2004.61507936508,-0.00243387858692667
2004.61904761905,0.000465356074222711
2004.62301587302,0.00796860405413646
2004.62698412698,0.000117644397321648
2004.63095238095,0.0024222059328789
2004.63492063492,-0.00781183172570188
2004.63888888889,0.00462016170919721
2004.64285714286,0.00151120993400689
2004.64682539683,0.0111500916891583
2004.65079365079,-0.00419366726602632
2004.65476190476,0.00686377659437287
2004.65873015873,-0.00449595630337729
2004.6626984127,0.00188843946663475
2004.66666666667,0.00494136491330366
2004.67063492063,0.00168908447351779
2004.6746031746,0.00222700444723944
2004.67857142857,-0.007079675588062
2004.68253968254,0.00278982474929279
2004.68650793651,0.00448481025238134
2004.69047619048,-0.00564257856089334
2004.69444444444,0.00630692741275229
2004.69841269841,-0.0140358813348209
2004.70238095238,-0.00468064511202293
2004.70634920635,0.00157766421270722
2004.71031746032,-0.00595403881250611
2004.71428571429,0.00590899721658467
2004.71825396825,0.00426094870822702
2004.72222222222,-0.000197364290263735
2004.72619047619,0.0150665337560625
2004.73015873016,0.00323823336172957
2004.73412698413,-0.000608023282230974
2004.7380952381,0.0066504969415524
2004.74206349206,-0.0100322045256398
2004.74603174603,-0.00755511208678605
2004.75,0.00200308987845155
2004.75396825397,-0.00227047194227303
2004.75793650794,-0.00732728542090211
2004.7619047619,-0.00934628399024628
2004.76587301587,0.00444045242600222
2004.76984126984,0.00523801721418593
2004.77380952381,-0.00973285391951872
2004.77777777778,0.000389688661819321
2004.78174603175,0.00256091355488142
2004.78571428571,-0.00976290885663289
2004.78968253968,-0.000858235921460171
2004.79365079365,0.0147698172929367
2004.79761904762,0.0127970125397177
2004.80158730159,0.00181104788407715
2004.80555555556,0.0024450323124876
2004.80952380952,0.000274250126679476
2004.81349206349,4.4226848357809e-05
2004.81746031746,0.0111182624448771
2004.82142857143,0.0160272773471988
2004.8253968254,0.00386624991877227
2004.82936507937,-0.0010982129405912
2004.83333333333,-0.000695586489014133
2004.8373015873,-0.00100559099832243
2004.84126984127,0.00904820865848333
2004.84523809524,0.00906841410607129
2004.84920634921,-0.000304056624442772
2004.85317460317,-0.00710401251483894
2004.85714285714,0.00552311817734541
2004.86111111111,0.0013612403760801
2004.86507936508,-0.011224091765504
2004.86904761905,0.00587841084821328
2004.87301587302,-0.000254865814529381
2004.87698412698,0.00408700276361884
2004.88095238095,0.000752830551414618
2004.88492063492,-0.00345584406414634
2004.88888888889,-0.00403845149459059
2004.89285714286,0.0148405177607147
2004.89682539683,-0.000873325831213023
2004.90079365079,0.00070543777857246
2004.90476190476,-0.00077264829032142
2004.90873015873,-0.0111350693457712
2004.9126984127,0.00486466372843619
2004.91666666667,0.00542148415882338
2004.92063492063,-0.0010432266935263
2004.9246031746,0.00894973040946834
2004.92857142857,0.00391331273822271
2004.93253968254,0.00194263478967027
2004.93650793651,-0.00208391352870141
2004.94047619048,-0.00751648021835827
2004.94444444444,0.000376750323647812
2004.94841269841,0.00899968575876908
2004.95238095238,0.00341198333509318
2004.95634920635,0.000462867305863313
2004.96031746032,-0.00431461715692016
2004.96428571429,0.00712853344920994
2004.96825396825,-7.41659422098806e-05
2004.97222222222,8.2406262922774e-05
2004.97619047619,-0.00134406959919975
2004.98015873016,-0.00815248922921796
2004.98412698413,-0.011740082041829
2004.9880952381,-0.00363438984408848
2004.99206349206,0.00349970630810592
2004.99603174603,-0.001432133955519
2005,0.00341687898710852
2005.00396825397,-0.00611823721734517
2005.00793650794,0.00397353192291128
2005.0119047619,-0.00866758063620487
2005.01587301587,0.00598654607380666
2005.01984126984,0.00962830374493251
2005.02380952381,-0.00953544343631574
2005.02777777778,-0.00781346664200822
2005.03174603175,-0.00643544606055269
2005.03571428571,-0.00353402723257545
2005.03968253968,0.00399630059845268
2005.04365079365,0.0048324946337468
2005.04761904762,0.000408750676298197
2005.05158730159,-0.00271962860144193
2005.05555555556,0.00842466398321928
2005.05952380952,0.00686725495606844
2005.06349206349,0.00317300694318057
2005.06746031746,-0.00276952692257648
2005.07142857143,0.0109825084613764
2005.0753968254,-0.00108951045188377
2005.07936507937,0.000482525113146615
2005.08333333333,-0.00861220965250364
2005.0873015873,0.00420260141359741
2005.09126984127,0.00690171785234028
2005.09523809524,0.000696679190836491
2005.09920634921,0.00329435044199933
2005.10317460317,0.000181783628406151
2005.10714285714,-0.007954950310606
2005.11111111111,0.0006993181932895
2005.11507936508,-0.0146120172890667
2005.11904761905,0.00559168769246465
2005.12301587302,0.00786285941379106
2005.12698412698,0.00926374094976623
2005.13095238095,-0.00643488474928855
2005.13492063492,0.00564207941578765
2005.13888888889,-0.00027267206395809
2005.14285714286,0.000322240815826547
2005.14682539683,0.00957834165938998
2005.15079365079,0.00260681760579029
2005.15476190476,-0.00481033675423337
2005.15873015873,-0.0102373093671391
2005.1626984127,0.00185410563573907
2005.16666666667,-0.00761211148245788
2005.17063492063,0.00560886588687559
2005.1746031746,-0.00755229034427884
2005.17857142857,-0.00811465501758502
2005.18253968254,0.00179962037906112
2005.18650793651,-0.000470615927269158
2005.19047619048,-0.00494643782926563
2005.19444444444,-0.0102484881226479
2005.19841269841,0.000699587101528287
2005.20238095238,-0.000947119249962824
2005.20634920635,0.00243850570593285
2005.21031746032,-0.00762514166233164
2005.21428571429,0.0136785882302233
2005.21825396825,-0.000694326869553841
2005.22222222222,-0.00651794736721367
2005.22619047619,0.00272451893494097
2005.23015873016,0.00447082623461803
2005.23412698413,0.00226594501425215
2005.2380952381,0.00595317540784102
2005.24206349206,-0.00837996085603177
2005.24603174603,8.46593097669768e-06
2005.25,0.00552984351099539
2005.25396825397,-0.0118313505626952
2005.25793650794,-0.0100521430030236
2005.2619047619,-0.016861815670465
2005.26587301587,0.00293629503986015
2005.26984126984,0.00591625035624865
2005.27380952381,-0.0133435446465597
2005.27777777778,0.0195440288980491
2005.28174603175,-0.00677317722562165
2005.28571428571,0.00862498973129533
2005.28968253968,-0.00887673130687805
2005.29365079365,0.00394245401706517
2005.29761904762,-0.0114455937248144
2005.30158730159,0.01185195193949
2005.30555555556,0.00457954841093766
2005.30952380952,-0.000852225090640424
2005.31349206349,0.0123930686396267
2005.31746031746,-0.0025720967388434
2005.32142857143,-0.00109215959797737
2005.3253968254,0.00637397432407116
2005.32936507937,-0.0107631547428344
2005.33333333333,0.00418426763404955
2005.3373015873,-0.0100838882853678
2005.34126984127,-0.00459063402095339
2005.34523809524,0.0100356916667304
2005.34920634921,0.00693316277174461
2005.35317460317,0.00996888765681003
2005.35714285714,0.0046452217634263
2005.36111111111,-0.00151237656748737
2005.36507936508,0.00384367316957857
2005.36904761905,0.000175884553183181
2005.37301587302,-0.00340592926813343
2005.37698412698,0.00637454360116241
2005.38095238095,0.000968118920549266
2005.38492063492,-0.00609135541452588
2005.38888888889,0.00895683009491233
2005.39285714286,0.00172033401940741
2005.39682539683,-0.00689080387433094
2005.40079365079,0.00124502320210595
2005.40476190476,-0.000208788318634134
2005.40873015873,-0.00216561606086785
2005.4126984127,0.005226260017273
2005.41666666667,-0.00235094145893999
2005.42063492063,0.00225934158378482
2005.4246031746,0.00256993650071102
2005.42857142857,0.00221531812365861
2005.43253968254,0.00362352208643202
2005.43650793651,0.00494251228558529
2005.44047619048,-0.000706928752941316
2005.44444444444,-0.00204962803931519
2005.44841269841,0.000222451998660667
2005.45238095238,-0.0108921357965883
2005.45634920635,-0.00765793986114538
2005.46031746032,-0.000738794287799216
2005.46428571429,0.00909606398637841
2005.46825396825,-0.00143248602420432
2005.47222222222,-0.0071262189010417
2005.47619047619,0.0026071262205356
2005.48015873016,0.00879381185269956
2005.48412698413,-0.00837529323506736
2005.4880952381,0.00244900469692055
2005.49206349206,0.0116113898091452
2005.49603174603,0.00623536754745402
2005.5,0.00226895844070185
2005.50396825397,0.000883255015508233
2005.50793650794,0.00262063428874804
2005.5119047619,0.00115709630660898
2005.51587301587,-0.00554502145551794
2005.51984126984,0.00670891485056835
2005.52380952381,0.00474732587030857
2005.52777777778,-0.00662813525396277
2005.53174603175,0.00539680753285143
2005.53571428571,-0.00377633219178364
2005.53968253968,0.00173157401030544
2005.54365079365,0.00456249905091788
2005.54761904762,0.00558757516004071
2005.55158730159,-0.00770010665225307
2005.55555555556,0.000947548794742126
2005.55952380952,0.00707412194800394
2005.56349206349,0.000739205227380246
2005.56746031746,-0.00740057390290616
2005.57142857143,-0.00766772767619539
2005.5753968254,-0.00268620928604069
2005.57936507937,0.00672234463745891
2005.58333333333,-0.00182888964251848
2005.5873015873,0.00703708709564665
2005.59126984127,-0.00601249684207872
2005.59523809524,0.00282437917538214
2005.59920634921,-0.0118458427191861
2005.60317460317,0.000737831955361479
2005.60714285714,-0.00100030345410396
2005.61111111111,0.000565868315403506
2005.61507936508,0.00165476150217625
2005.61904761905,-0.00339439185925094
2005.62301587302,-0.00659203600057534
2005.62698412698,0.00229566237336609
2005.63095238095,-0.00601457053534737
2005.63492063492,0.00594033301649599
2005.63888888889,-0.00319743816607154
2005.64285714286,0.00981586807049784
2005.64682539683,0.00103197493105611
2005.65079365079,-0.00292669938904666
2005.65476190476,0.0125398863583914
2005.65873015873,0.00240510289030738
2005.6626984127,-0.00380060667450088
2005.66666666667,0.0079332442030795
2005.67063492063,-0.000741325717662278
2005.6746031746,-0.00757358703122346
2005.67857142857,-0.00328674696701103
2005.68253968254,0.000464379267700821
2005.68650793651,0.00825753787672312
2005.69047619048,-0.00558137969591321
2005.69444444444,-0.00789447737987192
2005.69841269841,-0.00916298143807648
2005.70238095238,0.00364563546604835
2005.70634920635,0.000551460767665546
2005.71031746032,0.000279729486956981
2005.71428571429,2.46782572235205e-05
2005.71825396825,0.0010112845407706
2005.72222222222,0.00882778572246945
2005.72619047619,0.000920011951771826
2005.73015873016,-0.001718584342421
2005.73412698413,-0.010019869424827
2005.7380952381,-0.0149990783015772
2005.74206349206,-0.00410406459093249
2005.74603174603,0.00369441525339198
2005.75,-0.00719195120877192
2005.75396825397,-0.00207402485610242
2005.75793650794,-0.00608666246012923
2005.7619047619,-0.000713521257528882
2005.76587301587,0.00823391199347956
2005.76984126984,0.00297054500268512
2005.77380952381,-0.0101004135375797
2005.77777777778,0.014845042826745
2005.78174603175,-0.015133674967089
2005.78571428571,0.00151862894473442
2005.78968253968,0.0166378361360069
2005.79365079365,-0.00237069796163158
2005.79761904762,-0.004321759549204
2005.80158730159,-0.0105304987822938
2005.80555555556,0.0164138778893372
2005.80952380952,0.0071505488799346
2005.81349206349,-0.00352731124257843
2005.81746031746,0.00992761057388503
2005.82142857143,0.00425515079138084
2005.8253968254,0.000163929051874234
2005.82936507937,0.00218588269356523
2005.83333333333,-0.00345703629294825
2005.8373015873,0.00168905108947559
2005.84126984127,0.00841084901711486
2005.84523809524,0.00304987096016962
2005.84920634921,-0.000777806624641997
2005.85317460317,-0.00385744985521708
2005.85714285714,0.00178845841949649
2005.86111111111,0.00936947286996226
2005.86507936508,0.00439169416487228
2005.86904761905,0.00525745082645646
2005.87301587302,0.0050713917474301
2005.87698412698,0.00346678411516699
2005.88095238095,0.00208377807398108
2005.88492063492,-0.00854418412395574
2005.88888888889,1.59049520069843e-05
2005.89285714286,-0.00638225353050803
2005.89682539683,0.0120837538196774
2005.90079365079,0.000324142704685393
2005.90476190476,-0.00236628433794195
2005.90873015873,0.00127484883387208
2005.9126984127,-0.00502168785646262
2005.91666666667,-0.00121756652966898
2005.92063492063,0.00280692452533771
2005.9246031746,0.000841336663644832
2005.92857142857,0.0055382955483374
2005.93253968254,0.00418082863320191
2005.93650793651,-0.00141527259753538
2005.94047619048,-0.0028523496051065
2005.94444444444,-0.00585620768005857
2005.94841269841,-0.000238138708984259
2005.95238095238,0.00251347058478313
2005.95634920635,0.00421193000120201
2005.96031746032,0.000425736570106139
2005.96428571429,-0.00959931337568687
2005.96825396825,0.00129637232784585
2005.97222222222,-0.00298496991899899
2005.97619047619,-0.00489869961649081
2005.98015873016,0.0162969571504821
2005.98412698413,0.00366603354426509
2005.9880952381,1.57051206555181e-05
2005.99206349206,0.00935554103254521
2005.99603174603,0.00364963908754934
2006,-0.000356611266493445
2006.00396825397,0.00347541054260692
2006.00793650794,-0.00629400893391807
2006.0119047619,0.00120450577377795
2006.01587301587,-0.00356331874250237
2006.01984126984,-0.0039828866846312
2006.02380952381,0.00554826489507221
2006.02777777778,-0.018496284270765
2006.03174603175,0.001845318524202
2006.03571428571,0.00240251747535325
2006.03968253968,-0.00172227224445543
2006.04365079365,0.00720898450404128
2006.04761904762,0.00773400269579394
2006.05158730159,0.00114445438761823
2006.05555555556,-0.00398399136067962
2006.05952380952,0.00185753251409526
2006.06349206349,-0.00910200933927729
2006.06746031746,-0.00537306953307048
2006.07142857143,0.000782902710952271
2006.0753968254,-0.00812767391884694
2006.07936507937,0.00862556579176221
2006.08333333333,-0.00147859426091212
2006.0873015873,0.00253677870484381
2006.09126984127,-0.00326501861291018
2006.09523809524,0.00998278847617673
2006.09920634921,0.00349829942023039
2006.10317460317,0.00730140475212959
2006.10714285714,-0.00166109126845448
2006.11111111111,-0.00327592335826843
2006.11507936508,0.00748537874088129
2006.11904761905,-0.00378227588694546
2006.12301587302,0.00127268934849489
2006.12698412698,0.00363066722290206
2006.13095238095,-0.0104553574396311
2006.13492063492,0.00822742694540057
2006.13888888889,-0.0016276676021576
2006.14285714286,-0.00148270655993876
2006.14682539683,-0.00699284468279249
2006.15079365079,-0.00186364153009855
2006.15476190476,0.00202791386270462
2006.15873015873,-0.00489278429329243
2006.1626984127,0.00719757184735048
2006.16666666667,0.00211260821883741
2006.17063492063,0.0103424754322692
2006.1746031746,0.00426072553816148
2006.17857142857,0.00177123515166677
2006.18253968254,0.0014698117153582
2006.18650793651,-0.00166135250838639
2006.19047619048,-0.0060331196596044
2006.19444444444,0.00600246972779761
2006.19841269841,-0.00258563620618713
2006.20238095238,0.000982868981305174
2006.20634920635,-0.00102896467597535
2006.21031746032,-0.00645899487712409
2006.21428571429,0.0074419091432425
2006.21825396825,-0.00202832034012612
2006.22222222222,-0.00414624965895172
2006.22619047619,0.00226792451066338
2006.23015873016,0.00623720212013179
2006.23412698413,0.00430183777764626
2006.2380952381,-0.00192322428203173
2006.24206349206,-0.0103973231184753
2006.24603174603,0.000864157577348479
2006.25,-0.00778111614478938
2006.25396825397,0.00120402859159796
2006.25793650794,0.00077602400256449
2006.2619047619,-0.00294432033091852
2006.26587301587,0.0169331480455615
2006.26984126984,0.00202505790945828
2006.27380952381,0.00116731976068873
2006.27777777778,-0.000137261032571168
2006.28174603175,-0.00242041204066012
2006.28571428571,-0.00488151629352629
2006.28968253968,0.00281533661206446
2006.29365079365,0.00329620623245219
2006.29761904762,0.000679303777939566
2006.30158730159,-0.00414405364060766
2006.30555555556,0.00612589755596993
2006.30952380952,-0.00388352965646988
2006.31349206349,0.00315222920414193
2006.31746031746,0.0102426587566278
2006.32142857143,-0.000830057170680298
2006.3253968254,0.000362291497659761
2006.32936507937,-0.00172961421371642
2006.33333333333,-0.012880726784859
2006.3373015873,-0.0113047762472691
2006.34126984127,0.00252152322142063
2006.34523809524,-0.00187119726133478
2006.34920634921,-0.016984485712416
2006.35317460317,-0.00672163912629475
2006.35714285714,0.00412838092875223
2006.36111111111,-0.00392234894552068
2006.36507936508,-0.00435948519630358
2006.36904761905,0.00158241092201283
2006.37301587302,0.0113058937991131
2006.37698412698,0.00570302050221283
2006.38095238095,-0.0159765290823302
2006.38492063492,0.00807922306399966
2006.38888888889,0.012223330840671
2006.39285714286,0.00195032560762876
2006.39682539683,-0.0179600756318434
2006.40079365079,-0.00113872712115892
2006.40476190476,-0.00611113012985065
2006.40873015873,0.00141602518410444
2006.4126984127,-0.00448565226304787
2006.41666666667,-0.0119371311510541
2006.42063492063,-0.0111738453982664
2006.4246031746,0.00517580514222615
2006.42857142857,0.0210127592870535
2006.43253968254,-0.00368465544285446
2006.43650793651,-0.00915858019352456
2006.44047619048,-8.06370325623362e-06
2006.44444444444,0.00969385520089983
2006.44841269841,-0.00528466279142137
2006.45238095238,-0.000883498712141773
2006.45634920635,0.00485760816666136
2006.46031746032,-0.00912544087164946
2006.46428571429,0.00547241024473966
2006.46825396825,0.0213357730212289
2006.47222222222,-0.00209982499975325
2006.47619047619,0.00783413602903327
2006.48015873016,-0.00727532510115037
2006.48412698413,0.00249117021237755
2006.4880952381,-0.00677285267886862
2006.49206349206,0.0014687189254321
2006.49603174603,0.00400824233270125
2006.5,-0.0109284659955664
2006.50396825397,-0.0130515911736877
2006.50793650794,-0.00490624269397255
2006.5119047619,-0.00138422891827172
2006.51587301587,0.00191798063935344
2006.51984126984,0.0183850059779695
2006.52380952381,-0.00851360694831982
2006.52777777778,-0.00710208575263138
2006.53174603175,0.0164884592675074
2006.53571428571,0.00630093910452434
2006.53968253968,-0.00037835793111185
2006.54365079365,-0.00410807972276039
2006.54761904762,0.0120784393551725
2006.55158730159,-0.00147933073577189
2006.55555555556,-0.0045062449172546
2006.55952380952,0.0050935428547092
2006.56349206349,0.00223640267118874
2006.56746031746,-0.000711040297495913
2006.57142857143,-0.00281003499806864
2006.5753968254,-0.00336834158884791
2006.57936507937,-0.00435874783164358
2006.58333333333,0.004618254220496
2006.5873015873,-0.00399441156654223
2006.59126984127,0.00115978631907954
2006.59523809524,0.0136035209374441
2006.59920634921,0.00763270798660365
2006.60317460317,0.00158123531255239
2006.60714285714,0.00370801031060353
2006.61111111111,-0.00367718179422294
2006.61507936508,0.00100140976038521
2006.61904761905,-0.00449879414991816
2006.62301587302,0.00237152734697421
2006.62698412698,-0.000748702348618124
2006.63095238095,0.00515236788894846
2006.63492063492,0.00191860568588975
2006.63888888889,0.00083536111232263
2006.64285714286,-0.001188108326593
2006.64682539683,0.0054994153508483
2006.65079365079,0.00170714833439778
2006.65476190476,-0.00994073638177717
2006.65873015873,-0.00481059256034921
2006.6626984127,0.00377949804691102
2006.66666666667,0.000477205738603992
2006.67063492063,0.0103042396253361
2006.6746031746,0.00385395012322931
2006.67857142857,-0.00135896921478196
2006.68253968254,0.00256455143326484
2006.68650793651,0.00115114900399238
2006.69047619048,-0.00268301901879209
2006.69444444444,0.00570604162057009
2006.69841269841,-0.00541010168662837
2006.70238095238,-0.00246884632828337
2006.70634920635,0.00877653627830099
2006.71031746032,0.00749612932109489
2006.71428571429,0.000179577544310305
2006.71825396825,0.0017118491773207
2006.72222222222,-0.00226565021226488
2006.72619047619,-0.00339686210916224
2006.73015873016,0.00209347161167983
2006.73412698413,0.0119883267611236
2006.7380952381,0.00223420797082241
2006.74206349206,-0.00268609497713079
2006.74603174603,0.000792519252665436
2006.75,0.00204136043197334
2006.75396825397,-0.00256716757654996
2006.75793650794,0.00949586533658131
2006.7619047619,0.00204511790388917
2006.76587301587,0.00251583498942143
2006.76984126984,-0.00366615731638653
2006.77380952381,0.00128212190393295
2006.77777777778,0.00084895861302936
2006.78174603175,0.00119902337837896
2006.78571428571,0.00613342443303022
2006.78968253968,0.000261399943400242
2006.79365079365,0.00350775834378947
2006.79761904762,0.00495075524954469
2006.80158730159,-0.00848755465740147
2006.80555555556,0.000428270194222868
2006.80952380952,7.25723637184927e-06
2006.81349206349,-0.00737870961370302
2006.81746031746,-0.000343674024916751
2006.82142857143,-0.00222577005390701
2006.8253968254,0.0112825895838018
2006.82936507937,0.00221528929162496
2006.83333333333,0.00208050469474408
2006.8373015873,-0.00534723873192711
2006.84126984127,0.00186283908423324
2006.84523809524,0.00254581885723937
2006.84920634921,0.00633633548097556
2006.85317460317,0.00240161561276331
2006.85714285714,0.00228156289408066
2006.86111111111,0.00102821898696792
2006.86507936508,-0.000499696623168511
2006.86904761905,0.00164805214039454
2006.87301587302,0.00233543486121235
2006.87698412698,-0.00366222479534262
2006.88095238095,-0.0136477965577431
2006.88492063492,0.00343846503735001
2006.88888888889,0.00915949264920979
2006.89285714286,0.000821396348470671
2006.89682539683,-0.00280266436396204
2006.90079365079,0.00884592503739601
2006.90476190476,0.00399450932714362
2006.90873015873,-0.00131557561253093
2006.9126984127,-0.0039784605999289
2006.91666666667,0.00181035358428083
2006.92063492063,0.00226718909107415
2006.9246031746,-0.00104793608683806
2006.92857142857,0.00116823683886302
2006.93253968254,0.00865190164648055
2006.93650793651,0.00112179161866699
2006.94047619048,-0.00323557871666758
2006.94444444444,0.00215587700204178
2006.94841269841,-0.00141800183811824
2006.95238095238,-0.00368073101105448
2006.95634920635,-0.0053304050482943
2006.96031746032,0.00434282031791344
2006.96428571429,0.00699082228469461
2006.96825396825,-0.00147988678874178
2006.97222222222,-0.00452335076557198
2006.97619047619,-0.00119933698104013
2006.98015873016,0.0012275393613228
2006.98412698413,-0.00610316422124413
2006.9880952381,0.00221785356008297
2006.99206349206,-0.00051682331811076
2006.99603174603,0.00193847868948094
2007,0.00631988209676404
2007.00396825397,0.00484140302118252
2007.00793650794,0.000817430170960698
2007.0119047619,-0.000894316955209362
2007.01587301587,-0.00297516136558773
2007.01984126984,0.00289127813100087
2007.02380952381,-0.00529185205206684
2007.02777777778,0.00353567963579149
2007.03174603175,0.00846552619914132
2007.03571428571,-0.0113338014860815
2007.03968253968,-0.00120868015614217
2007.04365079365,-0.00109750960784361
2007.04761904762,0.00575553276166207
2007.05158730159,0.00657121504046376
2007.05555555556,0.00533948525679673
2007.05952380952,0.00169296561564813
2007.06349206349,-0.000967057939964988
2007.06746031746,0.000697757188092396
2007.07142857143,0.00139405547728266
2007.0753968254,-0.00117998999314306
2007.07936507937,-0.00710237640173261
2007.08333333333,-0.00326666794637376
2007.0873015873,0.00756876456471023
2007.09126984127,0.00761498527287596
2007.09523809524,0.00103704883079914
2007.09920634921,-0.000872147977063698
2007.10317460317,0.0028402678241477
2007.10714285714,-0.00140540452500648
2007.11111111111,-0.000857924356244766
2007.11507936508,-0.00356999522773549
2007.11904761905,-0.0012549302471605
2007.12301587302,-0.0353426921329527
2007.12698412698,0.00554555105263521
2007.13095238095,-0.00259787547486479
2007.13492063492,-0.011468262190987
2007.13888888889,-0.00945217428159939
2007.14285714286,0.015374752670108
2007.14682539683,-0.00246826894537122
2007.15079365079,0.00710131623466115
2007.15476190476,0.000677427086620774
2007.15873015873,0.00267669161465101
2007.1626984127,-0.0205785574288582
2007.16666666667,0.00666881304978784
2007.17063492063,0.00367699059697202
2007.1746031746,-0.00383559945344558
2007.17857142857,0.0108354920461444
2007.18253968254,0.00631356523085636
2007.18650793651,0.0169365744543182
2007.19047619048,-0.000348483056796134
2007.19444444444,0.00109382903282373
2007.19841269841,0.000967424325785338
2007.20238095238,-0.00620355011512963
2007.20634920635,-0.00799768128783906
2007.21031746032,0.00373271414049725
2007.21428571429,-0.00117465433304886
2007.21825396825,0.0025936522810861
2007.22222222222,0.00923732776427943
2007.22619047619,0.0011122157176473
2007.23015873016,0.00304530381404433
2007.23412698413,0.000588567271186058
2007.2380952381,0.00261320577330526
2007.24206349206,-0.00659451140536227
2007.24603174603,0.00618707956686926
2007.25,0.00348198169532044
2007.25396825397,0.0105985559976727
2007.25793650794,0.00214299645590277
2007.2619047619,0.000692939517804803
2007.26587301587,-0.00120276037780087
2007.26984126984,0.00921808982797234
2007.27380952381,-0.0023066971863992
2007.27777777778,-0.000351192369227427
2007.28174603175,0.0100880274040938
2007.28571428571,-0.000782695120016719
2007.28968253968,-0.000120469026220427
2007.29365079365,-0.00786178136455273
2007.29761904762,0.00264765184125881
2007.30158730159,0.00645159201385592
2007.30555555556,0.00431577124610261
2007.30952380952,0.00214760006878034
2007.31349206349,0.00256044715519366
2007.31746031746,-0.00116664470344841
2007.32142857143,0.00321822613288436
2007.3253968254,-0.0140545912949186
2007.32936507937,0.00959531203234576
2007.33333333333,-0.00179461663319724
2007.3373015873,-0.00130477927136496
2007.34126984127,0.00858949409860976
2007.34523809524,-0.0009184344972617
2007.34920634921,0.00658872421416312
2007.35317460317,0.00154207094554426
2007.35714285714,-0.000642787357909569
2007.36111111111,-0.00120798334017014
2007.36507936508,-0.00974992788554818
2007.36904761905,0.00543788799821954
2007.37301587302,0.00156896902158898
2007.37698412698,0.00795191078760737
2007.38095238095,0.000254831175725556
2007.38492063492,0.00373008231741334
2007.38888888889,0.00184684268496405
2007.39285714286,-0.00536134933284949
2007.39682539683,-0.00890329435429482
2007.40079365079,-0.0177259386747695
2007.40476190476,0.0113061880271283
2007.40873015873,0.000961286739652678
2007.4126984127,-0.0107391809297059
2007.41666666667,0.0150700668675467
2007.42063492063,0.00480479032987358
2007.4246031746,0.0065055139969239
2007.42857142857,-0.00121411521591774
2007.43253968254,0.00172934213911713
2007.43650793651,-0.0136944376255554
2007.44047619048,0.00616140834156376
2007.44444444444,-0.0129797673164385
2007.44841269841,-0.00321301479624747
2007.45238095238,-0.00324346659524188
2007.45634920635,0.00896902882647321
2007.46031746032,-0.000418319755108421
2007.46428571429,-0.00156859649451846
2007.46825396825,0.0106393132685785
2007.47222222222,0.003573895995995
2007.47619047619,0.000347510223903669
2007.48015873016,0.00329860501199875
2007.48412698413,0.000920879537628316
2007.4880952381,-0.0142870374297086
2007.49206349206,0.00570509457926516
2007.49603174603,0.0188757454893924
2007.5,0.00309657688891996
2007.50396825397,-0.00192132927365041
2007.50793650794,-9.68088574406778e-05
2007.5119047619,-0.00206749138429618
2007.51587301587,0.00445915072993852
2007.51984126984,-0.0122961661714571
2007.52380952381,0.00485748775908856
2007.52777777778,-0.0200032221527229
2007.53174603175,0.00465481027853532
2007.53571428571,-0.0236151938863065
2007.53968253968,-0.0161207729617461
2007.54365079365,0.0102017346529282
2007.54761904762,-0.0127272831400305
2007.55158730159,0.00721654028113061
2007.55555555556,0.00434988994300056
2007.55952380952,-0.0269458624705932
2007.56349206349,0.0238640911097949
2007.56746031746,0.00614053104915779
2007.57142857143,0.0139737328580161
2007.5753968254,-0.0300980497068384
2007.57936507937,0.000378432125835104
2007.58333333333,-0.000495431035125726
2007.5873015873,-0.018323392635474
2007.59126984127,-0.0140053961557278
2007.59523809524,0.00324347243328305
2007.59920634921,0.0242696208849527
2007.60317460317,-0.000269757116480029
2007.60714285714,0.00108550242797367
2007.61111111111,0.0116448541924647
2007.61507936508,-0.00107292847983231
2007.61904761905,0.0114690213508633
2007.62301587302,-0.00853998184498383
2007.62698412698,-0.0237529060380979
2007.63095238095,0.021685034082517
2007.63492063492,-0.00418977815613086
2007.63888888889,0.0111543199655735
2007.64285714286,0.0104137729467659
2007.64682539683,-0.0115677706582247
2007.65079365079,0.00424286602526358
2007.65476190476,-0.0170530376474822
2007.65873015873,-0.00127355666469331
2007.6626984127,0.0135402093964414
2007.66666666667,4.75696981112605e-05
2007.67063492063,0.00838438887540605
2007.6746031746,0.000202142713443543
2007.67857142857,-0.00513358552512333
2007.68253968254,0.0287895788971682
2007.68650793651,0.00606795988085285
2007.69047619048,-0.00674591931482382
2007.69444444444,0.00459846433574551
2007.69841269841,-0.00527029490164121
2007.70238095238,-0.000342675641092249
2007.70634920635,0.00539666007738049
2007.71031746032,0.00389950768934177
2007.71428571429,-0.0030279965453488
2007.71825396825,0.0132021346319933
2007.72222222222,-0.000265057360610221
2007.72619047619,-0.00456222317968624
2007.73015873016,0.00210872668921702
2007.73412698413,0.00951488101968412
2007.7380952381,-0.00322169163316222
2007.74206349206,0.00806360275594553
2007.74603174603,-0.00171376360039144
2007.75,-0.00517185003320808
2007.75396825397,0.00474294983554913
2007.75793650794,-0.00841667589881734
2007.7619047619,-0.00659491124526213
2007.76587301587,0.00175987213294526
2007.76984126984,-0.000752924107071173
2007.77380952381,-0.0259493431953794
2007.77777777778,0.00379120894677598
2007.78174603175,0.0087643327509257
2007.78571428571,-0.00244443321617371
2007.78968253968,-0.000976807501404942
2007.79365079365,0.013693453914879
2007.79761904762,0.00370580284056743
2007.80158730159,-0.00648439772091791
2007.80555555556,0.0119206709623114
2007.80952380952,-0.0267788466944081
2007.81349206349,0.000801831664946739
2007.81746031746,-0.00496710651962307
2007.82142857143,0.0119772213017804
2007.8253968254,-0.0298097102053605
2007.82936507937,-0.000576195027448101
2007.83333333333,-0.0143900149795613
2007.8373015873,-0.0100385235017422
2007.84126984127,0.0286777887396887
2007.84523809524,-0.00709441489178353
2007.84920634921,-0.0133005352558939
2007.85317460317,0.005216703870488
2007.85714285714,-0.0176145024022354
2007.86111111111,0.00447621154150912
2007.86507936508,-0.0160551257655648
2007.86904761905,0.0167494738006821
2007.87301587302,-0.0235129796242699
2007.87698412698,0.0148197884126606
2007.88095238095,0.0281595964292602
2007.88492063492,0.000476394654334023
2007.88888888889,0.0077401550831242
2007.89285714286,-0.00590475584450534
2007.89682539683,-0.00656173463071141
2007.90079365079,0.0150759351735408
2007.90476190476,0.0149250017609246
2007.90873015873,-0.00177954894239729
2007.9126984127,0.00748194259055879
2007.91666666667,-0.0255959136601485
2007.92063492063,0.00603191853972262
2007.9246031746,0.00122352956440253
2007.92857142857,-0.0138415664250191
2007.93253968254,-0.0151349046148237
2007.93650793651,0.00626018977257203
2007.94047619048,-0.00136177023636996
2007.94444444444,0.00488823953536244
2007.94841269841,0.016532445635784
2007.95238095238,0.00804456670013831
2007.95634920635,0.000808253581779717
2007.96031746032,-0.0143852537627334
2007.96428571429,0.00150266039727587
2007.96825396825,-0.00687516494015483
2007.97222222222,-0.0145431165985075
2007.97619047619,0
2007.98015873016,-0.0248579500644865
2007.98412698413,0.00321804076410181
2007.9880952381,-0.0185226773879386
2007.99206349206,0.0135320642287473
2007.99603174603,0.00791674630246497
2008,-0.013688696209516
2008.00396825397,0.010811990589616
2008.00793650794,-0.0252408652364453
2008.0119047619,-0.00562788552223381
2008.01587301587,-0.0295242121028254
2008.01984126984,-0.00606372511423015
2008.02380952381,-0.0111471016030205
2008.02777777778,0.0212155479030809
2008.03174603175,0.0100124597440097
2008.03571428571,-0.0159992677244221
2008.03968253968,0.0173961482522254
2008.04365079365,0.00614081583366044
2008.04761904762,-0.00477538608321826
2008.05158730159,0.0166331604266601
2008.05555555556,0.0121632230947624
2008.05952380952,-0.0105179196290592
2008.06349206349,-0.0325185232723495
2008.06746031746,-0.00765280161895721
2008.07142857143,0.0078547802622726
2008.0753968254,-0.00421258399743429
2008.07936507937,0.00587175240244697
2008.08333333333,0.00723964188683368
2008.0873015873,0.0135123757495013
2008.09126984127,-0.0135123757495013
2008.09523809524,0.000837393753660542
2008.09920634921,-0.000896704855232855
2008.10317460317,0.00830627816793417
2008.10714285714,-0.0129508648082757
2008.11111111111,0.00784975317700543
2008.11507936508,0.013718099386157
2008.11904761905,0.0068940990575479
2008.12301587302,-0.000919853322914221
2008.12698412698,-0.00898211810912652
2008.13095238095,-0.0274633594173528
2008.13492063492,0.000533439533004554
2008.13888888889,-0.00345361109837583
2008.14285714286,0.00522469192034425
2008.14682539683,-0.0222598689312061
2008.15079365079,-0.00844595063433751
2008.15476190476,-0.0155842857333672
2008.15873015873,0.0364571102923721
2008.1626984127,-0.00903627479642566
2008.16666666667,0.00511385319465507
2008.17063492063,-0.0210023006105109
2008.1746031746,-0.00899902358757121
2008.17857142857,0.041534884643216
2008.18253968254,-0.0245870378097965
2008.18650793651,0.023662312624082
2008.19047619048,0.0152052463132764
2008.19444444444,0.00230125856773888
2008.19841269841,-0.00880441599725934
2008.20238095238,-0.0115266622741776
2008.20634920635,-0.00798192789009189
2008.21031746032,0.00567115003305663
2008.21428571429,0.0352670160209856
2008.21825396825,-0.00193592515470264
2008.22222222222,0.00130077041477072
2008.22619047619,0.000795704696854749
2008.23015873016,0.0015603698470974
2008.23412698413,-0.0051130830731303
2008.2380952381,-0.0081249550840603
2008.24206349206,0.00446403004258933
2008.24603174603,-0.0205845285795503
2008.25,-0.00338951529818221
2008.25396825397,0.0045892485014809
2008.25793650794,0.0224377174688586
2008.2619047619,0.000622649062152369
2008.26587301587,0.0179765281222029
2008.26984126984,-0.00155479606631648
2008.27380952381,-0.00884919906163617
2008.27777777778,0.0028956393356161
2008.28174603175,0.00642169249702107
2008.28571428571,0.00647372230672971
2008.28968253968,-0.00105217584620743
2008.29365079365,-0.00389623462710631
2008.29761904762,-0.00385373586541071
2008.30158730159,0.0169954679877407
2008.30555555556,0.00323033391799665
2008.30952380952,-0.00454386740492652
2008.31349206349,0.00762279193201376
2008.31746031746,-0.0182798072870822
2008.32142857143,0.0036627583283888
2008.3253968254,-0.00674814833739124
2008.32936507937,0.0109605447049326
2008.33333333333,-0.000384804502685299
2008.3373015873,0.00399758685798179
2008.34126984127,0.0105289031897584
2008.34523809524,0.00124959650086431
2008.34920634921,0.000897622063228631
2008.35317460317,-0.00931687038612417
2008.35714285714,-0.016183741174614
2008.36111111111,0.00261394876418741
2008.36507936508,-0.013298490740091
2008.36904761905,0.00682294917124704
2008.37301587302,0.00395506586830408
2008.37698412698,0.00532072532722427
2008.38095238095,0.00151502187169594
2008.38492063492,-0.0105598511821254
2008.38888888889,-0.00580462814195659
2008.39285714286,-0.000326696556257389
2008.39682539683,0.0193084650228892
2008.40079365079,-0.0313763427155092
2008.40476190476,0.000793405956902582
2008.40873015873,-0.00244099819756727
2008.4126984127,-0.017038716841375
2008.41666666667,0.00327432862362276
2008.42063492063,0.0149341639970029
2008.4246031746,8.08772981546468e-05
2008.42857142857,-0.0067943914621571
2008.43253968254,-0.00975929553107413
2008.43650793651,0.0037453786172863
2008.44047619048,-0.0187170033544186
2008.44444444444,5.31121843270199e-05
2008.44841269841,-0.00281884021638579
2008.45238095238,0.00582645241851587
2008.45634920635,-0.0298050559987733
2008.46031746032,-0.00372434093187124
2008.46428571429,0.00126642657972464
2008.46825396825,0.00382859905231214
2008.47222222222,-0.0183713338686431
2008.47619047619,0.0010933205547925
2008.48015873016,-0.00842081780698489
2008.48412698413,0.0169362047505741
2008.4880952381,-0.0230395476854879
2008.49206349206,0.00696537754949578
2008.49603174603,-0.0111518757862825
2008.5,-0.00906890512839009
2008.50396825397,-0.0109610995880933
2008.50793650794,0.0247546447706384
2008.5119047619,0.0119410122274202
2008.51587301587,0.000285600953944254
2008.51984126984,-0.00053953696343445
2008.52380952381,0.0134018560870155
2008.52777777778,0.0040559763948993
2008.53174603175,-0.0233960638506217
2008.53571428571,0.00415887146862914
2008.53968253968,-0.0187716425970752
2008.54365079365,0.0230874654930613
2008.54761904762,0.0165344930215312
2008.55158730159,-0.0132308995357571
2008.55555555556,-0.00559405499649746
2008.55952380952,-0.00900648493205836
2008.56349206349,0.0283140912559912
2008.56746031746,0.00334878540818639
2008.57142857143,-0.0180964997281832
2008.5753968254,0.0236118665796807
2008.57936507937,0.00691874041120055
2008.58333333333,-0.0121238830456596
2008.5873015873,-0.00291991416658099
2008.59126984127,0.00550653642872945
2008.59523809524,0.00406772895735319
2008.59920634921,-0.0152129602667417
2008.60317460317,-0.00935853040329349
2008.60714285714,0.00617813025114966
2008.61111111111,0.00249191042099817
2008.61507936508,0.0112689525225838
2008.61904761905,-0.0198205813344607
2008.62301587302,0.00367955976834455
2008.62698412698,0.00795094213968994
2008.63095238095,0.0147310919180201
2008.63492063492,-0.013818629727739
2008.63888888889,-0.00410091146155711
2008.64285714286,-0.00203717123137626
2008.64682539683,-0.0303788375111145
2008.65079365079,0.00442089508880805
2008.65476190476,0.0203026773668338
2008.65873015873,-0.0347344631820263
2008.6626984127,0.00613056814138613
2008.66666666667,0.0137119302510644
2008.67063492063,0.00211936498403986
2008.6746031746,-0.0482829827493543
2008.67857142857,0.0173715044496987
2008.68253968254,-0.0482880654563287
2008.68650793651,0.0424288108903736
2008.69047619048,0.0394674210858099
2008.69444444444,-0.0389868111991971
2008.69841269841,-0.0157561153918646
2008.70238095238,-0.00197970655494739
2008.70634920635,0.0194657614992853
2008.71031746032,0.00337674989067338
2008.71428571429,-0.0921896159659843
2008.71825396825,0.0527582102814019
2008.72222222222,-0.00455440716443345
2008.72619047619,-0.0411249245450183
2008.73015873016,-0.0135985217320238
2008.73412698413,-0.0392793013346067
2008.7380952381,-0.0591077577168573
2008.74206349206,-0.0113974290094143
2008.74603174603,-0.0792240420527008
2008.75,-0.0118289626735297
2008.75396825397,0.109571959347567
2008.75793650794,-0.00533638393118263
2008.7619047619,-0.0946951446808573
2008.76587301587,0.0416288596114462
2008.76984126984,-0.00623220069290298
2008.77380952381,0.0465828395708332
2008.77777777778,-0.0312839549787194
2008.78174603175,-0.062953125138379
2008.78571428571,0.0125549466454702
2008.78968253968,-0.0351208163583081
2008.79365079365,-0.0322797469124865
2008.79761904762,0.10245732795933
2008.80158730159,-0.0111409256682409
2008.80555555556,0.0254766509626965
2008.80952380952,0.0152485740463311
2008.81349206349,-0.00253223566229455
2008.81746031746,0.0400144658246351
2008.82142857143,-0.0541152794306017
2008.8253968254,-0.0515711931761702
2008.82936507937,0.0284461978576944
2008.83333333333,-0.012733930580211
2008.8373015873,-0.0222871899283055
2008.84126984127,-0.0532888380440513
2008.84523809524,0.0669226005788248
2008.84920634921,-0.0425934895716846
2008.85317460317,-0.0261493751543771
2008.85714285714,0.009790296168946
2008.86111111111,-0.0631055228557447
2008.86507936508,-0.0694818274693967
2008.86904761905,0.0613279677399996
2008.87301587302,0.0627142703004155
2008.87698412698,0.00652939366290983
2008.88095238095,0.0347184267582668
2008.88492063492,0.00959691656405592
2008.88888888889,-0.0935365594547717
2008.89285714286,0.0391636937730375
2008.89682539683,0.0255080562588619
2008.90079365079,-0.0297464763273245
2008.90476190476,0.0358490479193918
2008.90873015873,0.0376688784083532
2008.9126984127,-0.0233889118267721
2008.91666666667,0.011823999134565
2008.92063492063,-0.0289388040971312
2008.9246031746,0.0070038841734279
2008.92857142857,-0.0127668610454004
2008.93253968254,0.0500848322416587
2008.93650793651,-0.00963915914026092
2008.94047619048,-0.0213898751183033
2008.94444444444,0.00293261957566049
2008.94841269841,-0.0184715767888646
2008.95238095238,-0.00976494826933028
2008.95634920635,0.00576443712288111
2008.96031746032,0.00534192372871445
2008.96428571429,-0.00388011185793502
2008.96825396825,0.024113982759526
2008.97222222222,0.0140590646072978
2008.97619047619,0.0311188293549467
2008.98015873016,-0.0046793147100086
2008.98412698413,0.00778673751584957
2008.9880952381,-0.030469134088503
2008.99206349206,0.00339136408902618
2008.99603174603,-0.0215332083417374
2009,-0.0228226262709192
2009.00396825397,0.00175655164134003
2009.00793650794,-0.0340324838994555
2009.0119047619,0.00132830494636593
2009.01587301587,0.00753312572583553
2009.01984126984,-0.0542619839838965
2009.02380952381,0.0425720333079269
2009.02777777778,-0.0152784580633023
2009.03174603175,0.00536323561029839
2009.03571428571,0.0055378560725865
2009.03968253968,0.0108663123082273
2009.04365079365,0.0330068339400373
2009.04761904762,-0.0336810510753152
2009.05158730159,-0.0230528095903741
2009.05555555556,-0.000532907020338591
2009.05952380952,0.0157099297542471
2009.06349206349,-0.00751766232481987
2009.06746031746,0.016233193995534
2009.07142857143,0.0265406811794202
2009.0753968254,0.0014840467724957
2009.07936507937,-0.0503686201876565
2009.08333333333,0.00792345646934578
2009.0873015873,0.00173764072171245
2009.09126984127,-0.010048037945583
2009.09523809524,-0.0466294456829965
2009.09920634921,-0.000950817457645137
2009.10317460317,-0.012096921708828
2009.10714285714,-0.011478573277091
2009.11111111111,-0.035315356333407
2009.11507936508,0.0393200532659685
2009.11904761905,-0.0107150384092165
2009.12301587302,-0.0159056676285845
2009.12698412698,-0.0238464980030715
2009.13095238095,-0.0477418626684214
2009.13492063492,-0.00642739213015986
2009.13888888889,0.0234753897021642
2009.14285714286,-0.0434632911507604
2009.14682539683,0.00121528936644566
2009.15079365079,-0.0100742812898353
2009.15476190476,0.0617187095507816
2009.15873015873,0.00244281711527261
2009.1626984127,0.0399210675697566
2009.16666666667,0.0077092381361723
2009.17063492063,-0.00352215612656437
2009.1746031746,0.0316342851586011
2009.17857142857,0.0206434162364157
2009.18253968254,-0.0130641307089583
2009.18650793651,-0.0199674283859741
2009.19047619048,0.0683663795349299
2009.19444444444,-0.0206263758067413
2009.19841269841,0.00958032018841326
2009.20238095238,0.0230526258273711
2009.20634920635,-0.0205247379661504
2009.21031746032,-0.0354393576366441
2009.21428571429,0.0130442116985297
2009.21825396825,0.0164210159894553
2009.22222222222,0.028322241179759
2009.22619047619,0.00968472814649424
2009.23015873016,-0.00836725223940071
2009.23412698413,-0.0241436777270767
2009.2380952381,0.0117145746647678
2009.24206349206,0.0373470609252076
2009.24603174603,0.00253018575012476
2009.25,-0.0202685399692788
2009.25396825397,0.0124709332541162
2009.25793650794,0.015419320727716
2009.2619047619,0.00495706819430719
2009.26587301587,-0.0437322548147527
2009.26984126984,0.0210293817103864
2009.27380952381,-0.00771128565064938
2009.27777777778,0.00987344865514395
2009.28174603175,0.0166578365073642
2009.28571428571,-0.0101176214348158
2009.28968253968,-0.00274425484746921
2009.29365079365,0.0213798055560028
2009.29761904762,-0.000950499656432235
2009.30158730159,0.00538185527130075
2009.30555555556,0.0333072766091567
2009.30952380952,-0.00379892673505644
2009.31349206349,0.017254572962373
2009.31746031746,-0.0132903232685413
2009.32142857143,0.0237839395413468
2009.3253968254,-0.0217472004810748
2009.32936507937,-0.000979318846528798
2009.33333333333,-0.0272632060798346
2009.3373015873,0.0102984044574503
2009.34126984127,-0.0114756742334485
2009.34523809524,0.0299365763736112
2009.34920634921,-0.00173832724317613
2009.35317460317,-0.00514463488421057
2009.35714285714,-0.0168996096955665
2009.36111111111,-0.00149831326999994
2009.36507936508,0.0259621888269175
2009.36904761905,-0.0191534032673744
2009.37301587302,0.0153012335871017
2009.37698412698,0.0134834487964355
2009.38095238095,0.025489964977206
2009.38492063492,0.00198134213291645
2009.38888888889,-0.0138344865683857
2009.39285714286,0.0114182073088518
2009.39682539683,-0.00251786274157695
2009.40079365079,-0.00101105248524824
2009.40476190476,0.00349708313051966
2009.40873015873,-0.00348643514751323
2009.4126984127,0.00609330774265882
2009.41666666667,0.00139601312926274
2009.42063492063,-0.0240555363156565
2009.4246031746,-0.012801900619249
2009.42857142857,-0.00138257971855715
2009.43253968254,0.00837584444865769
2009.43650793651,0.00310937410769263
2009.44047619048,-0.0310783609277614
2009.44444444444,0.00230407117041587
2009.44841269841,0.00650321883924843
2009.45238095238,0.0212175760962818
2009.45634920635,-0.00147893630558382
2009.46031746032,0.00902434447413647
2009.46428571429,-0.00856738066424612
2009.46825396825,0.00435243408172514
2009.47222222222,-0.0295776472524851
2009.47619047619,0.00256247563815304
2009.48015873016,-0.0198798512143128
2009.48412698413,-0.00166989513924065
2009.4880952381,0.00354095158431011
2009.49206349206,-0.00402995192953082
2009.49603174603,0.0246279678789314
2009.5,0.00530194004150442
2009.50396825397,0.0291994723750078
2009.50793650794,0.00860463721962201
2009.5119047619,-0.000382750706382495
2009.51587301587,0.0113667025214177
2009.51984126984,0.00362070175312557
2009.52380952381,-0.00053440915006675
2009.52777777778,0.0230226294074081
2009.53174603175,0.00303751096474336
2009.53571428571,0.00297740655552747
2009.53968253968,-0.00260984958005928
2009.54365079365,-0.0045734360475409
2009.54761904762,0.0118254092243699
2009.55158730159,0.00073952886266504
2009.55555555556,0.0152255831783954
2009.55952380952,0.00300755101521233
2009.56349206349,-0.00291779112286417
2009.56746031746,-0.00564057901147486
2009.57142857143,0.0133497370008291
2009.5753968254,-0.00335055181162058
2009.57936507937,-0.0127409352985888
2009.58333333333,0.0114592086673895
2009.5873015873,0.00685646765458348
2009.59126984127,-0.00856799600909941
2009.59523809524,-0.0245599141677566
2009.59920634921,0.0100945307267706
2009.60317460317,0.00683744412807918
2009.60714285714,0.0108892548819188
2009.61111111111,0.0184514701198575
2009.61507936508,-0.000545888788718862
2009.61904761905,0.00236661144657546
2009.62301587302,0.000116724704916749
2009.62698412698,0.00277791446668196
2009.63095238095,-0.00199037887749931
2009.63492063492,-0.00810914155545106
2009.63888888889,-0.0223722090851624
2009.64285714286,-0.0033019063615578
2009.64682539683,0.00849859218502846
2009.65079365079,0.0130322099539422
2009.65476190476,0.00880605556424907
2009.65873015873,0.00775227803629974
2009.6626984127,0.0103682740223352
2009.66666666667,-0.00135130622852309
2009.67063492063,0.00631912124878475
2009.6746031746,0.00313039927940828
2009.67857142857,0.0152073035637796
2009.68253968254,-0.00306431070284585
2009.68650793651,0.00263381272234486
2009.69047619048,-0.00341310060536237
2009.69444444444,0.00655334879796854
2009.69841269841,-0.0101195219563222
2009.70238095238,-0.00955658067549781
2009.70634920635,-0.00610933762206578
2009.71031746032,0.017652876598941
2009.71428571429,-0.00223207020561578
2009.71825396825,-0.00333382437418273
2009.72222222222,-0.0260972293592179
2009.72619047619,-0.00451569091383863
2009.73015873016,0.0147654534018651
2009.73412698413,0.0136124058024842
2009.7380952381,0.00270795033631366
2009.74206349206,0.00744212265492461
2009.74603174603,0.00562480132669396
2009.75,0.00437682290005093
2009.75396825397,-0.00279150447861642
2009.75793650794,0.0173936705750837
2009.7619047619,0.00414881476767803
2009.76587301587,-0.00813101941537475
2009.76984126984,0.00936138498911454
2009.77380952381,-0.00625867175893813
2009.77777777778,-0.00889320279002259
2009.78174603175,0.0105873656608377
2009.78571428571,-0.0122532614648927
2009.78968253968,-0.011786491296216
2009.79365079365,-0.00332338502247609
2009.79761904762,-0.0197343586868213
2009.80158730159,0.0222701427572174
2009.80555555556,-0.0284659852080269
2009.80952380952,0.00643559196166965
2009.81349206349,0.00242303630034613
2009.81746031746,0.00104210993651144
2009.82142857143,0.0190528826428205
2009.8253968254,0.00250008323373674
2009.82936507937,0.0219951707821071
2009.83333333333,-6.40412792005662e-05
2009.8373015873,0.00501935784042473
2009.84126984127,-0.0103123411871628
2009.84523809524,0.00572289613594723
2009.84920634921,0.0143639146898868
2009.85317460317,0.000919076302970723
2009.85714285714,-0.00046844315578376
2009.86111111111,-0.0135167840124213
2009.86507936508,-0.00322008438219878
2009.86904761905,0.0135239272360792
2009.87301587302,-0.00053348042985224
2009.87698412698,0.00449402456498582
2009.88095238095,-0.0173836866244406
2009.88492063492,0.00378580502638126
2009.88888888889,0.0120029202553855
2009.89285714286,0.000342635592369689
2009.89682539683,-0.00843764624911092
2009.90079365079,0.00549436986715879
2009.90476190476,-0.00247145058648091
2009.90873015873,-0.0103044384092854
2009.9126984127,0.00366563628899019
2009.91666666667,0.00582269761362841
2009.92063492063,0.00367627498920076
2009.9246031746,0.00693534024774767
2009.92857142857,-0.00556247046375979
2009.93253968254,0.00112759414954144
2009.93650793651,-0.0118808250208664
2009.94047619048,0.00581293852157128
2009.94444444444,0.0104489067169906
2009.94841269841,0.00355723985927803
2009.95238095238,0.00229606865784771
2009.95634920635,0.00524239430851559
2009.96031746032,0.00115337196606635
2009.96428571429,-0.00140196475460463
2009.96825396825,0.000195328107447601
2009.97222222222,-0.0101003749566493
2009.97619047619,0.0159160688924089
2009.98015873016,0.00311080616228487
2009.98412698413,0.000545376191134928
2009.9880952381,0.00399328255842324
2009.99206349206,0.00287754881130908
2009.99603174603,0.00174523159884021
2010,-0.00942543768284931
2010.00396825397,0.00829138366757842
2010.00793650794,0.00242356731562676
2010.0119047619,-0.01088218610297
2010.01587301587,0.0124221939768585
2010.01984126984,-0.010654437906525
2010.02380952381,-0.0191266054550274
2010.02777777778,-0.022389806068551
2010.03174603175,0.00458754128692718
2010.03571428571,-0.00421207137276625
2010.03968253968,0.00486832310530705
2010.04365079365,-0.0118881525477086
2010.04761904762,-0.00987776748962244
2010.05158730159,0.0141653547951508
2010.05555555556,0.0128895153306878
2010.05952380952,-0.00548942576327871
2010.06349206349,-0.03163581557141
2010.06746031746,0.00289297153817358
2010.07142857143,-0.00890284881529979
2010.0753968254,0.0129558142876736
2010.07936507937,-0.00223505575473482
2010.08333333333,0.00963391407168679
2010.0873015873,-0.00274840236515672
2010.09126984127,0.0178406670759754
2010.09523809524,0.00422899125519383
2010.09920634921,0.0065631666155932
2010.10317460317,0.00218419524359437
2010.10714285714,-0.00104637431858556
2010.11111111111,-0.0121766138274415
2010.11507936508,0.00967350622884489
2010.11904761905,-0.00208316426355726
2010.12301587302,0.0014043482735504
2010.12698412698,0.0101072835931912
2010.13095238095,0.00232764359664106
2010.13492063492,0.000429127001355667
2010.13888888889,0.0037292170832659
2010.14285714286,0.0139102995934497
2010.14682539683,-0.000175654312765339
2010.15079365079,0.00171131483876152
2010.15476190476,0.00451432487600645
2010.15873015873,0.00403337001699899
2010.1626984127,-0.000217369568246362
2010.16666666667,0.000452075643430305
2010.17063492063,0.00774905716149643
2010.1746031746,0.00580479513756504
2010.17857142857,-0.000325894927499348
2010.18253968254,-0.00509948519447612
2010.18650793651,0.00508232988748158
2010.19047619048,0.00714539061821551
2010.19444444444,-0.00550838537163045
2010.19841269841,-0.00170562941776087
2010.20238095238,0.000737463160265683
2010.20634920635,0.00566714198533713
2010.21031746032,4.26168447411612e-05
2010.21428571429,-0.00327827160034211
2010.21825396825,0.00738652065793488
2010.22222222222,0.00789675806443579
2010.22619047619,0.00168287879237816
2010.23015873016,-0.0058940509348604
2010.23412698413,0.00336866952301484
2010.2380952381,0.00666162299883233
2010.24206349206,0.00176506309287472
2010.24603174603,0.000685108934049161
2010.25,0.011088383715693
2010.25396825397,0.000842167888872147
2010.25793650794,-0.0162579502460369
2010.2619047619,0.00451112852565405
2010.26587301587,0.00802602564323784
2010.26984126984,-0.00101943144450267
2010.27380952381,0.00226123569706882
2010.27777777778,0.00709827997413193
2010.28174603175,-0.00430572057317224
2010.28571428571,-0.0236595668930724
2010.28968253968,0.00644193767368062
2010.29365079365,0.0128601437088323
2010.29761904762,-0.0167877364871822
2010.30158730159,0.0130351999547527
2010.30555555556,-0.0241271710319833
2010.30952380952,-0.006608358415364
2010.31349206349,-0.0328884664728859
2010.31746031746,-0.0154266289355585
2010.32142857143,0.0430347253822658
2010.3253968254,-0.00340312655690056
2010.32936507937,0.0136459886924936
2010.33333333333,-0.012219411759089
2010.3373015873,-0.0189790793056011
2010.34126984127,0.00110885245144576
2010.34523809524,-0.014297726886781
2010.34920634921,-0.00514346908467012
2010.35317460317,-0.0397557201514536
2010.35714285714,0.0149126545593674
2010.36111111111,-0.0129921229328991
2010.36507936508,0.000353870226444286
2010.36904761905,-0.00567700569477214
2010.37301587302,0.032347212928042
2010.37698412698,-0.012451870600624
2010.38095238095,-0.017314285467303
2010.38492063492,0.0255143871800732
2010.38888888889,0.00404323627667758
2010.39285714286,-0.0350174865229151
2010.39682539683,-0.0136244336910964
2010.40079365079,0.0109162397542164
2010.40476190476,-0.00595934123908748
2010.40873015873,0.0290798216120605
2010.4126984127,0.00437010665932647
2010.41666666667,-0.00180632077831522
2010.42063492063,0.0232224725928694
2010.4246031746,-0.000556093725089468
2010.42857142857,0.00128213766919494
2010.43253968254,0.00131629040070358
2010.43650793651,-0.00386424534181096
2010.44047619048,-0.0162013224449691
2010.44444444444,-0.00298992153614996
2010.44841269841,-0.0169461928624246
2010.45238095238,0.00285521828977409
2010.45634920635,-0.00203595055754313
2010.46031746032,-0.0315082709470245
2010.46428571429,-0.0101644254535431
2010.46825396825,-0.00324574645514808
2010.47222222222,-0.00467329321950771
2010.47619047619,0.00534468560545065
2010.48015873016,0.0308500615817318
2010.48412698413,0.00936867337267344
2010.4880952381,0.00717810000405983
2010.49206349206,0.000732597368521937
2010.49603174603,0.0152618539402107
2010.5,-0.000155214995905872
2010.50396825397,0.00119544649557124
2010.50793650794,-0.0292429320987493
2010.5119047619,0.00596407417322542
2010.51587301587,0.0113518921953988
2010.51984126984,-0.012902685652814
2010.52380952381,0.0222636156850378
2010.52777777778,0.00818642936836955
2010.53174603175,0.0111379309558854
2010.53571428571,-0.00104986886283687
2010.53968253968,-0.00694606773895412
2010.54365079365,-0.00416731440272589
2010.54761904762,6.35459550943906e-05
2010.55158730159,0.0217835196296878
2010.55555555556,-0.0048078727893035
2010.55952380952,0.0060328518604198
2010.56349206349,-0.00126939055237951
2010.56746031746,-0.00371087658037705
2010.57142857143,0.00546806553092072
2010.5753968254,-0.00598529923398416
2010.57936507937,-0.0285833268406384
2010.58333333333,-0.00539327977283222
2010.5873015873,-0.00403170423037125
2010.59126984127,0.00012044676499201
2010.59523809524,0.0121184583712282
2010.59920634921,0.00148168500148849
2010.60317460317,-0.0170804091580985
2010.60714285714,-0.00366969470926737
2010.61111111111,-0.00404853174472475
2010.61507936508,-0.0146187774439506
2010.61904761905,0.00328398169090782
2010.62301587302,-0.00771448024633692
2010.62698412698,0.0164507145333914
2010.63095238095,-0.0148286851148196
2010.63492063492,0.00039080186366558
2010.63888888889,0.0290776583480756
2010.64285714286,0.00903991154217465
2010.64682539683,0.0131323625554023
2010.65079365079,-0.0115374512665101
2010.65476190476,0.00641803262972029
2010.65873015873,0.0048205989722323
2010.6626984127,0.00485154967682888
2010.66666666667,0.0110691488489323
2010.67063492063,-0.000713330391371336
2010.6746031746,0.00353490976547288
2010.67857142857,-0.000364488187061696
2010.68253968254,0.000826574872080599
2010.68650793651,0.0150952917076275
2010.69047619048,-0.00256737300877674
2010.69444444444,-0.00483717291908725
2010.69841269841,-0.00836617528082773
2010.70238095238,0.0209728382218435
2010.70634920635,-0.00568354484985356
2010.71031746032,0.00483873320565742
2010.71428571429,-0.00259113836558988
2010.71825396825,-0.00308846098168747
2010.72222222222,0.00440668009294676
2010.72619047619,-0.00806742080556511
2010.73015873016,0.0206467482733039
2010.73412698413,-0.000672205203015253
2010.7380952381,-0.00164795143484397
2010.74206349206,0.00610364281417564
2010.74603174603,0.00014589331791548
2010.75,0.00381142087634156
2010.75396825397,0.00709582298146927
2010.75793650794,-0.00364810282522932
2010.7619047619,0.00202553260742011
2010.76587301587,0.00721761784634101
2010.76984126984,-0.0160046979413595
2010.77380952381,0.0104690662541422
2010.77777777778,0.00177236597830444
2010.78174603175,0.00238645420325767
2010.78571428571,0.00214463712040747
2010.78968253968,1.68686689780984e-05
2010.79365079365,-0.00269415599030864
2010.79761904762,0.00112415119414599
2010.80158730159,-0.000439367318140427
2010.80555555556,0.000946089847731812
2010.80952380952,0.00772938518760924
2010.81349206349,0.00367129405096023
2010.81746031746,0.0190992238161778
2010.82142857143,0.00391514695560957
2010.8253968254,-0.00212322973888845
2010.82936507937,-0.00808491466103511
2010.83333333333,0.0043665857524342
2010.8373015873,-0.00425121413207652
2010.84126984127,-0.0118787014823409
2010.84523809524,-0.00121820988298271
2010.84920634921,-0.0163381284080453
2010.85317460317,0.00021214036983519
2010.85714285714,0.0152406035063404
2010.86111111111,0.00253711922843181
2010.86507936508,-0.00157659663033005
2010.86904761905,-0.0143870435833122
2010.87301587302,0.0148127193500089
2010.87698412698,-0.00749663232366693
2010.88095238095,-0.00137979796075349
2010.88492063492,-0.00608874874876797
2010.88888888889,0.0213867081574666
2010.89285714286,0.0127370316430184
2010.89682539683,0.00259990989541148
2010.90079365079,-0.00129911000651006
2010.90476190476,0.000514943592361483
2010.90873015873,0.00369490190066379
2010.9126984127,0.00383540741896038
2010.91666666667,0.00598368406194982
2010.92063492063,4.83703232037058e-05
2010.9246031746,0.000910537723310512
2010.92857142857,-0.00513562873246798
2010.93253968254,0.00616603382110004
2010.93650793651,0.000836423053613977
2010.94047619048,0.00254517417673128
2010.94444444444,0.00601197807085718
2010.94841269841,0.00337386531763695
2010.95238095238,-0.0016457244701682
2010.95634920635,0.000612494103012118
2010.96031746032,0.000771049898099285
2010.96428571429,0.0010086210147886
2010.96825396825,-0.00150933832264855
2010.97222222222,-0.000190815418464219
2010.97619047619,0.0112513096344022
2010.98015873016,-0.00131389005042681
2010.98412698413,0.00499459173329786
2010.9880952381,-0.00212514930534446
2010.99206349206,-0.00184650493465366
2010.99603174603,-0.0013772751808192
2011,0.00371822158328516
2011.00396825397,0.00896726885011212
2011.00793650794,-0.00171224922364743
2011.0119047619,0.0073574255056359
2011.01587301587,0.00137544163308423
2011.01984126984,-0.0101671849924259
2011.02380952381,-0.00129577175082574
2011.02777777778,0.0024106642558035
2011.03174603175,0.005819322689538
2011.03571428571,0.000263359696644372
2011.03968253968,0.0042120619810424
2011.04365079365,0.00224176476785853
2011.04761904762,-0.018013748586017
2011.05158730159,0.0076333269499731
2011.05555555556,0.0165558141807427
2011.05952380952,-0.0027262788652278
2011.06349206349,0.00235147343457509
2011.06746031746,0.00288009610957918
2011.07142857143,0.00622074160344432
2011.0753968254,0.00417609794320128
2011.07936507937,-0.00278969732415391
2011.08333333333,0.000749219598001893
2011.0873015873,0.00549223943984245
2011.09126984127,0.00238214332608777
2011.09523809524,-0.0032402023589988
2011.09920634921,0.00623798624559946
2011.10317460317,0.00307089061727961
2011.10714285714,0.00192290552050789
2011.11111111111,-0.0207421531059264
2011.11507936508,-0.00613077822734098
2011.11904761905,-0.000994834595154259
2011.12301587302,0.0104952257735507
2011.12698412698,0.0055457057245345
2011.13095238095,-0.0158648502246388
2011.13492063492,0.00161390903061687
2011.13888888889,0.0170724118095285
2011.14285714286,-0.00740543028044272
2011.14682539683,-0.00837620050383503
2011.15079365079,0.00888320589122316
2011.15476190476,-0.00136268682322793
2011.15873015873,-0.0190512543695789
2011.1626984127,0.0070555307518898
2011.16666666667,-0.00606768579407468
2011.17063492063,-0.0112635292863068
2011.1746031746,-0.0196874896433723
2011.17857142857,0.013309293117775
2011.18253968254,0.00430094711793849
2011.18650793651,0.0148746336330614
2011.19047619048,-0.00355689667672721
2011.19444444444,0.00290972724984329
2011.19841269841,0.00929739744238223
2011.20238095238,0.00315613993475772
2011.20634920635,-0.00275153661225502
2011.21031746032,0.00703523929377958
2011.21428571429,0.00666241086599584
2011.21825396825,-0.00183113660727052
2011.22222222222,0.00495065414641527
2011.22619047619,0.000345179496763492
2011.23015873016,-0.000180078784953963
2011.23412698413,0.00218127117372635
2011.2380952381,-0.00152114077400523
2011.24206349206,-0.0040125087648395
2011.24603174603,-0.00279722571113616
2011.25,-0.00780715094764872
2011.25396825397,0.000190217495257272
2011.25793650794,8.36842366016555e-05
2011.2619047619,0.00391770298368321
2011.26587301587,-0.0110789682522601
2011.26984126984,0.00571482516164412
2011.27380952381,0.0134244424233323
2011.27777777778,0.00526289383774436
2011.28174603175,-0.00159393589906731
2011.28571428571,0.00893951503880874
2011.28968253968,0.00623036533863264
2011.29365079365,0.00354915804016187
2011.29761904762,0.00229801612826908
2011.30158730159,-0.00175423832892729
2011.30555555556,-0.0033850442943173
2011.30952380952,-0.00687887798706122
2011.31349206349,-0.00911123875939701
2011.31746031746,0.00381266114302115
2011.32142857143,0.00453380465354769
2011.3253968254,0.00804161983987051
2011.32936507937,-0.0111736317589877
2011.33333333333,0.00488344282539099
2011.3373015873,-0.00810004354268834
2011.34126984127,-0.00622368200173185
2011.34523809524,-0.000368635863416067
2011.34920634921,0.00876521722482337
2011.35317460317,0.00217563082225869
2011.35714285714,-0.0077180074323806
2011.36111111111,-0.0119972464853699
2011.36507936508,-0.000827748609143697
2011.36904761905,0.00317815760069884
2011.37301587302,0.00394534477967934
2011.37698412698,0.00407258946135158
2011.38095238095,0.0105370328131418
2011.38492063492,-0.0230482991430465
2011.38888888889,-0.00122550434178592
2011.39285714286,-0.00978156358192006
2011.39682539683,-0.0108185238924676
2011.40079365079,-0.000956785274712324
2011.40476190476,-0.00419575581409415
2011.40873015873,0.00735045512109878
2011.4126984127,-0.0140784675147669
2011.41666666667,0.000668551745242496
2011.42063492063,0.012532882723673
2011.4246031746,-0.0175856080264909
2011.42857142857,0.00175282114785347
2011.43253968254,0.00304040184747567
2011.43650793651,0.00538070054893236
2011.44047619048,0.0133341525266983
2011.44444444444,-0.00648945614902452
2011.44841269841,-0.00283198147758501
2011.45238095238,-0.0117950386825338
2011.45634920635,0.00914251723340254
2011.46031746032,0.0128612397731018
2011.46428571429,0.00824864128276026
2011.46825396825,0.0100683866462914
2011.47222222222,0.0143068473949182
2011.47619047619,-0.00133704339165508
2011.48015873016,0.00100108334534266
2011.48412698413,0.0103995826657695
2011.4880952381,-0.00698551609254316
2011.49206349206,-0.0182561231996567
2011.49603174603,-0.00444338838192593
2011.5,0.00310106049315539
2011.50396825397,-0.00673880087178347
2011.50793650794,0.00553904067987965
2011.5119047619,-0.00816306152522817
2011.51587301587,0.0161771194838956
2011.51984126984,-0.000671047349096732
2011.52380952381,0.0134552006707604
2011.52777777778,0.000907461327810388
2011.53174603175,-0.00565902086189585
2011.53571428571,-0.00411333591123331
2011.53968253968,-0.0205177800243783
2011.54365079365,-0.00323922971637547
2011.54761904762,-0.00647141617118674
2011.55158730159,-0.00414079266603107
2011.55555555556,-0.0258889936564826
2011.55952380952,0.00500321200848131
2011.56349206349,-0.0490016374066551
2011.56746031746,-0.000575131816891172
2011.57142857143,-0.0689583304274546
2011.5753968254,0.0463173811832966
2011.57936507937,-0.0451567807548354
2011.58333333333,0.0452505905853222
2011.5873015873,0.00524783785327454
2011.59126984127,0.0215507857895645
2011.59523809524,-0.00978629147272247
2011.59920634921,0.000946934057727056
2011.60317460317,-0.0456186080664995
2011.60714285714,-0.0151227608003071
2011.61111111111,0.000258081742149585
2011.61507936508,0.0337102215973424
2011.61904761905,0.0130346510965422
2011.62301587302,-0.0156879723178989
2011.62698412698,0.0150083936305148
2011.63095238095,0.0278875828204921
2011.63492063492,0.00234420247672329
2011.63888888889,0.00490993292522646
2011.64285714286,-0.0119424852611534
2011.64682539683,-0.0256069558496659
2011.65079365079,-0.00746409303221274
2011.65476190476,0.0282438206520581
2011.65873015873,-0.0106689150479458
2011.6626984127,-0.0270685250025595
2011.66666666667,0.00694153445616852
2011.67063492063,0.00907874714788637
2011.6746031746,0.0133897111697365
2011.67857142857,0.0170411040185252
2011.68253968254,0.00569045541600222
2011.68650793651,-0.00985091227088208
2011.69047619048,-0.00166238640549565
2011.69444444444,-0.0298310318905655
2011.69841269841,-0.0324025002624362
2011.70238095238,0.00606359343967888
2011.70634920635,0.0230681105462693
2011.71031746032,0.0106316192166167
2011.71428571429,-0.0209082426026193
2011.71825396825,0.00808151630017395
2011.72222222222,-0.0252912922803628
2011.72619047619,-0.0288635462948177
2011.73015873016,0.022239331806361
2011.73412698413,0.0177078498937
2011.7380952381,0.0181382192231458
2011.74206349206,-0.00819680252892052
2011.74603174603,0.0335555978531703
2011.75,0.000543835222968525
2011.75396825397,0.00974707961115762
2011.75793650794,-0.00297813079159948
2011.7619047619,0.0172310130849702
2011.76587301587,-0.0195599612871895
2011.76984126984,0.0202130331972894
2011.77380952381,-0.0127298188380758
2011.77777777778,0.00454383180440843
2011.78174603175,0.018634079544892
2011.78571428571,0.0127908533987728
2011.78968253968,-0.0202484326461292
2011.79365079365,0.0104814702724338
2011.79761904762,0.0337166177756023
2011.80158730159,0.000389153518189467
2011.80555555556,-0.0250486821697393
2011.80952380952,-0.028340044709684
2011.81349206349,0.015976367629972
2011.81746031746,0.018607607564519
2011.82142857143,-0.0062997845938888
2011.8253968254,0.00627599649824351
