"boa","citi","jpm"
-0.0137751709569793,-0.00849400672258312,-0.0103068489375931
-0.0115670093890265,0.0125364029531097,0.00208326551397535
-0.00154537544814694,0.0096989409407812,0.00571551270721754
-0.0108359489040165,-0.00572225729017705,-0.00800805501209421
0.0125193755475376,-0.00637235571686393,-0.00338540612622008
-0.00242865965406493,-0.00248238476844229,-0.00966839735495907
-0.00265586526679831,-0.00311044902867768,0.00237493496899746
-0.0124277754238308,-0.00977770279970139,-0.00579110366155538
0.00876351708823948,-0.00189083141781198,0.00105887653977845
0.0187128415662384,0.0138919913101844,0.0156045905548475
-0.0166198507350192,-0.00269878565784773,-0.0145834917708966
0.00756144578044266,-0.00562037997667754,-0.0155920334824608
-0.004855813886767,0.00334944398920948,-0.0107383046609068
0.00288313513903413,0.00897162128655306,0.000814277724007949
0.00818255001087532,0.00310175471535599,-0.000542195961299595
0.00394762144144653,-0.000618789220763766,-0.000814170045553702
-0.00524279867081608,0.00165019418894115,-0.00217172854528637
0.00373311519639438,-0.00370666817487358,0.00680254149887145
0.0146611550504564,0.0138486054304794,0.00891859312809194
0.00668530798633524,0.00876660978357514,0.00455410057064515
0.00107119234915649,0.00404211210304989,0.000533343245855262
-0.00706219133515944,-0.00182772815573256,-0.00346466021319089
0.0105603812211437,0.0128177603510769,0.00802357162999712
-0.00533113078349644,-0.00100449975967474,0.00742931076052121
0.00535970406683759,-0.00502686797192518,-0.00553147974140921
-0.00959654254671747,-0.00606307978897264,-0.00688528037272776
0.0105509394217711,-0.00406693868903906,-0.00133309791093609
-0.0023439851643786,0.00857516350493307,0.000800747796380341
0.00234949233956637,-0.00303660035236686,0.000533702275951982
0.00277032039099327,0.00304584937966641,0.00133313508289347
-0.00616226987846672,-0.00445342840703091,-0.00585877930039295
-0.00876659073624795,-0.00772678227350252,-0.0147326510814528
-0.0133731035829357,-0.00471301207668709,-0.00734141858217581
-0.011806162250365,-0.0127651029938844,-0.0158861976345034
0.0117255796808411,0.00896750982984717,0.0153074377597044
0.0102774627200827,-0.00165361402409484,0.00548255816286156
0.012770826754689,-0.000413970544371846,0.00790624823642549
-0.00299228739195281,-0.0115991182345985,-0.0113603954605172
0.00921769900838369,0.00335304882738697,0.014774323439417
-0.00128677214398845,0.00522125201903992,-0.00269653200480461
-0.00515343927266436,-0.0033241730413256,0.000540885180284942
0.00971290098929467,0.00896384773659624,0.013509885544836
-0.00662675770861013,0.00144610148465328,-0.00453220830454202
-0.00451880072827917,0,-0.010712309825357
-0.0121056831598857,-0.0121722375997974,-0.0127233812398947
0.00350086820947511,0.00563908874002678,-0.00301619525580575
-0.00196218113557946,-0.00747664988038371,-0.00687558486118465
0.000655203347743529,0.00899784309895754,0.00941565469028045
-0.00567644411395757,-0.00871023598104885,-0.00548729904774037
-0.0162496447627725,-0.00899580737556006,0
-0.000446863400079528,-0.00274439607898574,-0.00275817255753852
0.00357308669159826,-0.00825561003345705,-0.00387301615456589
-0.0142412278661095,-0.023265772331217,-0.00610914046919811
-0.0144468523188007,-0.028846241911694,-0.0203965869733981
0.00733000093804156,0.000225256721904049,-0.00370819528373321
-0.00523030885452633,0.00157469262688106,0
0.012343189286142,0.00561547884154908,-0.00229025719640187
-0.00903128821304306,-0.00938128810885545,-0.00774743148565146
0.00296185376807725,0.0128524133844566,0.0106997804431109
0.0018168370918097,0.000445037920272129,-0.0100143702286194
-0.00204034250884663,-0.00712026853203621,-0.0101155514537489
0.00340800896973414,-0.000672295778248522,-0.00412893527315027
0.00339687834338131,0.00784890289224258,0.0239860568344933
0.00654488422405533,0.00467298364260655,0.00289180640218806
0.00515681077244014,0.00686601542729431,0.00345998646472902
-0.00334578946615699,-0.00132007759860127,-0.0086205768339829
0.00671413056128196,0.0046256368655397,0.003478518977222
0.0120054264279608,0.0184172723665945,0.0121318156053005
-0.00900686557950397,-0.013778407267896,-0.0134133004260027
-0.00953222901308626,-0.0089501957423049,-0.0109923767371294
-0.00895277930923112,0.00770961470039301,-0.00760417089667786
0.0101626040284352,0.0100547496676759,0.0209250788194117
0.004471152863102,0.00302927017844287,0.00894952237978214
-0.0155797412719847,-0.0047463199618061,-0.00543680422908364
0.00361766567968357,0.00303460639810848,0.00805558209105511
-0.00045046026268121,0.00108077953971317,-0.00485185143318573
0.010367172014855,0.00993078098993391,0.00860358618182824
-0.00490733495283484,-0.00342018481372968,-0.00255914902644161
0.00582845314187597,0.00922334105791169,0.0119729304785085
-0.00401182206457813,-0.00901066112537406,-0.0135213076943352
0.00783177656287627,0.0166700572261571,0.0134208438353935
0.00666078555540509,-0.00915680583936532,0.00225414143950067
0.000441021854736692,0.00580308962714867,-0.00196769525051116
0.0134480350063487,0.00363261028018325,0.0169010223155634
-0.00261057864292386,-0.00191663453821604,-0.00554013093999973
-0.00785166404702896,-0.00618583555015102,-0.00807787544782959
0.00527622178649611,0.00558038160722192,0.0098285485114419
-0.00765386333142295,-0.0100319403060199,-0.0228032955167937
0.00617019056418199,0.00689979119272531,0.00455358028991206
-0.00700830083071344,-0.00620991231898188,-0.0133143115292189
-0.00463194154893382,-0.0107732615647407,-0.0106232819946622
0.0159539745638558,0.0193856211219452,0.00812571100622115
0.00632508556307898,0.00769217757747352,0.0135286934569039
0.0110534219613361,0.0122987614307288,0.0238571373528273
-0.00428735484300549,0.00209468677962895,0.00388364151391303
0.00258348924091221,-0.00083651013966819,-0.00359263333219938
-0.000429148891879008,-0.00418411653309806,-0.00415965958801827
0.00128898322562193,0.00231128368084358,-0.00055688670737558
-0.00150213519974752,-0.00544968960823243,0.00055719700297993
0.00365259088735686,-0.00147535957459433,0.000835752818398256
-0.00128434442717393,-0.00211091492828905,-0.00389541253944051
-0.00707417055159553,-0.00359510777183543,-0.00139684106671103
0.00915658725784494,0.0129484278798272,0.000279419272710678
-0.00237641147367584,-0.0002095176526986,-0.000559299938022397
-0.00866183606042033,-0.00314450991464042,-0.00531566637013967
0.00262130665229056,0.00273382594504302,-0.00112536237110924
-0.000871315076847607,-0.00062917949407727,-0.000844856082586767
0.00108988881602695,0.00188811184421741,0.00535512403722906
0.00392095379281087,-0.00146593610674378,-0.00476565632162927
-0.00195251073099349,-0.000838852764423449,-0.00197176909040175
-0.00173946120645455,-0.000839633299135504,0.00197566464488153
0.00108911406269549,-0.00399134058168407,0.00281659083577366
0.0137045478382589,-0.000210966834785301,0.00309001313275931
-0.00364767848109932,0.00295352011539982,0.00532047796571363
0.00452248505491314,-0.00168287765202306,0.00501414536423739
0.00150100442944669,-0.00189614522801777,-0.000831432270993869
0.00792152991717412,-0.00105571978212703,-0.000277668213321703
-0.000212692455296608,0.00253601309104837,0.00610450010243605
-0.00998523829375565,-0.0118045847085296,-0.00910084937302415
0.00321871812062926,0.00149353361438572,-0.0100196461163918
-0.00748636627057521,-0.0038338784659172,0.000562442527732234
0.0058186760111167,0.0053452081380731,0.00927233176499456
0.00514241437657114,-0.00510430909320193,0.00111323246260252
-0.0277125635963719,-0.0117570878015963,-0.0177974778287115
-0.013812607362561,-0.00151421555380139,0.00228734165947886
0.0028905794597512,0.00649915783085578,-0.00256729915902466
-0.00908952849929002,-0.00344359616578179,-0.0105806411367294
-0.0004471647044488,-0.000648149502850946,-0.0040459213794981
0.0105192487775481,0.00518688633347041,0.0101566668448907
0.000442621700304397,-0.00860041408426053,0.00430901268477117
0.00309979234985638,-0.00238548990847233,0.00829493894717883
0.00971081215195449,-0.00565187449833651,0.0068088454579209
0.00131172501866101,0.0166154708192037,0.00563517767530086
0.00371035609841123,-0.00172043533477177,0.00476355245110361
-0.0195731487455542,-0.0305900597830142,-0.00976052398863261
-0.00576787352965474,-0.0133336268124881,-0.0084484504797399
0.000892397420408232,-0.00427925517217863,-0.00142004661259036
-0.00579584468752604,-0.00135741390229538,0.00682643000320214
0.00560543246416979,0.00611549813243886,0.00564938790382476
-0.00423622590982181,0.00247641467602112,-0.00449439772517279
-0.00291105923979742,0.00157218657193506,-0.00197526300876107
-0.00853324948340172,-0.00470858033220885,-0.000565085870213895
-0.00317140573551943,-0.00204776467208594,0.00311172082283241
-0.00931580901711186,-0.00820804418169416,-0.00902432061749347
0.00137605215149083,0.00459782965573684,0.00455315305790916
0.00641322727680678,0.00846696066565884,0.00708220600919026
-0.0036410494016838,-0.000454059694752206,0.00168790391024223
-0.0015993852375018,-0.00295123420225276,-0.00421236135470033
-0.0105236905542467,-0.00660277656023147,-0.00592252238320292
-0.00716782651636826,-0.00756368785476061,-0.00737566115573027
-0.000931498709272813,0.00692846965805973,0.00114322670405076
-0.00349632417346745,-0.00688079626988057,-0.00656583246510213
0.000935971913325613,0.00484970997590024,0.000287465303067492
-0.00233722693503613,0.00252829461807148,-0.0143641870986572
0.0114783097503987,0.00389714722279305,0.00990970465691545
0.0125057368036411,0.00799301685075321,-0.00201986437304021
0.000228593946288233,-0.00090634787285193,-0.00347006761831364
0.00160065121199702,0.00249446892674479,0.00580357164105771
-0.0041094839998979,-0.00113105828068887,-0.00346205861227252
0.00275099073570631,0.000905771830634788,-0.000868768851965567
-0.00914514756440409,-0.0144795708239663,-0.00463603692115537
-0.00992104915325753,-0.0117081277650112,-0.014556386539986
0.00372832584288136,0.00511045240240225,0.0079767685720778
-0.00533986726536583,-0.00392883892492598,-0.0137748460569488
0.0121378956066935,0.0102088769174509,0.00772643878509963
-0.00599610718768138,-0.0064311125259544,-0.00973178549579079
0.0100936001261718,0.011789410102387,0.00923172745490531
0.00162654058013224,-0.00137059787332646,0.00501611494430247
-0.00440832081585716,0.00388903660380824,0.00146823355295092
0.0102545331316775,0.00957154719655324,0.0134857252949603
-0.000922797276106953,0.00361155618830147,0.00925629538159443
-0.00646525161238733,-0.000449912351526384,-0.00716504042261663
-0.00185863564946331,0.00382564848823857,0.00519602593289848
-0.00582114294748538,0.00896659915384443,-0.00717956190305417
-0.000936724754239046,0.00199962173516467,-0.0121494016809615
-0.000468726461228455,-0.00266092406253714,0.00263543106244104
0.00211048347660468,0.00111169621874948,-0.00321247828358692
0.0222327864844023,0.00932718395234963,0.0251977170618604
-0.00663933312290981,-0.00198010240973746,-0.0114317982808395
-0.00898847219674379,-0.00462970526752293,-0.00173470997387887
-0.0172089715549466,-0.00730921375888741,-0.0150592623403372
-0.0016562070549148,0.00803231774436721,0.00705685200307374
0.000947956726449517,0.00132822702011946,-0.00525551144690877
-0.00544655946594961,-0.00331592039708678,-0.00440292538243219
-0.00190464330026523,0,-0.0011790076437847
-0.00763381424058452,0.00199607404649653,0.00118039934363357
0.0120196458693299,0.0101813777951902,0.012677142785647
0,-0.00262896035432518,-0.0122272930695771
-0.00118796581593459,-0.000219877030560003,0.00560003544963636
-0.0033296270133679,-0.00373530088696672,-0.00532893428324724
0.00119335217487832,-0.001543969589027,-0.00446420750369136
0.00643485197679475,0.00353433264258041,0.00627838569966949
0.000946786010409524,-0.000439983891057617,0.00712993243746581
-0.00425785533102561,-0.00396417542421169,-0.0112092058160981
-0.0049896622020414,-0.00950706799588303,-0.00626523162403262
0.00023901872416289,-0.00446408116176567,-0.00120070018907085
0.00262576493472597,0.00269051021032027,0.0144271468071711
0.00119045923764198,0.00715551807966349,0.00977771833031092
0,-0.0051065528603764,-0.00234706439461623
-0.0114148807178072,-0.00781090882656851,-0.00676490879281322
0.0209277306734381,0.00967196791167367,0.0284275213910161
-0.00565454347931059,-0.012252445872442,0.000575881662942005
0.00142214519829342,-0.000676363617933896,0.0109357266564836
0.0265030404809735,0.01670030426774,0.0179329816773894
-0.00461108943612211,0.00266387782489296,-0.00111858884643558
0.000463556437973989,0.01062663361072,0.01063822895629
-0.000463341652967775,-0.00525724819213382,-0.00193883168401016
0.0185273088693542,0.0107903170305696,0.0113791634941347
-0.00545686037503246,-0.00261446792884228,0.00493990399299839
-0.00274391294600052,-0.00830057876823554,0.00628039213816898
0.0105460601794388,0.00330399482460731,0.00949806776263677
-0.00158846362602201,0.00753722865181401,-0.00295704389025767
0.00499911373963707,0.00330021580556115,0.0059318832549977
0.00520004500904852,0.0182019168087312,0.00991672986275842
-0.00157425365613577,0.00366104534833527,-0.00902362789683428
0.00337906175013992,0.00472110658288293,0.0101772698784718
0.0170630397984526,0.0194364648288809,0.0159062514854487
0.00353226999300178,0.00565665382134933,-0.00156593228571775
0.00351941439180286,0.00500011544250941,-0.00339730216985721
-0.00811064338553282,-0.0120235718317424,-0.0104904410272331
-0.00618744710132222,0.000629937444981731,0.00212000862780018
0.00822798727186656,0.00524213483670979,0.00317403713071577
0.00485193022889983,0.00980409145232328,0.0026362339624908
0.00614554081026185,0.0020653674968302,-0.005522022743593
0.00567168191465112,0.00845191218502146,0.0100479947698017
0.0132326689444402,0.00858539924122599,0.015182954667507
0.00599393518793848,0.00364829393836399,0.00206288724934821
-0.00915053643049288,-0.0044425734066873,0.00102938989818233
0.00472479775033523,-0.00425986890896972,0.001542236115744
-0.00842668605723968,-0.0110002507655434,-0.0182237064100624
-0.000217927037597172,0.00617920630994258,0.00836606143557595
0.00544919780646861,-0.00163753077073876,0.0108891068409122
0.00650327387107835,0.00164021667601641,-0.00359066165588579
-0.00258509126862175,0.00081906197607534,0
-0.00971679598126516,-0.00388647013879236,-0.00978097373367865
-0.00174466751662151,-0.00410680921391142,0.0046791620668725
0.00262190716997249,0.00845380471016783,0.0121605649161637
-0.00348654110389169,-0.00470271711951153,0.000766573666151981
0.0166159729616582,0.0156122082373296,0.00664121097827548
0.00602161058280628,0.00404541202430299,0.003552393965291
-0.00213740292611455,-0.0108784435012667,0.000758410474837239
0.00621200334617565,0.00549911654693264,0.00530577317586333
-0.00936744952371427,-0.00405121956112004,-0.00477525850665505
0.00343819188189374,0.00081358418093233,0
-0.00107061273338797,0.00121931059446458,0.00580808566635042
0.00600334567818941,-0.00162371857186996,0.00552333903176576
0.000426556230837093,0.00101638253211205,0.00374538807913757
-0.00809547136230545,-0.0119820939521837,-0.00248717072388625
-0.00622883163165464,-0.00369959081592694,-0.00473847685591675
-0.00172838670471437,0.0022690334124013,-0.00125280808681534
-0.000866622247007331,-0.0010291450056953,-0.00426459862365541
0.0201520233906806,0.0156605364630241,0.0125971100679303
-0.0106203957618638,-0.0184621738975104,-0.00577120643278536
0.00128811159901846,0.00496091524997651,0.00302860441177208
-0.00150055117464667,0,0.00704584480416247
0.000643989844386336,-0.00473069319522758,0.0162414947882869
-0.00836947089348057,0.00309955684708297,0.00147580120519314
-0.0023804609283935,0.00906476127999884,-0.000736599085128092
-0.00650718016329582,0.00102059242440809,-0.0184277274075024
0,-0.00224319143162244,-0.000750980935260862
-0.010698578942268,-0.0100163387654405,-0.0052605148199798
-0.0011036391148472,-0.00144533884475552,-0.0108285645935601
-0.00265138600572864,-0.00868481852874966,-0.00560070910912071
-0.0210459003588498,-0.0469340058906401,-0.0258576785294343
-0.005204661481101,0.0067849280361719,0.00578172126242803
0.00636997125546429,0.000217453358127682,-0.00418058896168137
0.00881516706037976,0.00478164582942425,0.00970870846754273
0.00605006386112273,0.0168721735386485,0.0288462416890741
-0.0022276591329918,-0.00297807291212679,0.00404133519554771
-0.0071428577488988,-0.00106700117302425,0.00251548218831902
-0.00562028420571485,-0.00512613367203076,-0.00250917041483305
-0.00633054044250798,-0.00536651188422298,0.00327030912124072
-0.0116040966454538,-0.0143980790202772,0.00275823964416111
-0.008056902269685,-0.0026562271877824,-0.0115027080580156
0.00649769813034955,0.00244111460680612,-0.00227671014620159
0.002766929722334,-0.00265649856793445,-0.0045640489081299
0.0041390735229698,0.00688097126011073,0.0086601778843284
0.00366347893583022,0.0094801890740388,0.00429287768161704
0.00205352657495278,0.00371249708728238,0.00377179883262727
-0.00500909841680883,-0.0060923890780962,-0.00375762582393112
0.010526502265622,0.00963263064940877,0.00829804515038578
0.0045287443037069,0.0028183125334566,0.00548634670394594
0.00743914982124187,0.00410805156221647,0.012400734292361
-0.000671393021016929,-0.00430652031009811,-0.00097998869269095
-0.00246276635840785,-0.00151360324366799,-0.00196163680659738
0.0118964064513153,0.0153777666051971,0.0174443218731479
0.00643344210555586,-0.00170642296872544,-0.00724412864526807
0.00771394437130767,0.00106840518041414,0.013378172135791
0.00568700646557096,-0.00149412622952145,-0.00192007222687159
-0.00282725831942812,-0.00876460899826321,-0.010581906944661
0.00551261898825812,0.00345069660584874,0.0119107183060232
-0.00986853378615389,-0.0103161018431499,0.000720126598920017
0.000886020625758668,-0.00282314374104803,-0.00168025644249678
0.000442521081732627,0.00370238231042308,-0.00384693035656549
0.00906904167221988,0.00672585981657601,0.0012069661260559
0.00197250600674266,0.00603454082622204,0.00289305847110596
-0.00350027970434343,-0.00407036255507793,-0.0132214015644241
0.00878165684904731,0.0107549896320511,0.00194889830127325
-0.000217750951767221,-0.0031921809397296,-0.00170164690334155
0.00696613816279056,0.00725878498593025,0.00779365937239182
0.00302618689506598,-0.00360319876490304,-0.00386700203014444
0.0077584159342168,0.00659446343426582,0.00242619758248697
0.00299393654816336,0.00190190509716294,0.00193557839688385
0,-0.000211099255598452,0.00120819756815838
-0.0070361927533261,-0.00379746791512425,-0.00603156148911
0.00901893891597557,0.00952997234384914,0.0206311124244989
-0.0061717880252512,0.00209773876635655,-0.000238070151848593
0.00428260881582811,0.000837354730426463,0.0014275801566837
-0.00170554612453719,-0.00355557125195528,0.000237373062937967
-0.0162321631911725,-0.000839863999525176,-0.0130608320398488
-0.00195450619177277,0.000630239247912577,0.00288726329822837
-0.00783131771395297,-0.00734843724977975,-0.00359876119250915
-0.0015346030441802,-0.00105733257040984,0.00264862115005721
0.00307433612493959,0.00381121330125043,0.00696482759807384
0.0133539663630697,0.0168742372745967,0.0163495581451312
0.00561652866160136,0.00103671130957639,0.00638799055634414
-0.00751858121259813,-0.00849560138743703,-0.00587728766714087
-0.00995672508141418,-0.00397046151980791,-0.0139511750884701
-0.00131192853823901,0.00566508774765487,0.00431670151841281
-0.00262713930373232,-0.00959738386138358,-0.00644728510326086
0.0035119140847741,0.00273846525938677,0.00696965826838619
0.000219175330615914,0.00945381829156077,0.00692103718966034
-0.00546735775990735,0.00624381631441158,-0.00450312235683705
0.0105540816394857,0.00268862525536093,0.0142857595536365
0.00195843268014802,-0.005156832913708,0.000469212194631003
0.00499437523528365,0.0014514480193205,-0.000468992137800761
0.0127487411132989,-0.0060043655148494,-0.00234752931146928
0.00426686123425567,-0.000208311792252512,0.00423532034835781
0.000425139492905628,-0.0112500716118474,-0.010777671202292
0.0131659791823932,0.00611048840427101,0.0104210922834685
0.0278772681632069,0.0188319429497618,0.0302390559593372
0.0179444069653195,0.0373830567832001,0.0325370608479272
-0.0148238912759159,-0.00980979686017564,-0.0132214066892098
0.00569350842035637,0.00283050625764468,0.01607858629129
-0.00323519578417619,0.0050406862587372,-0.000879344040877005
0.0129819969631556,-0.00942857194447973,0.00505947068616966
0.0106129151739694,0.0200487445787034,0.0210110518438547
-0.00713296027460932,-0.00416912168013577,-0.0117898325368372
0.00159646497363094,0.00378794216025162,-0.00173527906227953
-0.00039901068322387,-0.000993105692144384,-0.00217295612116842
-0.00956726454649133,-0.0163020309400298,-0.0167685580761616
-0.00986114373681002,-0.00990304506186365,-0.0183829689195468
0.00711410109526032,0.0106141827105283,0.00496394349946098
0.00181616012235603,0.000606090080281824,-0.00493942447544502
-0.021756684116393,-0.0143319807413495,-0.0241428679789699
-0.00906104837502153,-0.00204774873568899,-0.0117916362180358
0.0031176423020534,0.00143652437394367,0.000234008930453322
-0.000207466865145213,0.000819560447042401,-0.00257337148742627
-0.000621413127730157,-0.00634749171484826,-0.0110222496554435
0.00518297055068594,0.00267902698794205,-0.000474091433370991
0.00887010676616553,0.00842602245467419,0.0166073855487738
0.00960953965078534,0.0101895325766176,0.00886792574135975
-0.0137709803441458,-0.0110957014540982,-0.0182742387570747
0.00414942318727939,0.00571218276039244,0.00471216367604013
0.00619853025575976,0.0107503063981137,0.0220453108215288
0.0114988270702797,0.00622124260856788,0.00527751703655519
-0.0105562667810961,-0.010371234715655,-0.0191735334232311
-0.00430897062317436,0.00282173555346959,-0.0137306740983517
0.00659423580771757,0.00381803387008011,-0.00306758099210838
0.00368478200924884,0,0.00236681973069021
-0.00489503094795309,-0.00360349901696541,-0.0059028735388003
-0.00778838132912756,-0.00884045265831144,-0.0118766706300037
-0.0276804587186828,-0.0227044975637457,-0.0257210587461382
-0.00913521992732404,-0.00850430470629842,-0.0138167244595056
0.0272302401235921,0.0184099632122568,0.0157617508652447
-0.0102277701508515,-0.0065733684163857,-0.0108375343098278
-0.00590485578458911,-0.0111662959286188,-0.00522886230986244
-0.00127252644531908,0.00397315077448475,0.0135167444788185
0.00488472074841049,0.0074986645395385,0.0177818510845612
0.00486176276023959,-0.00413473778870117,-0.00339707991739591
-0.00273432069894419,-0.00892705674637133,-0.00486983748780673
0.001054778718978,0.0117303801083452,0.0154149917812544
-0.00337148980098526,-0.0111800203688025,-0.0159036593857967
0.00739970465060573,0.001884219347147,0.0105290167858988
0.0199373558552523,0.0211076762181023,0.0341651931996608
-0.0102883917419888,-0.0124848044282746,-0.0159324807571654
0.0147611571893176,0.0149224383117879,0.0290446458504842
0.00122906359564254,0.000816786625767971,-0.0107303416024797
0.00388817073261121,0.00530485494045633,0.000943153375726594
-0.00529998998065186,-0.0038562963558199,-0.000942264675616958
0.0069671901353396,0.0052975054992239,0.00400846410118571
0.000203569321121479,0.0052694483961557,0.0068109651181102
-0.0118009583551655,-0.0155240515832957,-0.0144624736737651
-0.012147050770264,-0.0196598187588443,-0.0203553999413219
0.00687761607342393,-0.00605811143592178,-0.0120800824301036
-0.00186313923054841,-0.0248005468855829,-0.00391243344598387
0.0045627643824258,0.00323279448245441,-0.000491157400389593
0.031172443121499,0.0150377777511737,0.0574792566914492
-0.006005985648429,-0.00296311677726987,-0.00162619610829716
0.00986936386943264,-0.00382111359596627,0.00395585840069421
0.00857585583601219,0.0112940434225836,0.0243335879924261
0.00474576706858199,-0.000211180398303178,0.00972898335546639
0.00354283681019412,0.0016862045425381,0.000447823371363487
0.000588136876853536,-0.00462872872304769,0.00111950077213464
0.0125443505435062,0.0215598520674101,0.0174497623030782
-0.00251653969441425,-0.00041380264696438,0.00307861614253854
0,0.00414002356469323,-0.00241137288783139
0.00834426168661446,0.00432912277529332,-0.000439628334794689
0.000192497289247095,0.00497598483648872,0.0037371785055344
0.00673505831075133,0.000618884529374355,-0.0118265188705975
-0.00305850213595883,-0.00556685992622898,0.00332448368657114
-0.00191692594818902,0.00165878426902804,-0.00618500634390272
-0.0099886986923276,-0.00993593044454768,-0.0142258064241638
-0.00038777089062421,0.00292720451703848,-0.00676419976232776
-0.00232904461959423,-0.00687932241818734,-0.00272366876699484
-0.0052529398323596,0.00167896005567365,-0.000910759784852924
0.019948837949587,0.0144595555007169,0.0262016262202984
0.00287641561577498,0.00247867025772502,0.00954721447911973
-0.00305922167361578,0.000824518991682986,-0.000219949469106267
0.00671281165644263,0.000617463206679021,0.00549927854583276
-0.000571684222647431,-0.00226345349863355,-0.00546920188126429
0.000762508256368414,-0.00144361000295254,-0.00241986027754863
-0.00019035187904483,0.00330447717793529,0.00374868640969018
0.000380847130012972,0.00288201316427889,0.00351489134362774
-0.00723681298286644,-0.00164224510662934,-0.00350258015496071
0.00115145499617819,0.00986837727262234,0.010984292828402
0.00191563277934686,0.00285018472103938,-0.00108640311129
-0.000580014565358324,0.00527819954500858,-0.00522114154549893
-0.00444854414971987,-0.00343292389162652,-0.00153054655696296
0.00369167942185423,0.000405303202404134,0.00153289272063873
0.00174185459759895,0.00101266677267369,0.00153100843446062
-0.0019324054315917,-0.00586802395730399,0.00174680212194197
-0.00271063410193276,-0.0118052538701711,-0.0148216681062734
0.00291248319249383,0.00350151102470748,0.00132778480908214
-0.00929161721459606,0.00410492630903089,0.00287217241679627
0.0101599049249081,0.00143091844837501,0.0136595362374192
0.0038686439239827,0.0063278108056649,0.0084763765511572
0.000578043729224546,-0.000202891000718441,0.00215518234694218
-0.00924286039051893,-0.00202876584293344,0.00967737869401069
0.00641337673518489,0.00813169848986973,-0.00788038396532532
0.00482832212470724,0.00221840836592762,0.0047226976349527
0.00884094047339688,0.00402398405238913,0.00897458691132808
-0.00476263791197323,-0.00300615539050506,-0.00868307396468376
0.00363717140032224,-0.00502480368934334,0.000213878751222248
0.01029899827605,0.0117169386039513,0.00192201596715723
0.00962836094574016,0.00299535067060079,-0.000213310250049909
-0.00448779823426333,-0.00517619938876857,-0.00127889608941133
0.0052596403192043,-0.000800758467435254,0.00661790421017888
0.000934076455376547,-0.00520709180364642,-0.0040296894780553
0.000933136053403417,-0.00362393631600279,-0.00191642710273716
0.0147334799722174,0.0121236070084555,0.0187757738074533
0.00753551221510863,0.0187663108468011,0.0016871605141352
-0.00547256241586473,-0.000783849847359055,-0.00168431879796606
-0.00513557000033073,0.00117679985584071,-0.0116013123618988
0.00497756832041897,0.000587672230158735,0.00533486589999733
0.002201398037338,-0.00509033926985445,0.00891540159120729
-0.0107997526646289,-0.00865797028391226,0.00231431729156587
0.00407133387853328,-0.00396967173826653,0.013014429901918
0.00239564459176229,0.00398549283654282,-0.002072193530024
-0.0125025527154349,-0.0045651618037732,-0.00892886934227667
-0.000557947185690847,-0.00199404182494575,0.00544753650934159
0.00242118579516749,0.00279722393999387,-0.016253272867438
-0.0102208611494878,-0.00637581356955351,-0.0072020956154535
0.00675898392268653,0.000802223417291819,0.00533395250833412
0.000745941050655958,0.0142253458456551,0.00573018471411108
-0.00428605543431899,-0.00296312216244644,-0.00527520199813303
0.0106681470734163,0.00792567299712629,0.002757176198693
0.00333304467048816,-0.00078638304387135,0.0105783560564113
-0.00885884216197823,-0.0092465507175601,-0.010048431262319
0.00409685937001397,-0.00476566532195283,0.00338332789031534
-0.000927420182536588,0.000798081705991901,-0.000210955597921077
-0.00538356564125851,-0.00139568473778048,-0.0107501751519175
-0.000559644418192154,0.00282248603857421,-0.000639264705664651
-0.00224104564195659,-0.00301542211588204,-0.000213513325439361
0.0145984010100547,0.0127041704445362,0.0162084793514517
0.00387379459298043,0.00517722616683417,-0.00335779402194325
0.003491561458528,0.00178292378027826,0.00315832889256282
-0.00183129240358904,0.000790945170596802,-0.00839620758708176
0.00476974452095173,0.000394921267983985,0.00783267497574335
-0.00565995028881018,0.00118525529604424,0.00104996658821813
0.00679406870143913,0.00118343831897141,0.00188792456508076
-0.00638352592384114,-0.00551712679274464,-0.00628232137964797
0.00770953013585871,0.00376466478759624,0.00842960559203305
-0.000910686395813725,0.00276342877929968,-0.00397037847351264
0.000911516501491192,-0.0013780424107242,0.00503562055403088
-0.00327882863892695,-0.00236515252936177,-0.00313192480403325
-0.00164489705854646,0.00316135461625989,-0.00335021456157385
-0.00128137493633054,-0.00906029255103789,-0.00672474265845022
-0.0117298133165574,-0.00834858422479026,-0.0135388782950852
0.00649080342264995,-0.00661416382985214,-0.00922161430518274
0.00577203614751681,0.00605295485964137,0.0101729056641071
-0.00314734921316832,-0.00541500199376854,-0.00835578807034547
-0.00649954050065408,-0.00423479244713105,-0.00583452650367497
-0.0158874827631581,0.0125557849690455,0.0180397677379369
0.00265890421758623,0.0101997566525115,0.0076857481478198
-0.00189461793608446,0.00534545797040513,-0.00783931197397606
-0.00379548368395135,-0.00137824394423468,-0.00427060530534762
-0.0158125284484337,0.0224805314761023,0.00278797893283409
0.0172277854467326,0.0198649106729227,0.0168946779855473
0.00475721915563652,-0.0119135708759803,0.00168274513791608
0.00549275332152134,0.00133966902040928,-0.000630172297361629
0.00150671329077627,0.0150993135639684,0.00735315822331136
0.00282135398176981,0.0180759144006788,0.00729877325808474
0.00581400354198895,0.0253374429223802,-0.00144885722068542
-0.000932301530752593,-0.00378762710384903,0.000829360390516309
0.0014928432597759,-0.00126788888710392,-0.00103623512930496
-0.00279525105150631,-0.00725155362733453,0.00891776207089296
-0.00299018272963184,-0.0038348511357656,-0.015621702192709
0.00656070483820991,0.0104492088780058,0.00877019165009836
0.00130359303111892,0.0234033426365502,0.0132478179134177
-0.00223219901743044,-0.00939560639098701,-0.000613071812435662
-0.00484594968492436,-0.00322088726265011,-0.0126740918976354
-0.00112389564873093,-0.00807923295872043,0.00229405785366576
0.0063751867686023,-0.00343877416176139,0.00249611756709948
-0.00801140881490959,-0.00526710237248773,-0.00830047613976683
0.00394413499213904,0.00511249765903605,0.00334786590671347
0.00093535042276051,-0.00871932534959659,-0.00417099780002796
0.00149557529937999,-0.00806317741027964,0.00733024809131159
-0.00597237030781101,0.000738992034333423,0.0043659815901355
0.0022527987663179,0.00387649019592224,-0.00662414259724785
0.00112412916219496,0.007171828680637,0.00833525748013083
-0.00224539296081164,-0.00693775796459794,0.000826635528044608
-0.000562651381668539,0,-0.00578158874292086
0.005629430690724,0.00202222525561237,0.012668601069579
0.00111945208666885,0.00330257052810861,0.0184575136309445
-0.006150667623309,-0.00347442918512671,0.00342365095873884
-0.00225051442379491,0.00623948677240476,0.0106359633371613
-0.0150376667570468,-0.0164145417726379,-0.00297825333900223
-0.00687026739774854,0.0137218659211511,-0.0101575847119889
-0.0111450503596229,-0.0111580278893979,-0.00462781183877039
0.0128252658880182,0.00388463520885065,0.0143521077011724
0.00882580007550166,0.0158467697356786,0.0149461615589737
0.00494490964165,0.00256423031966189,0.00549758520127562
-0.0018924804331763,-0.00127883696124233,-0.00546752700572139
0.0026541139537661,0.00164646004337484,0.000589076269022123
0.00624101040070406,0.00365313872722049,0.000785151390968973
0.0028188898852311,0,0.00411723510459001
-0.000749578817088488,-0.00928131946382007,-0.00546752700572139
-0.00618914242263404,-0.01910355543473,-0.010013325512374
0.000943813866512425,0.000561832425915908,0.000396147628865258
0.013008860778564,0.00524045018448751,0.01011137514222
0.00595560724264223,0.00875074521062106,0.00922436801160199
-0.00370031859111271,0.000553744013291384,-0.00408406248255921
0.00371406180305108,-0.00202914885489384,0.000781394783334638
0,0.00166356541559863,0.00741455948847401
-0.00259012415407845,-0.00811958913322115,0.000387140941460299
-0.00389520789884012,-0.00297680530399529,-0.00019349556067671
-0.0156427319261023,0.00335892083406181,-0.0118124191081673
-0.00132405612612194,-0.0202716047369388,-0.00431112083556328
-0.0376967064487587,-0.0394837143381129,-0.0312933134635869
0.0117433827007493,-0.00454520070955476,0.00345393920096054
-0.00885232702457589,0.0140957015852335,-0.00384664427935881
-0.00734439783873756,-0.0217307223491029,-0.0205287096829148
-0.00739856899919984,-0.0144086001489919,-0.0134880475417594
0.0261885939747896,0.027004980341361,0.0206141203029621
-0.00687091389350843,-0.00711748388298363,-0.00329746885762598
0.00355779409359272,0.00557548088347853,0.00785765372875839
0.00354574881304905,-0.00336641545583859,0.00164118554894759
0.00274762330030566,0.000596241850869125,0.000410143962530303
-0.0319043613651581,-0.0319698756961932,-0.0438171810057739
0.00626775933540829,0.00676924069122681,0.0128483702853557
0.00663004663612289,0.0213936051789425,0.00845662902096207
-0.00958074065397848,-0.0119688222168731,-0.0140461571433969
0.0151150896001122,0.0107005734944311,0.0116947528914765
0.00774290578974233,0.0115860796064263,0.00357257897924821
0.0216701874485706,0.0274486415981144,0.0272254910126917
-0.00424201753207918,-0.00365157337925225,-0.0118246813636719
0.0009681142796275,-0.00231489624059212,0.00103146148162366
-0.00251509016925623,-0.00348056700519054,0.00370985364122299
0.00543072421691214,-0.0093131507847873,-0.00266955133140564
-0.0206405581491943,-0.00195833538191799,-0.0119414359337959
0.00827280672674124,0.00863430039421078,0.010627175309652
-0.00332081977636726,-0.00116725538180372,-0.00247420210524272
-0.0115641276336684,-0.005648708501621,-0.00289386329835691
0.00852643849429739,0.0070518208810648,0.0137787975801048
0.000589762794688299,-0.000972636443631409,0
-0.000785839705645046,0.00408891263468341,0.00432429598558034
0.000196579005688233,0.00019399028375791,0.00471615657114097
0.00412895353009214,0.0158975152776374,0.00489796557791589
-0.0109653068613155,-0.0114501947844522,-0.00182762391464409
-0.00455346397434633,-0.00289587015918012,0.00101704208738979
0.00278433243847259,-0.000968182405160372,-0.00223563428853736
0.0160649136620226,0.0257755087015123,0.0179263593441108
0.00136683102022555,-0.00755750201666001,0.00420276881543981
0.0101361137549939,0.00875726558488989,0.0376643232133938
-0.0175603748481523,0.00188694219140261,0.000384018048873117
0.00255326930929517,0.00621573947597771,0.00863883834042255
-0.0103841612574355,-0.00580292725885484,-0.00494878217794982
0.00217763819072775,-0.00564849415782375,-0.0022952492858398
0.0120505991110262,0.0187460787348782,0.0126533586247721
-0.00995484719685823,-0.00446099711106189,0.00227178387856985
0.000985579967233449,-0.00354707332781386,-0.00736679426972601
0.002560666137498,0.00468399826334913,-0.00856302270852979
0.000589204933172649,0.0108169107816217,0.00307092119946656
0.00157110543175315,0.00184526297410216,0.00554901957487194
0.00431260887208385,0.00353406946811795,0.00285438188934408
0.000195472566534047,0.00259489247359836,-0.00132849875790413
0.00351303700502118,-0.00388226671727765,0.00190034845082672
-0.000389103331587723,-0.00296946217428516,-0.00530999104430399
0.000972728074182253,0.00744583088797346,0.0142992909598477
-0.0169100710615292,-0.0169990435455393,-0.0225563940823639
0.00731574276380253,-0.00169181048447889,0.00288484567190271
-0.00333672131677737,-0.00470738294781945,-0.00613612701621107
0.00315092406907808,-0.00132413689634852,0.00385856085807997
0.00353334879672464,0.0401589827072072,0.0182588456834492
0.000195564243958401,-0.0020032973981309,-0.0079277170290257
0.00293366524209545,0.00364979487152353,-0.000380413475911236
-0.000975074849694538,-0.00290893214722002,0.000380558245396154
0.00527091377118535,0.00437597217765942,-0.00513693422193177
-0.00291296012008839,-0.0012705181109545,-0.00573712401336077
-0.00584228560672395,-0.00145441989134083,-0.00769396946379117
0.00293835629764512,0.00345904297964832,0.000969315925625556
-0.000195329020910205,-0.00381009086360702,0.00348546744661054
0.00355529793354458,0.00528142078331767,0.00463152228747556
-0.00196800184561394,-0.0128621936655527,-0.00441773947036382
0.00138033415724082,0.000366667769918778,0.00135032425908891
0.00137850163896636,-0.00660391970632634,-0.00635796281052034
-0.00373686696808734,-0.00461691149573993,-0.00678731359170004
-0.00651378536334277,-0.0105752400873022,-0.0128854747923962
-0.0107293044295394,-0.0151880822585334,-0.0146361878847663
0.00944011733034909,0.015422317688199,0.0118424046592266
-0.00417850356602468,0.00262531804146056,0.00039684338263138
-0.00779262945202633,-0.0162707696624359,-0.0214158398446548
0.0140962083887585,0.0205321252896249,0.0190478347746172
-0.00556013523477721,-0.000185973323749041,0.000596376933040754
0,0.00577596383612129,0.00476968705841868
-0.00339472035700788,-0.000370763489037221,-0.00257144498082852
0.0128232532183858,0.00555972689248956,0.00832845761528391
-0.0112759371969727,-0.0151123143670249,-0.0273352486037775
-0.00180068462331694,0.00411667807685137,0.00768307034357633
-0.0188415323820297,-0.0232948509979956,-0.02247209074174
-0.00204297649690065,-0.0137377719307715,-0.00738926500346315
-0.00102334838746142,-0.0104468620831465,0.00496299989952294
0.00799187162004643,0.0129030801468311,0.0131686069090468
-0.0020327185704943,0,-0.00568642805856357
-0.00407466158136326,-0.010036637276373,-0.0104163271046249
0.00879538422854037,0.00682407547607956,0.0144476914303577
0.00466352033730293,0.00426017188227567,0.0116874519050523
-0.00363281384849659,-0.00694157084825831,-0.0111473379090471
-0.0044560139960018,0.00388333223529124,0.00368942969207561
-0.00691766571680927,-0.00193418649554925,-0.00367586783613682
-0.00921911785345566,-0.0116277540534364,-0.0262344872697501
0.00310132247666995,0.00803888917463401,0.0130498995053934
0.0210266269069038,0.0278158022671164,0.0290876885226679
-0.000605665570437649,-0.00605581666844736,0.0104983961510007
0.00242461044393823,-0.00628350883209827,-0.0043950421491621
0.00362720919198128,0.00517332173492167,0.00180576261927532
-0.00883519573807339,-0.0163934014817218,-0.0208330652215164
-0.00182337459524448,-0.00910854751232286,-0.00531944630012798
-0.0194845116399035,-0.00782327083035019,-0.021801589672543
-0.0033117167498511,0.00256247630311896,-0.00862072289281363
-0.0207685275135875,-0.0304755069560337,-0.038388096524682
0.0165427853995661,-0.00202800426214645,-0.00154397934316733
-0.0146049232677642,-0.0284494220442486,-0.026286792708939
0.00381164103456649,-0.0175697084005461,0.00340319137117358
0.00611626832916781,0.00468388529511338,0.0117562821942605
-0.00586982655339519,-0.0131385015754291,-0.0165362532594756
0.00442848262953134,0.00601243939506031,0.00840770298142037
0.00314923051549857,0.0200821342601286,0.00473138066628705
-0.0163247429278926,-0.0321760211831219,-0.021080319044337
0.0246807254899115,0.0575241078172997,0.0334475516648467
0.0105901272601032,0.00496360614924868,0.00509852189512678
0.0211628806336378,0.0185223678835297,0.0258048351509614
-0.0271634172930359,-0.0523334898412693,-0.0503118066572921
0.00496429050158987,0.00213179174506413,0.00181135080267521
-0.00185219605535844,-0.00978713650343656,-0.00949163695781815
-0.0131961461986279,-0.0189084547996389,-0.0120919228025869
0.00773109627465898,-0.00109506437511639,-0.00692872381479586
0.0335890241967529,0.0425345197988088,0.0574419045034541
0.0383148874632582,0.026498476006583,0.0338686898956263
-0.00792126752397829,-0.00860508859301584,-0.0110613600754167
-0.00097352612253446,-0.00681929268426895,-0.00623812450580697
0.00682278238906103,0.00769871300167047,-0.00432880559343816
0.00348501716531705,-0.00165177888529845,-0.00717398229806285
0.000771717922431458,0.00310220985981399,0.00613087048404489
-0.019279147175521,-0.0146392168891437,-0.0226331161512908
-0.0237864216870273,-0.0345259458411291,-0.0291698582908853
0.0179220733244335,0.0175551909230554,0.0121563882153886
-0.00672600875738211,-0.0153357086415856,-0.00362534467056983
0.00936067868611154,0.0140603229309116,0.0125079838303248
0.0078929985505008,0.00703944460467339,0.0175202492111342
-0.0097147880530806,-0.0256299876048201,-0.0249449780180992
-0.00320336115974961,-0.00739156074169808,0.000905689916994999
-0.0154648667996152,-0.0039421891678354,-0.0156073245975747
-0.00122388913283028,-0.00395779153073656,0.00942102299763015
0.0100080971450405,0.0156734820466599,0.0138857590813911
-0.00121298565474147,-0.00543374435920279,-0.00157171140577904
0.00951607869462984,0.0131120602085666,0.0254105304802373
0.0018047515022519,0.00603943275235982,-0.00131569234559048
-0.00880894964767609,-0.0130789891849779,-0.005489728855342
0.0343362944741509,0.0508366680451084,0.0558619786360858
-0.00273315791048142,-0.00206735485616163,-0.00522777213387798
-0.00548290485363046,-0.0221671698002283,-0.0128229399274567
0.00885986747335465,0.00656772599871367,0.00361985681680978
-0.0126853040143833,-0.0193642190516148,-0.0167623290718899
-0.00731354552444783,-0.00600991082317322,-0.00517875718073885
0.00378319153683616,0.00518262355656532,0.000650669339365929
0.00376911909394826,0.00708890992340829,0.00173416603695371
-0.00652179068444294,-0.00447942398434386,-0.0084396217840442
0.00736035773582835,0.0224984751171062,0.021605597062491
0.0213271248751669,0.00293383206894253,0.00747771504275934
0.00405993154960669,0.000626583208690444,0.00470243847686281
0.00905081321045755,-0.00542902579424674,0.005319179886358
0.00591588843436939,0.0140668538013195,0.00698410279865362
-0.00531189138912672,-0.0103520347847501,-0.00294213046399997
0.00267025217947138,-0.00376569795886829,0.00274030796671808
-0.00513604155386999,-0.0100796780371401,-0.0138743457737309
0.00229419799656939,0.0250318202683992,-0.00532916689918066
-0.00667668193197997,-0.00931289501571521,0.00342897619415184
-0.0124830091249438,-0.0340506078645356,-0.0117471809553087
-0.0237263105820982,-0.0313581797367875,-0.0250701644120561
-0.00338644293761401,-0.00290227683174362,0.0279317115485943
-0.023585563026944,-0.018585136250048,-0.0101360673293163
-0.0262031764287055,-0.0335386277104389,-0.0191718785770123
0.00441488578671754,0.0059021125991933,0.00777388451611533
0,-0.00399001058822022,0.0125634809402072
-0.00627887170717958,-0.0146084662763986,0.00718350669123035
-0.0101095485405005,-0.0141085230927595,-0.00475449060346837
0.0219149414819067,0.03395590264452,0.0275786282590728
-0.00104108867753477,0.00140761968645415,-0.0137363381742773
0.000208610756750981,-0.013586530183297,-0.00235740172493831
0.00604273064560468,-0.00498650977974071,0.00945027696727862
-0.0532312842903785,-0.068907069151504,-0.0570209480343094
-0.0131262512604987,-0.020254798386493,-0.0263990441550225
-0.014630709767648,-0.0485026597973323,-0.00880596644029153
0.0249717538426057,-0.022841251675448,0.0313297812670597
-0.0493853272129009,-0.0476051777214009,-0.0423942946987681
0.00438679108204034,-0.0152649633781085,0.00875995534335257
0.0110345975380154,0.00607895176553296,-0.00704066906938898
0,0.0141993248752459,0.00189089456867087
0.0520691835116305,0.0694071395132095,0.0627503357814827
-0.0116707292968045,0.00389977553426829,0.00221996619383252
-0.0360813318587435,-0.0405105895542697,-0.0358807489251344
0.0065788167667036,-0.0167725636378342,-0.0101079667142517
-0.0349332121196869,-0.058823677325997,-0.0399161395945963
-0.00116778750617473,-0.0187501867464643,0.00628524964544741
-0.0147300092075927,-0.0213377493707394,-0.0228201664432732
0.0239680442777659,0.0315660116426509,0.0312188512670928
-0.0294325605104904,-0.0315460768202037,-0.0355185441097333
0.0253107309883342,-0.0123779916330625,0.0467129333064727
0.0444806880388535,0.0649739838369107,0.0380164435369884
-0.00490561793932619,0,-0.00705185258915718
0.0336100357072823,0.0312790707287587,0.0451316719744044
-0.0143075042385244,-0.0072073792050629,-0.00898745390046605
-0.0167143022280896,-0.0154262702426282,-0.0234463941583758
0.0263213334637417,0.0350230193046704,0.0169882790764998
0.0161401252435456,0.0195900291799125,0.0291758809680443
-0.0128372587919746,-0.00116433574910754,-0.00281327556453103
0.0279919538359314,0.0134070921273507,0.0290798476207427
-0.04266733850646,-0.0442909977265238,-0.0312107795471263
-0.0273234445492465,-0.0529642756131521,0.00457137781561047
-0.0087499410651319,-0.0146170124075931,-0.00845074576225871
-0.020673185049077,-0.00999682723965642,-0.0122378642402675
-0.0109112114425979,0.00228064850426123,-0.0148228796554666
-0.00479588074962246,-0.0126752611785748,-0.0141474903166097
0.0021686160780878,-0.00559566920411229,0.00182206076477743
-0.00432762431828521,-0.0105925873261746,-0.0147794117561994
0.0123156782635884,0.0117097095296151,0.0180012670486248
0.00858766361821526,0.0244709384513211,0.0163226446213882
0.00047276281297157,-0.0171078084098811,0.00245424472716733
-0.0198578347351892,-0.0292281365118445,-0.0289278102339317
-0.00868336291091494,-0.00913408227985441,-0.00870764532880438
0.00389330558599077,0.00512116730412869,0.00901539028883688
-0.0169654477653242,-0.0176630294016338,-0.0254218327090188
-0.0064107594671314,0.000345910114961101,-0.00687677280492719
-0.0111660404193805,-0.0238512218194321,-0.0226841914666105
0.00125496466708975,0.000708363251835855,0.0100173899242194
-0.0373435908185797,-0.0396317229234275,-0.0396709282822386
0.00859135099846328,0.0128959060917762,0.014105768490191
0.0144552075397005,0.0225537170141786,0.0265769487236512
-0.0203560077955661,0.0160086692388738,-0.0113713823470235
0.0187014558620338,0.0175069604849358,0.0122366268136643
-0.0341661943742045,-0.0729525604449323,-0.0529501367074994
0.021383162967102,-0.0259834726525726,0.057697417338126
-0.0460066011965923,-0.0487806661001632,-0.0335502694500813
-0.0254671291722864,-0.0204328601447387,-0.0112387620173893
0.0394771167963077,-0.00204472532584077,0.0320790457109816
0.0850493574918712,0.0803279491812283,0.118942162897412
-0.0165144448669569,0.0367984219301425,-0.0166225197433893
-0.0105266183753182,-0.0252474965986833,-0.0293598887328306
0.0435667777006782,0.0379134691126498,0.0442259211984329
0.0179603781092058,0.00940360714150685,0.0412546468442631
0.00643834166663525,-0.0010755210813467,-0.00210737638602171
0.0459606073615432,0.0221337147722799,0.00105617969509315
0.0199319179349943,0.0539576191240451,0.0179327858832883
-0.0222072615263581,-0.0158299707369079,-0.0420728909675252
-0.0377014096046384,-0.0742644663660886,-0.0504109174376674
-0.000944362898192925,-0.00480560033221522,-0.00387341780806888
0.0245688874486521,-0.00817241018558943,0.0317936346109197
-0.0278993006833427,-0.0250936868204425,-0.0285972560536304
-0.000474410036332151,-0.00845177441240675,-0.0107254233722025
0.0161366367731631,0.0154979220520024,-0.000922832612992283
0.0119103598807931,0.00495974035383868,0.018240297209564
-0.0251557723214513,-0.0227790958585481,-0.0337866862586709
0.0108898349205008,-0.010100792455388,0.0150200947654181
-0.00070281902835136,-0.00627937920132929,-0.00971070419689623
0.00703126365402916,0.00671383491399529,0.00747123267773151
-0.0176867598878358,-0.0172615179889791,-0.00185419059845044
0.00923906527541587,0.00279435336412198,0.0199675929010726
0.00798156569061504,-0.0151273847972301,0.00227634902411015
-0.00512339435343394,0.00848830336714892,-0.00704074662647949
0.00374525915449304,0.0308618116880049,0.0157821906963396
-0.0340487330317717,-0.0276050170959635,-0.0443593738257073
-0.0405600170342971,-0.0519792706288902,-0.042176840391195
-0.0140912589348874,-0.0261493541543141,-0.0204183449676407
-0.0102094521491579,-0.0428757187825188,-0.0158212151798753
-0.0154693675628599,0.00226261360698869,-0.0114827792576659
-0.0274300677811537,-0.0442438431298743,-0.0353639571058487
0.00602393526136255,-0.0122813447652328,0.00508445581746574
-0.0389218636977567,-0.0583455449972856,-0.0287541526677785
0.0682525848147991,0.0914172441856557,0.0646926301802921
-0.0182930138013589,-0.0130293501263796,-0.00592149382367877
0.00297060845837736,-0.0066006801439395,-0.0129498877331969
-0.0390414741588599,-0.0612244430196523,-0.0411964623132337
0.0075650853342199,-0.0586453124126668,0.103174708066703
0.0825920151430562,0.112245093555945,0.0595384892720149
-0.00950452077622229,-0.0144857019362719,-0.005619258606702
0.085581186315272,0.102400542660684,0.0824110086716085
0.0140943433939419,0.0342221722787621,0.0126169712894425
-0.0348643334701003,0.00644633025280021,-0.0105265835246273
-0.0275813174310038,-0.0584970071572154,-0.0423357481198558
-0.0301206232631012,-0.0117913496171491,-0.0283379919145302
-0.0147513460637493,-0.0440571116239661,-0.00350008986093058
-0.00420238761854672,0.0283247942851551,0.00561961287701749
0.0778157564347017,0.112977876877979,0.0942949182964754
-0.013705610046198,0.00755075231450529,-0.00815034568452225
0.00173683165777359,0.0141548809478557,0.000864435782745682
-0.0237798212148861,-0.0114944876115287,-0.0153409888604662
0.00228399335801642,0.0215948357060914,-0.000658648164576049
-0.0283545063650943,-0.034146371410694,-0.0149315996853279
-0.0117250776474116,-0.00757561992127045,-0.0124834537104534
-0.00632767187471613,0.00551299423676325,-0.00993226755865722
-0.0198991893798904,-0.0147616811458195,-0.0303237070095342
-0.03681617536014,-0.0363868357061294,-0.0242183590604287
0,0.0128829345176402,0.014940170723798
0.0393478477360695,0.0280703599615833,0.0674263961632233
0.0132503745840231,0.0251708791823396,0.00355849334461698
0.0290898001384027,0.0449433379600362,0.0141844716720818
-0.0246366507314464,-0.00318575434786809,-0.0115823187853373
-0.0162189458214319,0.00359555268614631,0.00928618873958773
-0.00378372122140974,-0.0195061643840614,-0.0109531432782246
0.0274007995379454,0.0458788947700479,0.0403102853004129
0.0113543576974442,0.0326087854408664,0.0174577015864901
-0.00313293052543524,0.0078945117025935,-0.0094160941300072
-0.00838127376657442,-0.018276691581588,-0.00549209142322469
-0.00845223338104467,-0.0398937959879011,0.0121070709666095
0.0492808365425025,0.0416835746202069,0.0335776758898543
0.0101547231178675,0.0153904651771622,-0.0119794681948271
-0.0206082848092435,-0.0242515023805773,-0.0135632924216299
0.00692829385970984,0.00466017289030134,0.00416656591483571
-0.0315998397251113,-0.05373041004125,-0.0338172423070995
-0.0176320021938036,-0.00735271381596105,-0.0111660110923703
-0.0182159503483204,-0.0275719875876094,0.0112920987927463
0.0215553363155573,0.000423085329666936,0.0143868167567944
-0.0221687448979164,-0.0258038458770639,-0.0372565892939706
0.00518944312537919,0.00955299772775973,0.00945478671694978
-0.0024456439283097,0.0206449935385287,0.0241774877168794
-0.0147100864035206,-0.0257058427876906,-0.0104211071355365
-0.00193467757150068,-0.00562277564147423,-0.011605232070101
-0.0196675186353851,-0.0382774789571173,-0.0497937208306471
-0.0214749595790567,-0.0474896424170686,-0.0292906927074426
0.00288745767979031,0.0313388785166253,0.0148520243269264
-0.0230347912670334,-0.0276245556475465,-0.016957130667938
0.00707310289504538,0.0255684545189821,0.0163044486941344
-0.00877952312281748,-0.00277021782969397,-0.00348774536068182
0.0215532179956725,0.0203705804063154,0.0165654623534808
-0.0170522030226366,-0.00680595947690481,-0.0130822473442809
-0.0126430344432824,-0.0196436234600735,-0.0197675100104262
-0.00804077351123695,-0.00186407320841101,-0.00616834204776805
-0.0208141174714715,-0.0158727173488905,-0.00620674607212409
0,0.00664102695129823,0.0112896097735229
-0.0465772103667545,-0.0546652461377602,-0.0477435402985758
-0.0291800633445538,-0.0229312612839941,-0.0643549349141047
0.000337444234505825,0.0336734810738112,0.0207945048938839
-0.0259958278565933,-0.0518261408839356,-0.0302950721144031
0.0204508870377901,0.0353981438926105,0.0237002426644857
0.011548862138354,0.0296630553577585,0.0413051426209049
0.018132834454404,0.017089804014593,0.00909544162380022
-0.0356201491448635,-0.0177627227611262,-0.0225337758154403
-0.0297536293077111,-0.0029326160468054,-0.00768435347404461
-0.00810712903487667,-0.0112744176551564,-0.00232305146975497
-0.0369580763860805,-0.0431333700247782,-0.0204398747009577
-0.0450186838964566,-0.0388603841157615,-0.0261489391574374
0.0285935530267906,0.0161724319642573,0.0230538126506952
-0.000375346579714553,0,0.00503713508590032
-0.0676439987714823,-0.0625992012333866,-0.0419414593989903
-0.00886733724462352,-0.0237691743518994,-0.0349671591553668
-0.0292804574802755,-0.028405437503695,-0.0211123878332807
-0.00251345172074831,0.0220762160867097,0.00265234130179151
-0.0533388311597856,-0.0169294221219096,0.0170489305502934
-0.00621138418955465,-0.00118754823346183,0.0205200818186562
-0.0388392183213794,-0.0249703468659727,-0.0359671347540238
0.0933584097840635,0.0603655182756704,0.0508227137696308
-0.0628720722624366,-0.0546289984547543,-0.0416551118042722
0.0135995009483608,-0.00973221392070163,0.00670938958059979
-0.0308587786849701,-0.0055281847549958,-0.0391189425607582
-0.0701430744846085,-0.0599135999737253,-0.0443306561304287
-0.0808931235174555,-0.0433637918570439,-0.0211422711354701
0.224081932769314,0.131180859075725,0.158607191684471
0.168945964730825,0.0910750694293295,0.13522570224867
0.0373584209260421,0.0767942925184394,-0.0191177943996007
0.0389232871573819,0.0175711481880302,-0.0342325954337975
0.132702871283251,0.060944696470922,0.0571797284137308
0.0336940530121579,0.0110098861666833,0.0269206844915164
-0.0837320415384262,-0.097537679769361,-0.0672064244591366
-0.034595464437772,-0.0110181737478853,0.00970868754804915
-0.0513860126800983,-0.0753311529701489,-0.0470646543570712
0.148253813597906,0.0585196073706795,0.0820501869543662
0.0431408272323629,0.0195123733603899,0.0201224463705256
-0.0211244090275286,0.0108164022037972,-0.0226125189207286
0.0130698714640321,0.00963127373436436,0.00319918420209232
-0.0213025697103705,-0.00211998801735784,-0.0152110174776948
0.0294300371667546,0.0578864068504417,0.0435977013374949
-0.00387117121611268,-0.0110444066387269,-0.0119365129606799
-0.0576981527090147,-0.0624366650516515,-0.0381726805325966
0.0231597351001626,0.0498109692277255,0.031650158011092
0.0350391320613439,0.0221762053663586,0.0199657576192249
-0.0674060072474648,-0.0645812983377999,-0.0947722209288026
-0.0729197335469345,-0.0393741669556178,-0.0266349684202643
0.0457378726022853,0.0151599707909983,0.0243838099496121
0.0172301465611397,0.0259954491547406,0.00687633426171446
-0.0456028647747652,-0.0501346187589517,-0.034935441703248
-0.0416378824209637,-0.024404348028329,-0.0315732618445685
0.043090851269204,0.0174518394883117,0.03991001581429
-0.00853528053539173,-0.0011431341036541,-0.0199999966571345
0.0402890629449544,0.0383515208033459,0.0388857124086417
-0.0413768732916273,-0.0292171936420974,-0.0408811738688146
0.00207184195449347,0.0130607446432007,0.013285206361713
0.0217090739211179,0.0156948253497514,0.0144770770013641
0.0600337854230682,0.0529804865271731,0.0468497581578736
-0.0092267063296308,-0.00471707618481601,-0.0100308785572256
0.0478484412977099,0.00631885026809778,0.0129903737637825
0.0303215637983775,0.0261649239401212,0.0184664906850533
-0.0716017085669852,-0.0668030791705068,-0.0453285956189119
0.0532682978492439,0.042076649719291,0.0445788311057567
0.0775672625099769,0.0655477405871127,0.0492421918815233
-0.0636336916054709,-0.0708661806516239,-0.0500601120235568
-0.00369001481634292,-0.0105932330654243,-0.0017735020277056
0.0203705348549465,-0.00374726516241459,0.0571068581314307
0.0205684038741057,-0.0349274481301511,-0.0115244197647839
-0.213100173268192,-0.151447699768748,-0.10128748208701
0.11299421672993,0.0334645889158591,0.101081065993012
-0.0795259042380465,-0.109206329413373,-0.121993039093771
0.124264524486934,0.186742959106856,0.126642306135228
0.225637410870495,0.240240317624541,0.167493715951815
-0.0888475211655457,-0.0309928772724448,-0.132837199417958
-0.0248900582821096,-0.000999489753743922,-0.00588254285697396
-0.00690705590575474,-0.051525694898326,-0.00147910927395481
0.0393103492740079,0.0237340667325657,0.0730861231781318
0.0677924648295309,0.0381247583386523,0.109986745728591
-0.175749466507021,-0.119106870654486,-0.150083040623948
0.157024750073727,0.15549305040961,0.139024268912426
0.0894286732261147,0.121404229019874,0.0627409609428444
-0.0461581761568527,-0.0217389391887597,0.0121828346803593
-0.0519658267044778,-0.184444455531755,-0.0792381871495768
-0.0655450059520093,-0.0512262451787026,-0.0413939399968169
-0.262259684601337,-0.129810675253198,-0.106363957741972
-0.0702565777165908,-0.0495050583200251,-0.000508467962834936
-0.11176463749043,-0.10208314644618,-0.0666667999202102
0.0631688043805862,0.0912604940772444,0.135223670454957
0.0919978922106097,0.116229698259058,0.00840520521880155
0.164107033597916,0.182222633210112,-0.0304830673919426
-0.102148396519806,-0.128357034882298,-0.0545324392411878
0.018051937482451,-0.0203323197427589,0.0519620116790544
-0.0416495217411182,-0.0641510661314353,-0.0286490482121078
0.049913838476466,0.0141130121074752,0.0338161337002915
-0.017622569665794,-0.0603048758077575,-0.0226265418560414
-0.0546519404244872,-0.0606488335441815,-0.0646702337572586
0.0150044947040661,-0.015765462749172,0.0182939202068487
-0.0839129885603515,-0.0739898261334622,-0.0639363344696666
-0.025629040887463,-0.0337723445284739,-0.0403615919293098
0.121286035990095,0.143222096705973,0.105882672742201
-0.0304082809433429,-0.0372854137817359,-0.0502660939151192
0.0206094662657216,0.0282356938604092,0.0534867162077237
0.0610180547365875,0.0411894975491365,0.096491211470986
-0.0231689047619306,0.0249082080019514,-0.012606439622252
0.0389663508673036,0.0493209002731165,0.0353550197206643
-0.113330821742932,-0.139645383302987,-0.0699550339233498
-0.0749420951554781,-0.087885962818324,-0.0244772646311122
0.0183893463097648,0.0260415098927784,-0.0133297262307289
-0.0492925999546419,-0.05160746215135,-0.035496930858538
-0.0405537847708851,-0.0365745090927137,-0.0016474874434367
-0.0904227873125195,-0.107407409214532,-0.0489684624645299
0.00588254248862007,-0.0197095616807223,0.0757878293408959
-0.0397666012546573,0.00740742125697175,-0.0731374177567581
-0.0846527632899608,-0.0661766802357839,-0.0493187399653681
0.0106455323973809,-0.0596173397629958,-0.0192248578716078
-0.140223878002461,-0.234449714639357,-0.114187776201002
-0.138591074325919,-0.264062601407868,-0.178784646716872
0.0195552933561278,-0.199575112493224,-0.0282291303012564
0.272014306638507,0.578249114632085,0.213908120577655
0.014393202979467,0.0218486934697924,0.079405781159089
0.0425676731934631,0.159539814100254,0.0285518800975892
0.0531430221496283,0.175886090297434,0.0339647952280739
-0.20923065970983,-0.221954150454669,-0.174984030554336
0.118287931518758,0.119380002994344,0.0922662084411431
0.0711743311917601,0.0831025562253062,0.0602876110953654
-0.0471759020804835,-0.0537085291102381,0.0274378234730175
0.0627613075797369,0.0418918198134397,0.0730372529872514
0.170603852211091,0.0985733023978269,0.0941533389024092
-0.0498877408529034,0.00826457532246645,-0.0693342990099584
-0.0153393073092549,-0.0281028812315181,-0.0129563737665697
-0.106650932621983,-0.0879522971115208,-0.106801783552857
0.00134150992355261,0.0171732390390027,0.0333999652116576
-0.0549229930140893,-0.0389609204570294,-0.0746606171494545
0.0701631167565395,0.112161970078748,0.129933438852573
-0.0317880688739485,-0.0486027453326395,-0.0151466397376883
-0.0451437055713034,-0.0510853577631939,-0.0517891519764157
-0.0114612638535102,-0.0551817266166001,0.00364109457838553
-0.0195651480075249,-0.0384614337325708,-0.0164906665319452
-0.0576497134822174,-0.0340743268164328,-0.0238095140095334
0.0611765224747237,0.0398776688467989,0.0254207605491979
-0.0125649212222272,-0.00737473895766131,-0.00167504821258084
-0.0314368510736705,-0.0237739672218635,-0.000671151720240713
0.0231836576610993,0.0350074395576244,0.0413029953387615
0.0634443605066712,-0.0132356922005336,0.0167687354289496
0.0177555528289406,0.0640837751609041,0.00642057723845098
-0.0244240805375235,-0.00840363909607953,-0.0669857016386737
0.0214589015682749,0.053672509815662,0.0215383853863798
-0.0399160392053611,-0.0415550053289269,-0.0599064213902545
-0.0123995690116978,0.00139865986979583,-0.0309717074041679
-0.0406202380332021,-0.0572623917643132,-0.0459220771074852
-0.120092147254552,-0.170370623793058,-0.0408162569687005
-0.0682416009056705,0.0535716232943456,0.0578081369036628
-0.0422540329242975,-0.232203506186192,-0.0166981336078021
-0.184313669181169,-0.154525258572649,-0.0605946668467545
-0.137019112470551,-0.0861619910469802,-0.0624486769558778
-0.289693739718962,-0.20000003542573,-0.207274331831862
0.309804043229007,0.310714077219092,0.250967430390928
-0.145209394447537,-0.152588264806102,0.0207689090613407
0.0928196779934078,0.115755765138147,0.0510822223585883
-0.0384616109439104,-0.04034597861851,0.00906107087153724
0.0833334521165748,0.0660660596367289,0.0228569677905894
0.136922816302834,0.18591576704273,0.103751088241112
-0.0825439149250855,-0.0714286801179308,-0.0806220897493198
-0.029498505538558,-0.0897437147809722,0.00314641268899089
-0.0881458690021546,0.0281687543917722,-0.0121521168379094
-0.116666405343535,-0.0520543418908731,-0.0456348974347167
-0.113207836410513,0.008670423450952,-0.000416014149825486
0.0297868952763948,0.0114613290534132,0.02079877190702
0.266529074393038,0.10764847696244,0.125916829157523
0.123980784316051,0.0102302964820348,-0.012667145239642
-0.19303333757436,-0.15189873814118,-0.0975077483092759
0.0917265218758964,0.101492491204309,0.059707731438463
-0.0329489042070342,-0.0216802407246994,0.0038329050820571
-0.0511072853601647,-0.0332408348443826,-0.0572735409324352
-0.120287403377734,-0.123209213484938,-0.123126748480226
-0.0673468292436018,-0.0490198426553844,-0.00646669958882035
-0.140043795924373,-0.137457040413095,-0.0423059510120791
-0.035623546718808,-0.223107356366032,-0.0339806308155748
0.0316621939599561,0.097435807707172,-0.0195978307544106
0.209719053276117,0.214953354309231,0.0773957809568145
0.0909087210670239,-0.0307693405581561,0.0337774833391829
0.0310080265720931,-0.0238093455823003,0.0607458976755066
-0.257518861583258,-0.390243926967185,-0.00867683021297789
-0.0810125492845219,-0.199999986256053,-0.0739607391250056
0.00550957859145265,0.0166665106156094,-0.00708893863569278
-0.0137362564944735,-0.0737703616032833,-0.0813901712417455
-0.116991699704515,-0.0973453628137338,-0.139896052076122
-0.00946391973089376,0.00980428716245339,-0.0403614563442959
0.194267870590624,0.0194174922457629,-0.00188337033925404
0.277333403081286,0.380952109813334,0.22641556487417
0.0292274946821972,0.0620688517742275,0.0461535046175704
0.186612557641855,0.0844155800691677,0.137255119911347
-0.01538475276763,0.0658683078258601,0.0237067504515748
0.0729165259208847,0.308988785517152,-0.0277894187149099
0.0145630682741509,0.0772530371766132,0.0887828319714236
0.22328594339597,0.227091774175777,0.0783613569306595
-0.0964797045888063,-0.155844031971281,-0.0796750399562302
-0.106782461971205,0.00769223602453697,-0.0721448125728288
0.260097228810123,0.194656478939026,0.246652549200042
-0.0743591523961463,-0.0383386003830741,-0.0852390497739762
0.0664820594966081,-0.0199335064636905,0.0818179922454392
-0.0155840491223961,-0.0474576028367505,0.0189077772770577
-0.0316624973593137,-0.0676157766367123,-0.0584194013585758
-0.178474190231579,-0.118320638017145,-0.0930653179866862
0.131011689841376,0.0952380208660802,0.0696173228939703
0.0337242597225243,0.0592885860222242,0.058690770563314
0.0269503121388612,0.0223880077483562,0.00249194391835582
0.0497237658552273,0.0401460134107338,0.039772551915582
-0.0157892425930235,-0.0456137796253985,-0.0368849905746244
-0.0160429697716465,0.0147058193771968,-0.0336880417429381
-0.0407607058180039,-0.021739076037075,0.00660559844768344
0.352690511213666,0.12592576925626,0.193948032681693
0.153927398855288,0.249999983046118,0.0290079452375587
-0.0843920121487377,0.0552630927918276,-0.0890208427102236
0.0346876791285075,-0.00997497041923573,0.0605860144017462
-0.00957833415045379,0.0100754729640116,0.0208847543976987
0.0251449649907446,-0.0897757877043245,0.000601361427795345
-0.243396316555185,-0.194520371148828,-0.107336003223288
0.0922692461280694,0.10204079056736,0.0956553369084281
-0.0570773529888912,0.00308653463949208,-0.0193668249061136
0.0677959363792269,-0.015384805685427,0.041066041273676
0.0317467032757825,-0.00312482665711295,0.00511863085627276
-0.0197801566961996,-0.0376176266776489,-0.0179745356574662
-0.0863233194956871,-0.0586321892324174,0.00030475239818498
0.0650307278135767,0.0795850120483698,0.0515404004850041
0.0288019534075933,-0.0224357754481783,-0.0429238862162764
-0.0257560559329888,-0.0262294685272773,-0.015454133203564
0.193103450811226,0.0774408617205139,0.101569190628051
0.0443160991578264,0.0343754125198324,-0.0271021958504825
0.170664027723849,0.16616298327392,0.0689258612039096
0.0646179902999,-0.012953553908187,-0.0531974085852929
0.0488527724967163,0.0551181330306057,0.104994411145806
-0.0868030267280929,-0.0398008347961707,-0.0798663389745663
-0.0525504122811766,-0.0518136281324416,-0.0131177156998106
-0.101957626499612,-0.0683057639952757,-0.037047231831618
0.027248235817694,0.0410554817876503,0.0437591643059475
-0.0565874108656207,-0.0197182587385379,-0.0177264836976941
0.09934444083631,0.045976940677242,0.0673155694683098
-0.0409211022135486,0.035714197724427,-0.0389156558793403
0.0213338748909122,-0.0212200750217322,-0.0351855334691445
-0.00696336778814924,0.00813013217404425,0.0101303046308502
-0.0297977463460605,-0.0134406388364285,-0.0140400979175525
-0.00813053699797389,0.0272475857609513,0.0619003145181743
-0.0063750701037302,-0.0185674836177908,-0.051450133579406
0.0357469833731166,-0.00810790752076606,0.0574146644768338
-0.00265482826547221,0.0136237507498548,0.00682144969933445
-0.005323790279859,-0.0080645661850336,-0.0214094548188076
0.0178407271605388,-0.0487808209791205,-0.044585708631201
-0.0166665218387022,-0.0341875259057369,-0.015072504650118
0.0588761934408478,0.0530973335619532,0.0403176162296813
-0.0008422776350252,-0.0308122527858198,-0.0226307329978106
0.0168633458257651,-0.0115608227967722,0.0243128432245389
0,-0.00292384388539921,-0.00367336365174878
-0.0066337407065626,0.0205276804365882,-0.0119115324950153
0.0826377244281759,0,0.00286993757672974
0.0578260545342436,-0.00287364024891352,0.00543822944660407
-0.0284259426467321,-0.0288184462010557,-0.0321664224073802
-0.0450108656175423,-0.0356082260102231,-0.014705778690436
-0.033778686379212,-0.0523077938014584,-0.02298529825005
0.0487804054288109,0.0162338349071493,0.0439965940430368
0.0248064478598472,0.012779731057722,0.0242902968535785
-0.096823127841385,-0.0536278244661851,-0.0608572280229142
0.0242882011213714,0.00333328500045453,0.0212958419829494
0.00981181572372757,0.00996677035470306,-0.00327685031220567
0,-0.00328962961531293,0.0203228946163671
0.0323886384767583,0,0.00908048652866104
0.0345096857150042,-0.00330018081798484,0.00435390511188832
0.000758309117645545,-0.0165562912777075,-0.0141617653047246
-0.01136343554088,0,-0.00851437222824141
-0.0314176723692873,-0.0303031480962741,-0.0444178778318308
-0.0387660193949761,-0.0312498031465626,0.0102261138823339
0,-0.0358424385130204,0.00644179549120669
-0.0255141407162381,-0.026022275772528,-0.00304782639527804
0.0109794193352613,0.0267175266181452,0.0278203248439557
-0.0075185046034368,-0.0371745318710283,-0.0380726564965724
0.0934339102939707,0.0733588007584907,0.0732836516048045
-0.00615839932457862,0.0503599184321338,-0.000288255807912315
0.0395043708926193,0.0856165023094243,0.044956872814948
-0.0186290836520887,-0.0441643049679648,-0.00358527276163039
-0.0212602064147652,-0.00330018081798484,0.0210352527504407
-0.0504267519123762,-0.0761588647863512,0.00243971523386138
-0.00408477869503069,-0.0501793695829179,-0.00108191857874687
0.00328119108547127,0.0566037390904815,-0.00297756607057539
0.03761255543125,-0.0107140586498727,0.03584061903788
-0.0141846805315957,-0.0144406324428025,-0.00602902140984076
0.0463630072064813,-0.0146519932142653,0.00553785033897383
0.0190986444309454,0.104089294687905,-0.00131108698211489
0.0134932048892826,0.084175222418544,-0.00814121361040664
0.033283826878625,-0.0248448708155008,0.0185340128163075
0.0586972401235829,0.00955429788949757,0.00467867966067068
0.0358351184261405,0.00315423552256069,0.0245794686043139
0.0208877949024874,0.0220127840131407,0.0154039310723194
0.0652172284409521,0.101538804079922,0.0390448072801712
0.00240095224814664,0.0614521838905053,-0.0246529401840231
-0.0167662828191302,0.0131579761154788,0.0395093842388091
0.0158342918600019,0.0233763376954031,0.0077907485200157
-0.0497602086538177,-0.0634516584543948,-0.0339662670294388
0.00504736817770289,0.078590858659608,0.0235208592967061
0.067168826337064,0.0201003420404091,0.0163468662433433
0.0229413466054656,-0.00492588575101421,-0.0104889628678075
-0.0477287717496339,-0.00990079558060008,-0.0405189112568257
0.0205312653289321,0.0349998724390202,0.0238154962870895
-0.00887552090906634,-0.00241532416079325,-0.00695422220613252
0.0232835627648179,0.0847452906110327,0.0243899733809804
0.0186694014308168,0.0491071555941818,0.0292316929267685
-0.00629960650337079,0.0255322083135645,-0.0148877464949649
0.0230547315118148,-0.0145231019438138,0.0132526954770616
0.002253272835586,-0.0252628622589546,-0.00642471994138482
0.00730733141935165,0.0907125555928493,0.00346388151522115
0.00334850054546221,0.0356434793544097,-0.0121978456878051
-0.0216908089037687,-0.0439770560146069,0.0125812489596283
-0.0642412443114895,-0.0920000837006489,-0.0411871053766051
-0.0109418425868517,0.00440524633521847,-0.0194385372666186
0.0350336549892832,0.0460525881532026,0.0305923666439822
0.0148456997347314,0.0167715968366611,0.0054616843262132
-0.00409601303209485,-0.0350513228133741,0.00472382884859282
0.00117499545131781,-0.00427364056839507,0.00752247139405807
0.0105633602639557,0.0193132265412311,0.0037333364616962
-0.0145179098443251,-0.0294736105642768,-0.0120878348407317
0.00117852018213457,-0.0195226081208445,0.0294119746545846
-0.0117715796995796,-0.088495498329301,-0.0128001731863217
0.0273968746439518,0.0194174922457629,0.0338041908428409
0.0208699017914925,0.0523809715476781,0.00694271216216585
0.00113562881561714,-0.036199311139195,-0.000221920861488406
-0.0215544041200488,0.0399063020887752,-0.00889942884708104
0.0208699017914925,0.0496614184574961,0.0430981561678087
-0.00624662344474417,-0.0279570900743779,-0.0303422615277767
-0.0297142601305929,-0.0199114204188229,-0.0153129412388275
-0.0223791389510932,-0.0112869356209339,-0.016227132952901
0.0373493397198814,0.0433788198410278,0.0265749817446735
-0.0034845406966609,0.0284464821380366,0.0015621253676681
-0.0139854738817595,0.0297872473883078,-0.0236184584071594
-0.0419625683888847,-0.0640496298557768,-0.05591041156297
0.00801956965180387,-0.00220722377009797,0.0130684609145637
0.0379435842533441,0.0331856550875972,0.0463452788377858
0.00235880780907241,0,0.0253422088999423
0.0205883680852022,-0.00642384655731847,0.0175908549607051
-0.00115252415306287,0.00215531892073161,-0.00875296944710393
0.00980917181244772,-0.00430112317955075,0.0121413949211612
0.0302854612643814,0.0302371400529709,0.00501642934916462
-0.0122017556098054,0.0125789353373456,-0.00911452380773352
0.0437955279440884,0.0351965408961066,0.0328513588582596
-0.0263577926693629,-0.0500000463858276,0
-0.0464090585291535,-0.0336840984579224,-0.0233248646178775
-0.00579390356018536,-0.0108934037807983,-0.00173669154154535
-0.0087411925839103,-0.0242287072627385,0.0010873008625785
-0.0293942911300503,-0.00225730335747906,-0.0299802983568518
0.000605774751733879,0.00904943132485956,0.0237400029886839
-0.0181596627500409,0,-0.0105010187583104
-0.0505551417142219,-0.042600726526419,-0.0311739105995635
0.0032467049932882,0,0.00182610162469738
-0.0284788594648215,-0.0444967358166634,-0.0277909849497272
0.0479680005764537,0.0563726567038353,0.0391286435980004
-0.0731087704794276,-0.0510437349356672,-0.0581736659354371
0.00342974248383044,-0.024449972153392,0.0193920574456338
0.0116196220255684,0.0125312229109294,0.00281788564534608
-0.00675672808263988,-0.0173267622299608,-0.0114751765237792
0.0292517857093717,0.022669827151344,0.039327115398448
-0.00528765409601118,0,-0.00889007961655108
0.0478407263252588,0.0320199076711247,0.0200094449866731
0.016486982185011,-0.00238669872614537,-0.00405885827656304
0.0249531035218298,-0.00478464474845627,0.00339614367967165
-0.0225198207972507,-0.0240386346323338,-0.0230143324873618
-0.00498139178300696,-0.00246284131922821,-0.00923801024632134
-0.00688352925932955,0.0320986823525482,0.0032634007314553
-0.00630103639924296,0.0143540328861438,0.00278821813403982
0.0367783565873473,0.0117926237541863,0.00509681632256694
-0.0165133752316757,-0.00699312158750084,-0.019132553779557
0.000621576619927415,-0.0140843039230114,-0.00211532249816177
0.0124299630699633,0.0190473649716325,0.0193119388428496
-0.011663334618317,-0.0163549050300803,-0.0184841461058698
-0.00931689544550677,-0.00950156294117935,-0.00753265890918146
-0.0300938783077958,-0.0263788673615618,-0.0196873899471855
0.0245634548634586,0.0123154506605575,0.0280669022879091
0.00315452752071394,-0.00243297963485581,-0.00635427795126825
-0.0151036646651551,0,-0.00686898939123993
0.0070287424828124,-0.0121951958423022,-0.0126398970709039
0.0329949315677605,0.00246892188205327,0.00821248279656052
-0.0239558773970466,-0.00738890479373056,-0.0117391275299993
-0.0302075281642496,-0.0297769073619576,-0.000970360785331584
-0.0012975613716498,-0.0127875147010389,-0.000484758181012016
-0.0116964048768189,0.00259034225871794,0.0019421126457572
0.0276136703507369,0.020672074414226,-0.00751116126111814
0,-0.0632911147960549,0.019775095133899
-0.0281512153462335,-0.0378379325596382,-0.0217858085659211
0.00592503089878608,-0.0308987230896691,0.012236759464865
-0.0274870259123881,-0.0724640028109358,-0.0263541391814804
0.011440247195709,0.0625001731415596,0.0168859826097298
0.0166333797575766,0.00588241981808566,0.0231991772943719
0.00327230311751986,-0.0233919566925817,0.000954558536340812
-0.00913255033114573,-0.0149699380948258,-0.00906050725415688
0.00395004394501798,0.0182370379746519,0.00794029654091384
0.00262290864230196,0.0119404342630098,-0.00405831082246492
-0.0111182344973923,-0.0058998929279703,-0.00551270430157818
-0.00330685997188067,-0.0148366741732281,0.000963991284129073
-0.000663594553328942,-0.00301188042095467,0.00337085095709955
0.0418325930518183,0.0271900900594812,0.0295535369689871
0.0325048330108388,0.0382354104834691,0.0193693297845467
0.0117283697662561,0.031161312854464,0.00549487436193839
0.0329471014237348,0.00274701507349614,0.0198083842106816
-0.00886021295101243,-0.0164379828416175,-0.00245569553327298
0.00893941809902795,0.0111420719987169,-0.00335737071043599
-0.0336681556853242,-0.0303028745520724,-0.0233546945667112
0.0158924233202979,-0.00568188124218974,0.0174751075465665
0.012033691494078,0.00285654154552116,0.00994357754507069
-0.0332937913874036,-0.0256405783526041,-0.0226004459016083
0.0036903046506724,0.0350878747584035,-0.0091572037902813
0.0104162028808555,-0.0225988891398259,0.00277271709894308
-0.0618553315601745,-0.0549135656790967,-0.0658986869420915
-0.0368456990290321,-0.00611608889699805,-0.0340403641464522
0.00536896986036887,-0.00615416966522597,0.00127651596431651
-0.0140183620458536,-0.0247673567524105,-0.0196374289294531
0.0284357731710078,0.0158726865585193,0.0231527380846368
0.0118500617975722,0.0125000797256484,0.0038140684183338
-0.0123619245580392,0.0246915135632098,-0.0136780053323995
0.0158104445481216,0.00602394713034775,0.0177198316940808
0.0116731702743354,0.020958370092739,0.0232143752519224
-0.00448720925768045,-0.011730457213295,-0.00641190461315837
-0.050225450532856,-0.0563799307843325,-0.0481509547481652
0.0169494214895108,0.0125789559959231,-0.00130360375602127
-0.0346667394825908,-0.0217391339143799,-0.0156656161658647
-0.000690706728685565,0.00952347449565445,0.018301984714748
0.0138217711018126,0.00628931592307627,0.0125032154113607
-0.00272675387927873,0.00312518099332806,0.00385920647922579
-0.0123032150957446,-0.00934598076232663,-0.00179399207332132
0.0491346953800847,0.040880926272232,0.028755057805101
0.0329814190611678,0.0302114430111123,-0.000748672054979103
0.0140484419239784,0.00586504723493692,0.00924046987990054
0,-0.00291552969823812,-0.00940331313837774
0.0207810945313629,0.0116960386267604,0.0204841705929645
-0.016656410819149,-0.0317920988362851,-0.0237447886312059
0.0244667222183475,0.0298508394972631,0.0243223169051397
0.0134721153883113,-0.0173912614791833,-0.00514031456898665
0.0066466436403793,0.0029497184117825,0.0327262446600503
0.00300105601462483,-0.00294104316261589,-0.00333556069863483
-0.0149609561249742,0.0029497184117825,-0.005020633528285
-0.00486348478020832,0,-0.00216211051605997
0.00183274455543089,0.00882367520342699,0.0093908111629316
0.0182926208633253,0.0204082270499067,0.021230939146872
0.00239537137647084,0.0171425772712571,-0.00513896732942013
0.00358440741174274,0.0730338772028165,-0.00399188645016398
0.0184519124020996,0.03664908835673,0.0120229458137306
0.000584555226922515,0.0555555902624958,0.0058234823683076
-0.015770851591953,-0.050239176751987,-0.000694945021239836
0,-0.020151075751201,-0.00185390729859944
0.0106823290851956,0.0411310645946837,0.00394709060416569
0.0140930426882472,0,0.0127196714557298
-0.0110019849081475,-0.00740755465051388,-0.00342571631292235
-0.015222514580877,-0.0298505748137368,-0.00435327814487639
0.00832310197149486,0.0358974171926568,0.00667379909814768
0.0100245162004584,0.022277440682538,0.0192043806506196
0.0256856030938097,0.00484246894609136,0.00807550553862317
0.00967550829852297,0.0289155895118228,0
0.00901917397057961,0.00936752167453792,0.00178017198196189
0.00782122128541149,-0.0301623396346629,-0.00355380294008687
-0.0155209900749567,-0.021530815057376,-0.0062419672613546
0.00506778882960024,-0.00978016024060843,0.00381350529660567
0.0106439590140538,0.0320986823525482,0.010738102300721
0.00498883704466263,0.0191387762753747,0.00354144679299218
0.019856405680343,0.0070423697353241,0.0110280227208364
0.00703078539696168,0.0163167791187362,-0.0113438321415418
0.00161122270258877,0.0252295170570882,0.00970859208459464
-0.00321686261516156,0.0178971096755912,0.0048076208129272
0.00376526123565922,0.0197802279459266,0.00348003902735874
0.000535998843559817,-0.00431048233344497,-0.00585202214478737
0.0391004052547698,0.0670994969290865,0.0405495974592599
0.00412333075419643,-0.0243407995457638,0.00167608331160075
-0.0549281860531121,-0.0519751041918561,-0.0472706413137721
-0.00108643957430653,0.0701756404568019,-0.00351246817925508
0.0119631973311538,0.0184426111341314,0.0107953163838577
-0.0177321139729324,-0.00804838146342347,-0.0115519608934628
0.014222638825588,-0.0121701070518464,-0.0134509873670568
-0.00593277424077326,-0.00205346401934841,0.00447051246585559
-0.0206185626484322,-0.0514404536401724,-0.0233648157269728
-0.0321327750382362,-0.0585681597625797,-0.0337204192441888
0.017744498765974,0.0253453012068911,0.0247581236048868
0.0292463436015866,0.0247190738473804,0.0124252618640712
-0.02568287523823,-0.0416663916369507,-0.0322725828054656
0.0128998191388433,0.00915332703800813,0.0223108996635907
-0.0276859363278098,-0.0340136734972602,-0.0243510112427571
-0.00170824084373386,-0.0187793622624396,0.00376753841867678
-0.0713063411017536,-0.0334927351809374,-0.0426931961631611
-0.00614252788527016,-0.00990079558060008,-0.00122521868670537
0.069221389072317,0.054999913670852,0.0291952670261227
-0.00809284527356967,-0.0118487055450955,-0.00953524183637404
-0.00524455214362423,0.00239824514475793,0.00336971692684959
-0.0117161923791776,-0.021530815057376,-0.0211083254688316
-0.0314167449798028,-0.0268951256262842,-0.0225436401706104
0.000611775925257385,-0.030150681406705,-0.00125302371228109
-0.0244649193049658,-0.0336789891384279,-0.0205825955705696
0.022570722320975,0.0214477745979693,0.00922600771138665
-0.0619255843194274,-0.0472439053160945,-0.0393599365313262
0.0450984509881235,0.0330577691007914,0.058683491292368
-0.0368980839516404,0.00800004947821117,-0.0357052735662194
0.00584406595709196,0,0.00828586867535906
-0.00129124261303787,0.0211640419409627,-0.00410882676623061
0.0458954233991519,0.0414506034148882,0.0422897071160686
-0.027194124176142,-0.0149253386902597,-0.0207815925773407
-0.0190596543674614,-0.0277776389500164,-0.0262758679639543
0.0298121056727756,0.0181818756240498,0.0262066775795009
-0.00503476673130146,0.0102038803891759,-0.0113784779938905
-0.0290954950159682,-0.0429293268474391,-0.0378514750785532
-0.0338762918011188,-0.0395778130889681,-0.0239233630232754
0.0337156546343549,0.0219780745696616,0.0288669537072518
-0.0208741862568939,0.0403223321528686,-0.0174694912012241
0.0299798168052279,0.00775228094319424,0.0315195802779732
0.00905594092473619,-0.00512826286904526,-0.00522360555358097
-0.012179501238329,0,-0.0199526424737596
0.0253081004124369,0.0283506636360556,0.0246451493214494
0.00443022979858463,0,0.00705873588192998
-0.00315064548462727,-0.00751902309277317,-0.00207682917193634
0,0.0126262634150567,0.0192508224796558
-0.00189624116012632,0.00249372975198947,-0.00791238446651558
-0.013299377095124,-0.0199005968899546,-0.0138921686339509
-0.00962766429758376,-0.0126900700674606,0.0146095193284226
-0.0265716845200627,-0.0282776748115359,-0.022113340256511
0.0266311950976853,0.0423277839148318,0.0370757800658124
-0.0116732673096767,0.0152288898810811,-0.0228191541373486
-0.0439634702954396,-0.0675004000776188,-0.0384020823137709
-0.0137263121170646,0.00804305710508904,-0.0121424335650045
-0.0243566493846546,0.00531920930703598,-0.0131293120413668
-0.0128387036535719,0.00264535525907348,-0.00692888202609018
0.0158960184371181,0,0.0139549227716181
0.0462305883476732,0.0290239290490218,0.050096567352339
0.0101968591610836,0.0179486689503291,0.000262181153620315
0.0168237217716064,0.017632272421787,0.0180814397448874
0.00661837187123744,0.0173266856857032,0.00875184323715006
0.0302428892653747,0.0462284940769482,0.0329165960653525
0,-0.0209298626087623,-0.00321137023722585
-0.0178682752998794,-0.0118766537418085,0.00272594387099462
-0.0916179867484945,-0.0624999396017941,-0.0360851265469537
-0.026466449153712,0.020512734308186,0.00102586800942386
0.0117561099036701,0.00251273376311667,0.0151127187440154
-0.0297748006243719,-0.0125316879316328,-0.0305325887649966
0.0224549405211539,0.0380715444818154,0.0242061133572123
0.00585661730160481,-0.0171152678196492,0.012198536010623
0.0298397328847902,0.0323385372556273,0.0125532869070745
0.00282679181393539,0.00240952896575083,0.00892633229704906
-0.0140944174488663,-0.0168266799949917,-0.00909349794619189
0.00285919718427638,0.00733488075356052,-0.00272800303316932
0.000712950703328791,-0.00485442310007553,0.00174103622839
0.0284899914051281,0.0219511262438659,0.0337634141145067
-0.0069253829482837,-0.0143195773234419,-0.0134486657385178
-0.0104602581765872,0.00242117207620635,0.00511222979017051
-0.0119802061601236,-0.00966184440912349,-0.000484602396783515
-0.00427969419625866,-0.00975638294611988,-0.0201114531370428
-0.00358148687534053,0.00492606347450235,-0.0153312980075257
-0.0201294091828471,-0.0196073873834226,-0.0163236841818314
-0.0322817856374994,-0.0375001707255538,-0.0357413566474738
-0.00985595208912849,0.00519446207135303,0.00105873446218727
0.0130169400183934,0.00258426233963759,-0.00819879657714169
-0.00302352416972147,-0.00257760114207951,0.005066633797438
0.00151638707407301,-0.00516761907009422,-0.00557156745749675
0.00832669685143205,0.00259739167920599,0.0109390845888741
-0.0225222224872354,-0.018134879335048,-0.0216413999818172
-0.0115207435323943,-0.0105539928310983,0.00188838003365089
0,0,-0.00700082302426404
-0.0178706368295168,-0.0106668975649848,-0.018166874906095
0.00158220027215661,-0.00808605520978342,0.000552588644954332
-0.0150081653967456,-0.00543484441505426,-0.0165610342108662
0.0136330719260659,0.0273224914793854,0.0272240236910347
-0.0253169696401136,-0.0239359621228499,-0.0204918694077275
0.0113636843862384,0.0108987421987431,0.0142260379455176
0.0610443023941985,0.0377361746043355,0.0379540901465505
0.00529916471147699,0.00779214826369629,0.0111287496395921
0.0165660654363423,0.00773179388372397,0.0264670518904134
-0.0214814341791291,-0.0204603029702511,-0.0227214671344306
0.0121120894493538,0.00261117082671414,0.0219437521426653
0.00972315923346763,0.0182289014458685,0.0250510422845889
0.0037038528342727,0,-0.00847900041568963
0.02952022581296,0.0204606720532931,0.0342054598815122
-0.0193548706251782,-0.0125316879316328,-0.00972726430322099
0.00219305512881781,-0.0050758082633129,0.00638494390976667
-0.0116702865277437,0.0127549951134489,0.000244192833210298
-0.0110703197384581,-0.00503784034054815,-0.0226885440546314
0.0253731592798852,0.0101267756539117,0.0282076483851486
-0.00655012689953299,-0.0125316879316328,-0.0145668258860814
-0.0168497788435902,-0.0152282096601937,-0.0160139024369357
-0.0186290275560118,-0.0206185775163405,-0.0210311438760663
0.0326502134245879,0.0263158708523209,0.0166238074573823
-0.0264709145002319,-0.00769264539489663,-0.0168554733773913
0.00226609686545715,0.00258426233963759,-0.0033264149589786
-0.012057564091712,0.0103093950258035,-0.0138641850691596
-0.000762612997024467,-0.00255129879497327,-0.00911175476518739
0.0152673042536877,0.0460362287168594,0.0197057537705291
-0.0112783290316612,-0.0146700891439259,0.00490184092144162
0.0311786392585443,0.0248140724162556,0.0177150134675143
-0.0125365334733876,-0.00726406532080516,0.00655887809917689
-0.00597467252010612,0.0195120367926768,-0.00952391044960985
-0.00976714880504224,0.00239240868490605,-0.00531344369461528
-0.00227633181199285,-0.00238669872614537,0.0106841433061294
0.0281369822667701,0.0143540328861438,0.0168636687805436
-0.017012031159093,0.00235848099062424,-0.0138616376631033
-0.0519187079406516,-0.0447059680695252,-0.0281121530110715
-0.0492062455526285,-0.0270934633605766,-0.040547273829724
0.0300502827590993,0.0556960265315954,0.0282634346555154
-0.0437602823487144,-0.0263788673615618,-0.0133506878922079
-0.00423718863155106,0.0123154506605575,0.0108782396706426
-0.0331917728099525,-0.00973209410079433,-0.0104983278639041
0.00704233249962662,0.00982773857742786,0
-0.0244756578411911,0.0243310754385455,-0.0167112269434382
0.0125452534693732,-0.00712610487361271,0.00350686236546244
0.021238416400025,-0.00239250732568032,0.0091399755487604
-0.000866089451566046,0,-0.000799382432113575
-0.00693858905779506,0,0.00319928722405419
0.00436680250935126,-0.0047958475868108,-0.00558069823593067
-0.00869563290710355,0.00481895857767649,-0.0122925146802478
0.0105261060020019,0.00479639141217684,0.0205625577269225
0.0529514658487787,0.0334128965178947,0.0551429846891901
0.0189613007866509,0.0369514424371483,0.0286433076102724
0.0194174340307934,-0.0111359264872051,-0.0105033186790068
-0.0261903367595035,-0.0315316363178456,-0.0150579807739923
0.0244496496927139,0.02790739441458,0.0180451202065204
-0.0159108667131712,-0.0135749982100999,-0.0147712518613775
-0.0202101443037348,-0.0160548162285432,-0.010244870473615
-0.00164989875481911,0.00699285728084573,0.0118657953565541
-0.0132232846542213,-0.0231479343931683,-0.0117266493353231
-0.0268006993582162,-0.0071091451624406,-0.0108557533139257
0.00688448375325777,0.0262527511367847,0.0122512263428607
-0.00341852436768232,-0.00697650100955706,-0.00630336442435817
-0.0308746242571985,-0.0210773643304075,-0.0228370922307045
-0.0185839314450816,-0.0191386036540192,-0.0228510865484442
0.0171319331652131,0.0170728467760311,0.0140842210947865
-0.0141842750064402,-0.014388284340477,-0.017295492952036
0.0170863905212456,0.00973247030373155,0.0109334529468709
-0.0318301700042204,0.0120482657901606,-0.0134530047410868
0.0319925831611695,0.0238091264505753,0.0200535929436996
0.0345441672396141,0.02790739441458,0.0304064879735439
0.0154107419759841,0.00678690441514126,0.00763122972277084
-0.0185495793374039,0,0.00732157660084428
-0.00601388912683006,0.0382023756078483,-0.0162906197871027
0.0371649784662656,0.00432914302798606,0.0257325598736581
0.0541667594789642,0.0107761058641718,0.0136612682989123
0.011857836434539,0.0170569884337023,0.0151923540288291
-0.0203124641336483,0.00838584163830328,0.00193090700556215
-0.0111644559060706,-0.0249475622590219,-0.0173449904194874
-0.00887088758147604,-0.0213222850196871,-0.0142196849907216
0.018714184254359,0,-0.00497395603757751
0.00399376721539019,0.0239650212031839,-0.00849754356786842
0.00397728979593494,0.00212765112837862,0.00705823552257325
0.0285266058508119,0.00636970791458692,0.026282669546141
0.0308166214692821,-0.00210969569490248,0.0282928088367437
-0.0239161990047699,-0.0105708885663614,-0.0018974736279886
0.0160796921044464,0.0192304244461112,0.0140209317862595
0.00527502248517007,0.00209683858433674,-0.00140615922513773
-0.00224880433374705,-0.00209245105223457,-0.00586693695423508
-0.00225435100981584,-0.00209616867476012,-0.00306956944954053
0.00451840994462337,-0.00630238679964291,0.0044997177294118
0.0637180841255739,0.0359407378201927,0.0273453648570298
0.00352359642748677,0,0.0144727704802781
0.0182583216157204,0.0142855913715558,0.0122283094512029
-0.00413787382414602,-0.00402410777025305,-0.00492167679247016
-0.0131578222468742,-0.00202017290844242,-0.0188848728498012
0.0105262060944406,-0.00607299546787774,-0.00549987770656694
0.0201387941532381,0.00611010209017968,0.00460846284575939
0.0204222803531876,0.0283399012847934,0.0254590817286672
-0.0146765289038651,-0.00787394400962412,-0.00581563713751928
0.0324982866666795,0.0178572345272946,0.01034871765221
-0.0163933194766106,-0.0643274012459692,-0.0035624628840541
-0.0420002251537467,-0.00833342710713374,-0.0232404182240336
0.0118303711148563,0.00840345670099947,0.0237933864767186
-0.0199449567894895,0.0187500928790124,0.0120668978920123
-0.0231579064898813,-0.00613509050092721,-0.00596136628150652
-0.0208335381223404,-0.00823037586576531,-0.00333201907142036
-0.00586948074683151,-0.0020750007543843,0.00245152837267251
0.00885635899257241,0.00415822349531392,0.00266786881791281
-0.00512074733704688,-0.0227742963691373,-0.012416741521392
0.00955872982249141,0.0211865047140571,0.00898047632002442
0.0422433756876473,0.0165974397381625,0.0220294166796223
-0.00489165321319349,-0.0102043123918571,-0.0104506200489805
0.0133426225071875,-0.00824743258411945,0.000219930955776964
-0.00970209579176702,0.0020793153352736,-0.0191374135847011
0.0265920273798788,0.0165974397381625,0.0204080287240254
-0.00408985090959125,-0.00204070259980841,0.00527486274695429
0.00205339584248872,-0.0102252632597873,-0.013773597175179
-0.010246085147339,-0.0123964318691093,0.00931028446829508
0.019323845487417,0.0209203269572568,0.0228424107800145
0.00812453575902402,0.00614747367609704,-0.000644259808962452
-0.00805905964078833,0,0.00601634070774738
0.00473945017207297,-0.00203648376066689,0.0239209563718501
-0.00202149928316179,0.00816321009564125,-0.00250286982959524
-0.00405154614661581,-0.00607299546787774,0.00376423921808602
-0.038644072184502,-0.0448061277075011,-0.0414583987204113
-0.000705096653446378,0.00213174717089972,-0.00108660963035301
-0.0141145032762296,-0.00212721249168866,-0.00108800048453028
0.016463889970228,0.00213174717089972,0.0167720091343556
0.00633797793196274,-0.00425510487024678,0.000213750297550147
-0.0251921696147507,-0.0235045716022838,-0.0233448910115441
-0.00646562030084921,0.00656475151177432,-0.00855293262931889
0.0318148350282703,0.0173914126885893,0.019243876558723
-0.0105114843806985,-0.0299147791609875,-0.0121529540779272
-0.00637403980473793,-0.00440499658281958,-0.00724985537085733
0.0470420054655063,0.0265486289740919,0.0267761530807497
-0.00680727762433712,0.00215531892073161,0.00344816761259175
-0.022618208262455,-0.0236562994096199,-0.0221220918613698
0.00841538161930087,0.00660788085520945,0.00461272838227287
-0.0104312213249582,-0.00656450339887606,-0.00961967224140688
-0.0189742259290933,-0.0220263224951464,-0.0152320783085541
-0.0193410585700828,-0.0112611693379376,-0.0179329891874576
0.0211836031768166,0.0136672051225915,0.0171192780522082
0.00429181295319877,0.0112359573986028,0.0264814207176192
0.000712295665135415,-0.0155551739318678,-0.00240510824036351
-0.0120997282679831,-0.00225730335747906,-0.00350653916411989
-0.0165707353054265,-0.00452519374647411,0.00285926999095661
-0.0124539911600906,0.00681845889789339,0.00285069687896819
-0.0103860971011933,0.00677170065566762,0.00284288211867772
0.00224870032891833,-0.00672615315990457,0.00218053651391373
-0.00149534719651723,0.00451428095553902,0.00130528208623753
0.00749047374693829,0,0.00934380901182743
-0.00892186652458346,-0.00674115285506607,-0.00753506940935776
0.00300030351315886,0.00678690441514126,0.00542322285083816
0.00523601425835988,-0.00449399380489129,0.00520613769966818
0.00223236272952682,0.00902919016138618,0.00517891668128316
0.0185592783211082,0.0268455722721308,0.0227564844797748
-0.00801722867871055,-0.00217870770507731,-0.00503774602159971
-0.00955170252481573,-0.0043669521799481,-0.0118141908106092
0.000741493388127838,-0.00657889918369072,0.000427054419782672
-0.00148212368531548,0.00441524396114384,-0.0046947529440029
-0.0148481151261651,-0.0109892596945346,-0.00836188818167025
-0.0105501414478732,-0.0155551739318678,-0.0276758555960871
-0.0236099330519769,-0.00225730335747906,-0.00177901213623353
-0.0312011519560384,0,-0.0207171456876836
-0.0064414593825268,0.0248864667000472,0.0156959321233393
-0.00567236723625985,0.00882996455995047,-0.00201597626713675
0.0032598437372447,-0.00437607996777962,0.00269340711004742
0.0105604123938941,-0.00659335645397473,-0.00156694933737917
-0.0168810751715369,-0.00221244846219721,0.0114323895026534
0.00817661289721507,0,0.00842191903718061
0.00729956059762286,0.0177382854145744,0.00769255504127959
-0.0112723405638952,0,-0.00479837928952895
0.00488595735667345,-0.0217864707001262,-0.00986198359444819
0.0210699092333628,0.00668162476511233,0.0163790406980723
-0.0087305412896903,0,-0.00914651957611754
-0.0152119472821769,-0.0088498166540094,-0.00725271369260481
0.00081305955473807,0.00892883520853883,-0.00287774197556476
-0.0105606707083698,-0.0230090307076627,-0.00177627366823719
0.00821026564728088,0.000906101566287269,0.00444845336252055
-0.00244289236315181,-0.0289595795099242,-0.0205934668088807
-0.00408171741377311,-0.0116493896231296,-0.00316521688546996
-0.0221311572260992,-0.0209808531471985,-0.0213201119713909
-0.00586784310209915,-0.00818684966206613,-0.00625742294080312
0.00337298496523303,0.0084973739848573,0.0216885716568602
-0.00924365855700664,-0.00722189960563246,0.00616326377069734
-0.00848185075430894,0.0033946029534802,-0.00181525589230583
-0.00940971275523024,-0.0087000136758591,-0.0197727496668673
-0.0138168843150125,-0.020965144436242,-0.0134475933991618
0.00350247710038414,0.00871492335431077,-0.00493535396437615
-0.00698059763268464,-0.00419735846952789,-0.00165343721476433
0.00702966892292657,-0.00272719174834905,0.00425843476372523
0.0200698771946456,0.0186473138769943,0.00800953614734987
0.00513264477958059,0.00439352223355969,0.0105162214615978
-0.0425896203879977,-0.0364521629722865,-0.0342273887610072
0.00444875769082178,0.00907905768636062,-0.00359216268300154
-0.000885979628002949,-0.00399871379303957,-0.000960889249311602
-0.0398935468555228,-0.0446673454362794,-0.0250182306479397
-0.0166204094947842,-0.0128711566583779,0.00468790651204841
-0.0103287534385507,-0.0204897606316281,-0.00810443796219919
0.0104365499901481,0.0260799844833619,0.0146078122383783
0.0140841484938793,0.0039714732332986,0.00170807684030688
0.0157412869715838,0.0329640668212697,0.0151035606406044
-0.0154973389124667,-0.00995676303120772,-0.0014400029509148
-0.0277775707620992,-0.0201132362912699,-0.0223503114716308
0.00952377013969638,-0.00973696322244054,-0.00786622474896001
0.00754701900342559,0.0178049281855144,0.0109018114620143
-0.00749048814703498,-0.00365519410091027,-0.00784294271895362
0.0216982041635592,0.0301361287005919,0.0106224170170931
-0.00369327221688839,0.00508766695410501,-0.00537779790935721
-0.00741441683546997,-0.00253096985324987,-0.0152370715412234
-0.0177402954438277,0.00456743619447112,-0.0144746560467747
0.0313687654075403,0.0101038634483121,0.009876335478827
-0.00276514077825708,0.00400099492723186,-0.00852581394582652
0.0295748566638664,0.0336234968149213,0.0230145209665554
-0.0161580936824339,0.00337352189582136,0.0121136128663993
0.011861633377499,0.029779265337098,0.0218728840418574
-0.00811551780628618,-0.00722955639225096,-0.0132274498380392
-0.0236362249973139,-0.013154692888435,-0.0114551428335047
0.0167594862216257,0.0147582322933728,0.0187377910250728
-0.020146360107701,-0.0140742303282581,-0.0140369109243025
-0.0327103391122066,-0.0532955339068059,-0.0321552133959439
-0.0135265542301819,-0.0180950821308472,-0.00101413953686495
-0.00097938631417057,0.010238234746256,0.00583859215436989
-0.0127451268464689,-0.0114012034645723,0.0184252050487284
-0.00695133226068332,-0.0164020386236,-0.00916982854389487
-0.0280002838249435,-0.0166753637090224,-0.00375181816997829
-0.015431493120161,0.00741951868564259,0.0140595664382609
0.0292575000403922,0.0157811622171191,0.014112687778631
0.0385787202629106,0.0440183698952741,0.0324708352627171
-0.00977513180133286,-0.00148822801594677,-0.00236498078347946
-0.0118457657401472,-0.00869318126842457,-0.0118508836456193
-0.000999060187266493,-0.00476078693092555,-0.00599683288929034
-0.0319999915276137,-0.0365056658125262,-0.0185810525561384
0.0113634349574773,-0.00209081224490421,0.000246198490577594
-0.00817133262809436,0.00419100644573228,-0.00565411567512932
0.0102985076254744,0.00365147311965565,-0.000247420208888519
-0.032619877312323,-0.0374222764418067,-0.0148365681017129
0.00526868249681895,0.00593961447120952,0.00150579229432322
-0.0744232459592415,-0.0657544010749119,-0.0496236274422228
-0.0747452976998985,-0.0393563203177252,-0.0084389357607441
-0.203182381998096,-0.16417472124033,-0.0941490718794983
0.167434734313883,0.138461679101446,0.0687025139022325
-0.109210459941914,-0.104651248630405,-0.0557695279159312
0.0709011703030974,0.0631801054226463,0.067500999817343
-0.00827605952288789,-0.0145263635087816,-0.0212593509699723
0.0792767657164102,0.0475712164176485,0.0270122165305476
-0.0463916407238487,-0.0425327555461076,-0.0230476493275218
0.00810801605059159,-0.00300606229617368,0.0149872735868241
-0.0603217462656479,-0.062646501030842,-0.0377360075506978
-0.00570617073189157,-0.0432452592834334,-0.0238703871018061
-0.0789094384460403,-0.0265218763751559,-0.0273651759549727
-0.0186915409926713,0.0483496887380389,0.0410055789089417
0.109523398071995,0.0413617771971915,0.030189773223656
0.0944209201328917,0.0485057956524396,-0.00306993915867141
0.0143789678834277,0.000335296216143512,0.0137176238161485
0.0811856100985174,0.0485927475375571,0.0394918976218217
-0.0321809313995456,-0.0111858130752909,-0.015409152407441
0.00739820715684332,0.00355533883058359,0.0134917462427714
-0.0318239789890895,-0.033816490681444,-0.0335465288674479
-0.0834386285752186,-0.0533332866276516,-0.0460051937263456
-0.0358620468296127,-0.0246478146418169,-0.034363550626345
0.0701001331032424,0.0462093847240081,0.0412680861776953
-0.0374332511177724,-0.0345066551215499,-0.0376221518953494
-0.0305554376203459,-0.0443172138666119,-0.0426736641763105
0.0100285651505163,0.00822726679727062,0.0105982640412339
-0.00709213686518851,0.00333825808084492,0.00215927409522667
0.00714279454167801,0.0125693605615711,0.00954128582372026
0.0397164165489395,0.0438115109512979,0.0307930041202562
-0.0136427333202209,0.0139910197293019,-0.0112395577313263
-0.0331948805180635,-0.0441532617250866,-0.0281183773026391
-0.0128755747983932,-0.0281485956915206,-0.00738673715930025
-0.0753622735182117,-0.0523581088760999,-0.0592248713066057
-0.0501566306707639,-0.0611283413053625,-0.035267166960131
0.0412541072667531,0.0425708405692831,0.0109327298572242
0.0459587225068297,0.0696556085750335,0.0696183225445025
-0.0181819784460619,0.0101048444899721,-0.00252779400440676
-0.0493826152888107,-0.0396441876546339,-0.0348433800718704
0.030844400867831,0.0378085281900701,0.0301935215154741
-0.0362208129335916,-0.047583647394062,-0.0404585081203089
-0.0964049141550716,-0.0979702186131858,-0.0488046969422274
0.0415911374456807,0.0553872316856288,0.0654930058509165
0.00173591217198912,0.0131201946762674,0.0191671692468633
0.0883885532643875,0.0530151578021838,0.0499351613456017
-0.0605096877044853,-0.0534207150808745,-0.0518837127485705
0.0644069309843528,0.0755177923810877,0.0521168798715504
0.0143310822589569,0.050962382773475,0
0.0329669088850665,0.0488508280185854,0.0278640233273762
-0.0547114142810893,-0.0534247659941294,-0.0481928116179474
-0.004822940059907,0.0274963808143013,0.00917709935467999
-0.0258480877814835,-0.016549148507119,-0.0266538817147634
0.101160676759732,0.0698172633558299,0.0589558057871853
-0.0361444266914748,-0.0163988113802059,-0.0188620590673381
0.010937569466102,0.0234772706669833,0.0272870179954631
-0.00154574489372861,0.00731387153073011,0.00875342636049128
0.0402478199581913,0.0429040389460593,0.0344105950283905
-0.038690607359128,-0.0221516413104974,-0.0312412721479132
0.0201241555853229,0.00809043776333834,0.0206033412875093
0.095599175762354,0.0969503539672037,0.0830894185165478
0.0180053818954071,-0.000292950709234225,-0.00891414843407873
-0.0707482640762728,-0.0752339082260542,-0.0526028851839675
-0.0629574588618052,-0.0766066646387359,-0.0589756887876913
0.0500000578453787,0.0226258709855179,0.0284316554147934
0.0282737177057532,0.032193444779376,0.0219976279877593
-0.0607812519373479,-0.0142950039912177,-0.0119255616781555
-0.00616359891070306,0.00692145510545541,0.00794817509077563
0.0124031569644744,0.0284779371091166,0.0227804699860046
-0.0566615523471552,-0.0817949195098296,-0.0708168883801891
-0.0211038830025164,-0.0076257426450906,0.00614664457275356
0.0298508352845174,0.0244498470542291,0.0164933008859492
-0.0257650077857451,-0.0323899920875061,-0.02193504588936
0.0132231997370502,-0.0126849763093218,0.00460835884964048
-0.0375204064359842,-0.0413989818499825,-0.0376147883476244
-0.0169490036499341,-0.0320179193475217,-0.0311406520378158
-0.0034482450478893,0.0107693518618247,0.00426351791417903
-0.0501732924802647,-0.0487062504487315,-0.0231873173119843
-0.0218579266557502,-0.021600243458224,-0.0167169172631899
-0.0428303658061449,-0.0388386094148474,-0.0350221867721767
0.00583652422861355,0.00510411722748111,0.0035237956670794
0.0154737516830303,0.060092984568052,0.0238763329454687
-0.0323808733259688,0.00758474397351898,-0.020576054863566
0.0729783033368496,0.0887481693699532,0.0843836246237692
0.01654420147618,-0.0178313404734853,-0.0164676345825526
0.0198911122055888,0.0437200432973878,0.0613921843150854
0.0265959497759338,0.0589277264747973,0.0364983473400937
-0.00172680050540495,-0.00268171214291725,-0.00835537405034989
0.0190309500644628,0.00268892306054007,0.0231717291664374
-0.0509338037271853,-0.0697283826901387,-0.0523528688832694
0.0232559105735398,0.0367567800285448,0.0297948463150003
-0.0472028468910207,-0.0538755668402436,-0.0343578504901767
-0.0238529217039816,-0.011755887156923,-0.0234082710016834
-0.0169175714863437,-0.0315985778432712,0.0070310505280549
0.00573609907315722,-0.00499030247669558,0.00793396236482549
-0.0114067677961313,0.00424383899509658,0.00409310529042936
-0.040384748123155,-0.0464849147174684,-0.0373155007636535
0.0360721167312475,0.0455279157710652,0.0491852129862695
0.0116055434300764,0.00578009216951995,0.00341527788226479
0.0458887925852572,0.0593872131199293,0.0349631138096172
0.0237662937689687,-0.00687171659601763,0.00358722599151167
-0.0214286158633175,-0.0203932288116252,-0.0160858327623958
-0.034671558156953,-0.0286246161177279,-0.0115044357410224
0.0321360251315387,0.0241101842907089,0.0235834265275351
0.0183153490548345,-0.016815982989116,-0.00508709289492492
0.0431651698485561,0.0767767588378761,0.0520300383175144
0.00172400518876066,-0.00564772971633745,0.00633499870578845
0.086058810008985,0.0120695594464558,0.020886681375997
-0.0206023027480835,0.00140306327956638,-0.00896833756953211
0.0145631805965925,0.0185638287568081,-0.00169698279799403
0.0574160496292387,0.0316369287632624,0.0212465904023494
0.036199336381856,0.0423333970400379,0.0169207145198274
-0.0116448563147477,0.010553078322071,0.00518282788605766
-0.0265095497749994,-0.0272152036530862,-0.0252374387679505
-0.0196672509272975,-0.0819778071150272,-0.0281179775901648
0.0493828206340846,0.0287032846715329,0.0466913730429871
0.023529304006842,0.0103339297187623,0.0106730639048468
0.0158045933426563,0.0105694807949519,0.0116438846973145
0.025459817655684,0.00708484755865969,0.00802994083466257
0.00551710681695407,0.00167500298023288,0
0.00823039784986729,0.00200673889222759,-0.00159331269276914
-0.00680277189543472,0.0140186615492997,-0.00292536750342572
-0.00136975762578426,0.0161291733319809,-0.00746878083054014
-0.0301783185289663,-0.0207321589430487,-0.00537485360951085
0.00848665565712351,0.01620917023419,0.00783554282972215
0.0322579451135813,0.0286456461450159,0.00804298471469879
0.0122281796042386,0.0126623015141492,-0.00132997780338175
0.0523492163941334,0.0484527242523614,0.0194410670679663
0.0165814305052055,-0.00715557344754205,-0.0036572004446213
-0.0150564951359412,-0.00690704540150531,-0.00707928919591596
0.0356687356745989,0.0350769239965732,0.0113547378595121
0.00615036783266474,-0.0166520483139565,-0.0114882734758311
-0.0134474273987333,-0.0216871157424746,-0.00660326467003646
0.022304942616215,-0.00151851278982857,0.0183461972177558
-0.0327275584247942,-0.0243309628711088,-0.0099217987893804
-0.0250625790588945,-0.0112219458574892,-0.013712840521451
0.0398456725461696,0.0312108056959662,0.0160424844853101
-0.00865264389168418,0.00641994395143636,0.0123685469607615
0.011221739159622,0.0133658910766589,-0.000259864724692677
-0.0197285164939727,-0.0299762914037033,-0.0101405758889933
0.00880501724911756,0.0108160616630534,0.0110326139849636
-0.0174561995722331,-0.0110059644454987,-0.00545617247309824
0.0203044753628905,0.017929062047451,0.0203760924296805
0.0099501383586689,0.0167020148379463,0.0038402281244575
-0.0172625436565635,-0.00477881846339002,0.000765446829251684
0.0188204244566961,0.0243096104799519,0.0287968773213055
0.00123173369829145,-0.000879218249029232,0.00644034211237957
-0.0196802521545681,-0.0123164754814074,-0.00566066455699122
-0.0326223777380169,-0.0463185592532874,-0.0267326734675839
0.0402076997133668,0.0348692138824987,0.0160223162675175
0.00498744625976362,0.0228644261751145,0.0122652118673796
-0.00124064106765243,0.00588216999999439,0.0145897527594071
-0.0074536169256358,0.00263162402608237,-0.0119423630861549
0.0625781616704999,0.0629921212557049,0.0703004186974321
0.0412251810453782,-0.0340193997158076,0.0043792158766961
0.0452485795039467,0.030105350920009,0.025699881043995
0.0606061920036678,0.0115794759067429,-0.00290829136198076
-0.0275510152483329,0.013082839123332,0.00964754374932119
0.029380851681038,0.0244818173629119,0.00844465837964085
0.00101953901488636,-0.00735261851155504,-0.00572952660666165
-0.0224031482255531,-0.0238095491020641,-0.0104163836957198
0.0260414155464531,0.00623276900690129,0.0114219278761488
0.00812190522024756,0.00807999910377841,0.0223648749493558
-0.0332324664029663,-0.0173659549876494,-0.00606454289339753
0.01562487129374,0.00761314226868727,0.00828049875045792
-0.0225642079309636,-0.0148408105342673,-0.0129670047276157
0.00419720130524046,0.00109513890193167,0.00678772811677839
0.0114945289409149,0.0087554144918745,0.00326245019974677
-0.0196282285742917,-0.0135609659272138,-0.0089464413993436
-0.0305584951401029,-0.0365688354282799,-0.0222368104234316
0.00326084328091291,-0.00713463036629281,-0.00157625954654167
-0.0325024474218396,-0.0235699917256063,-0.0101489489686168
-0.0436730038561534,-0.0326756333592193,-0.0211892502122417
0.037470455652119,0.0222151876265676,0.024441714876535
0.0349887489115735,0.0309618720556253,0.0188591096537362
-0.0534347590329029,-0.0352299176117212,-0.036351524544962
0.012672744307268,0.0176597089030051,0.00277727461104226
0.014789129496825,0.0317644568899631,0.013154721651811
0,0,-0.0138951205269841
-0.0168158907945812,-0.00655645728480758,-0.00161714752900104
-0.0467505403152673,-0.0275467478033675,-0.0115687326270981
-0.0215310546167054,-0.0188844172243016,0.00304327643774804
0.00366732330125603,0.00511273526924339,0.0100347896488959
0.00609064251745196,0.00777989582298366,-0.00277270251675926
0.00121047340960215,0.0059383026943508,0.0148284507648471
-0.00241852983983895,-0.011216176184032,-0.0105021561435975
-0.0169697307402592,-0.0137311887677479,-0.00830637806872561
0.0246611481026167,0.0169490241961486,0.0188459322313516
-0.0180506464087122,-0.0267858956806494,-0.0134729646473189
-0.0196078988753345,-0.00642360901202624,-0.00439854013944058
-0.032499913015148,-0.0270937957987454,-0.0292953834294514
0.0284237673298794,0.00221527772597877,0.000718453125753205
-0.0213567860828488,-0.0110516780871803,-0.0095740705821992
-0.00770225473704838,-0.0277777467399857,-0.0178830638646258
-0.00388095177365345,0.00656819795042595,0.00246078740745281
-0.0194806350708669,-0.0424143795134114,-0.0927835192412898
-0.0264899006791069,-0.0412266453744125,-0.0316557822145643
-0.00680271328160124,-0.012437610952776,0.0125734661669378
-0.0260274249597753,-0.0313061843311629,-0.0215236020867186
-0.0182842049192872,-0.0189451707542231,-0.0431469130253438
0.00573056250658981,-0.0151459785740119,-0.0129676838268331
-0.0270654117456224,0.00922752633801683,-0.0292627486125761
0.0219619095959586,0.0255238624771915,0.0461394226474724
0.0272208138888159,0.00854364713568475,0.00735111407522352
-0.00418436006642614,-0.0180479168916058,-0.00846468689371742
0.00140079517202637,-0.00712674524529421,-0.0138357869420045
0.0405593042333433,0.0207783985380482,0.00388072011387155
-0.0309554403158211,-0.0377501499264396,-0.019922633215686
0.0208332388851833,0.0196155852957734,0.0057645148752696
-0.0448979890046793,-0.0422481784042175,-0.036802539818746
-0.0170940017102102,-0.0224497885524409,-0.029126162460428
0.0289854298402378,0.037469830553459,0.0319352463120853
0.0760564224141383,0.0539805590842191,0.0337605506932299
-0.0287958310007303,-0.0084746199814243,-0.00786187050319354
0.0188678602688501,0.0319583980207106,0.02651610950017
-0.0370370525124153,-0.0464530139959193,-0.0255342432168502
0.0288462025214845,0.0430513312152635,0.0289457728956566
0.00133494831714419,0.00181038096594226,0.0156944216927341
0.0213336459409676,0.00867345559010029,0.0102039881333626
0.0313315611057677,0.0143319723717584,0.0109666541165234
-0.0177215905221126,-0.0268458606102325,-0.0117041349622086
0.0451030745984156,0.0344830343166299,0.0219526168302067
0.00369919850266332,0.0126315066407369,0.0302430598316783
-0.0393120882569382,-0.0356896222316671,-0.0257888466512222
0.0153452547675033,0.00574924583426646,0.0135174458859302
-0.042821165036879,-0.0443013732199674,-0.0186163304349591
0.0026315304564945,-0.000747934982986998,0.011041826819962
0.0196852303219896,0.0138424176220583,0.0299637786131533
-0.00386093217980117,-0.0261996194908323,-0.0244698683923173
0.0568473019658365,0.0386512425307511,-0.00418070735255393
-0.0158923854462445,0.00182402564796202,0.0153931729010644
0.00124234391501308,0.00691908243443218,-0.00277898832294266
-0.0297767757531167,-0.0292945677433063,-0.0418062784395143
-0.0204602499249003,-0.0178838077112551,-0.0139614681490689
-0.0130550004075692,-0.009484036341767,0.00176980053407511
-0.0105819553128026,-0.00880900990795327,0.00853960107661303
0.0200535284415419,-0.000386220975111889,0.00992692188118408
-0.0196592903042844,-0.022806186347489,-0.0159004509811158
0.045454551853091,0.0541925954360371,0.05963569755651
-0.00127888343700527,0.00600384848812327,-0.0271696976122584
0.0140845184354993,0.0212608076975408,-0.00284944024989234
-0.0492421855411006,-0.0102262474737755,-0.000857596961378486
-0.0358567458505176,-0.018819487246957,-0.0143021186318282
-0.0261707519519,-0.0270776611782368,-0.016250543991657
0.00282895100352183,-0.0204870898402421,0.0159292226353702
-0.00705220377283845,-0.00394646331157576,0.00842038078128072
0.00426128460433511,0.0217906505982196,0.0126689312817785
0.0141441592922068,0.0189999726215401,0.018197401217782
0.0195258840844388,0.0388126221958957,0.030159504560118
-0.00410403554372493,-0.0058607104299306,-0.020331056933301
0.00824189612208257,-0.000368707426750593,-0.00387367748645781
-0.0163489016597075,-0.0129007179130124,0
-0.00554021023893965,-0.0220396009997682,-0.0230557412119222
0.0348190364792576,0.0466006877765001,0.0261588562263276
0.0282638415815655,0.0423356983927242,0.00581867693251304
0.00392676687281779,0.011554645651613,0.0195589564691043
0,-0.0010383751487438,0.00405339006355701
0.00651878400962943,0,-0.00645861705907994
0.00259089865693623,0.00138595120710203,0.00135425702808997
-0.00258420324821119,-0.00415227702534052,0.00054116308219365
0.00777215040360379,-0.000347424150940651,0.00297362110311755
0.0115680442420781,-0.00104295655635152,-0.000808667702521949
0.00762401500506336,0.00278351259520562,0.000809322175225989
0.0088272070241624,0.0072866037855953,-0.00323467081008758
0.0187495204166607,0.032724789030792,0.0105461735073129
0.00490827427474371,0.0250168003078058,0.017929301828278
0.00366293631959943,-0.00780981019222179,-0.00552112524454591
-0.00851604338183836,-0.0295180046151082,-0.0158599276061082
0.00122735925903676,0.00811079926859297,-0.0016115642135864
-0.0110294663209326,-0.00469328256083768,0.00161416554501355
-0.0136306108123202,-0.0117883600457958,-0.00268608452330849
0.00502516484667758,0.0194273765438874,0.00457853079553545
-0.0112501860750452,-0.00869289569288841,-0.0107237742021415
0.010113727351205,0.00202369222832708,0.00650403077978622
0.00125180509530401,-0.000336548914257444,-0.00350076190229626
-0.00500635649464757,0.00235701659767598,0.00270230147790932
0.0503145361246948,0.0453476068531005,0.0425762192150224
0.0538923663994272,0.0305270059930882,0.0157664003483553
-0.0250003107083483,-0.00748384051580219,-0.013740679095018
0.0524475858750347,0.0260760866374889,0.021672104344059
-0.00664435925308516,0.0119412162445905,0.00808035898274883
0.0479377239033492,0.0423598757024241,0.0370742580277846
0.0159572278184755,0.00987014270110301,0.00410682951855495
-0.0261777302752492,-0.020983405469301,-0.00914168333691447
-0.00752739604429505,-0.00352333878898929,0.00169939125716526
0.00650061491225453,0.00707150225063927,0.00193916521091071
-0.0107638548109519,-0.0108250806722994,-0.00217695957313165
-0.00870551320943427,-0.00414110858387935,-0.00896977504699421
-0.00109757243481695,-0.00534570664130726,0.00856164147499985
-0.0186813133476153,-0.0188116962742421,-0.0164929265856219
-0.012317949331527,-0.0106512942181981,-0.00764477281245386
0.0170068104265736,0.0141495051681509,0.0109341935345939
-0.0156075955941343,-0.0075826352201557,-0.00491636783022984
0.0147227976602638,0.000916860958886123,0.0121049514405458
-0.00334854360066674,0.0155724842808149,-0.00122060926312741
0.0201566443606804,0.0240531024732436,0.00590849842213226
0.0329309824566183,0.0264238023687094,0.0234947254252563
-0.00956456657987275,-0.00543475605696805,-0.00262995642483818
-0.00429136751570658,0.000287394144734922,-0.00119903239804486
-0.00754316633710733,-0.00517521745983428,-0.00672134307263724
0,0.0156068947843179,0.00942516074227674
0.0141151129952374,0.0108139228872874,0.00790051532943458
-0.0235550103502069,-0.0216775891415862,-0.0114014397747942
0.0350878467463275,0.0549637110141078,0.018260294760319
0.00211863061466922,0.0160936970867033,0.0106183746454066
-0.00211415150855914,0.0316780819079982,0.0114402000737489
0.00317828012601293,-0.000260451625474702,-0.00715587820150538
-0.00316821066502127,-0.0327952727712315,-0.0160426935891475
0.011652691183353,0.0150700612636824,-0.0054347436077081
-0.0198951586989936,-0.0220042579946509,-0.0180566357551167
-0.00534184493133682,0.0111142305728348,0.00919459909706502
-0.00751897279750526,0.00294886516150392,-0.000959384679916757
-0.0129872701739386,-0.0216519614290254,-0.0122388393232656
0.0219298033200566,0.0215847578821117,0.0126334177432604
0.0450647750287364,0.0152488249908819,0.0278311533562515
0.0112934521450249,-0.00922275513841655,-0.00980387297035874
-0.0101520057012146,-0.00744695603521111,-0.00353600405139027
0.019486833452392,0.0308148146514824,0.014430895939427
-0.0714286469983199,-0.0629065173907676,-0.0559699950625111
0.0173348971420537,-0.00138649212783674,-0.00197614155632351
0.00425993570618382,-0.00194461835057612,0.00544529803273899
-0.00424186563132013,0.0136374193821374,-0.000984595147432766
-0.00638928758939406,-0.00713876083225008,-0.013307047834534
-0.0364418992966376,-0.0315261847362894,-0.0187312418406214
0.0111235146333683,0.00542522535933346,0.00254501431225493
0.00329996119734299,-0.00653231906061671,0.00355432873513355
0.0405703840589687,0.0320182536825011,0.0268148613472834
0.0147524977285822,-0.00276988364579614,0.00271018656835216
0.014537916336463,-0.0063890847644503,0.000737064938128014
0.0133061668048386,0.00726879890020629,0.00883868535168755
-0.00606077795209325,-0.0127671880981944,-0.00511029004990271
-0.0182925636724146,-0.0149001347307077,-0.00318048853510392
0.0103521158576513,0.000855779692153083,0.00196304824002281
0.00717175921551135,0.00399237472734938,0.00955178547735232
0.00305207636727479,-0.0181766287049618,-0.00339622679137005
-0.00608525911439669,-0.0101245176658052,-0.00657238907889682
0.0112243090130672,0.00204577070017976,-0.00588107277710049
0.056565945549409,0.0632835964885231,0.0155287500805912
0,0.0153592914381927,0.00655335688109821
0.0172086109945768,0.0167474697993747,0.0262840425034891
-0.00657927411157243,-0.0119551638927264,-0.00587400768967169
-0.0056765419658886,-0.0051088918454798,0.00779938468858335
0.00951478181284939,0.0143243489467461,0.00304910604075143
-0.00659758270494843,-0.00639469738451467,0.000233494823019082
0.00379509989061732,0.00831300630681229,0.000701548597739568
0.0396974445495565,0.0412233620919289,0.0156503650365036
0.0327274679070747,0.00791837617285453,0.00896973143978896
-0.0149648494627771,-0.000253376846027622,-0.00775017615633705
0.0294906166219838,0.0182508593007864,0.0229725083436548
-0.0199653385744968,-0.0169283467706487,-0.0119019052683649
-0.00354289655475317,-0.00278528937940235,-0.00181823182715267
0.0257780268011392,0.00431707154106514,0.000910823898679826
-0.0060658867587038,-0.00758546397519697,-0.00750695274347235
-0.00959038600142731,-0.0061148907062546,-0.00893868399874364
0.0220070717232245,0.01409909724738,0.0168825049590241
0.036175526344579,0.0427202008827991,0.0226699214567079
-0.00581872865625618,0.00339386893727539,-0.00201536947737966
0.012541982067448,0.0251268939720123,0.0177251754047059
-0.00165167201102594,0.000942636920297529,0.00110207662924841
-0.00909839948808081,-0.000235588673656065,0.00198208348947385
-0.0459097022518709,-0.00989155667515281,-0.000659370921064648
0.0306210441736357,0.0187916920734262,0.0149548623433706
-0.0127334457624594,-0.0114405944985988,-0.000216686496630105
-0.0137573722630374,-0.00283411644839967,-0.00563497165298864
0.00697459303806505,0.00828962828016295,0.0102439265150603
0.019913387782731,-0.0021140370392143,0.01014061524291
-0.0424448786630505,-0.0291902836527569,-0.00811632679207643
-0.0124112233371978,0.0101844521773252,0.000430886454814281
0.01885089075648,0.00288047534694975,0.00172155875690268
0.00616733898344148,0.00574450255984716,-0.00666106461399819
0.00963200981167345,0.0185624963005433,0.00302858258386081
0.00780618167438418,0.00256988393560093,0.0170369173762438
-0.012048340913178,-0.013283475980679,-0.0110263822837129
0.000871110590504899,-0.00425123540869878,0.0102915331446489
-0.00957360229073027,-0.00498100676282893,0.000212322108641769
-0.00527231525363683,0.0052456763420247,-0.0016974704555258
0.0344521997503141,0.020398219154034,0.0170031579018147
-0.0196413017021972,-0.0188284167758993,-0.00355284551111557
0.0348432339534549,0.0168205048292996,0.0232803934585764
0.00420863592778923,0.00302898150377131,-0.00368921737917056
-0.00754391886626091,-0.00418112920205216,-0.00781736075939212
-0.00675663804994843,-0.00443194735646596,0.00829358935309986
0.00850325095136185,0.0110123308661416,0.000616861474108387
0.032883641524832,0.0278095970871478,0.00986446804920488
-0.00653041195015565,-0.00789157078389931,-0.00936108410008989
-0.00328697141456218,0.00727264304744189,0.011092963970223
-0.00824413832394075,-0.010830374416245,-0.00690809243064442
0.0132999387387339,0.0150549049939909,0.0116612613080756
-0.0319930998654515,-0.0287641502097724,-0.0169866283558325
-0.0322035343928986,-0.0201294609020642,-0.0074059661456478
0.00175137486790865,0.0103895899541201,0.0136785850482562
-0.035839129131156,-0.0383267574044,-0.0247390112523775
0.00906630955635188,0.00340215566740888,-0.00209650024808458
0.0161870398341445,0.0210707366297147,0.035293899886474
-0.0061947275846924,-0.00450682694127505,-0.00730504772527624
0.00979523747702714,0.00333585654724022,-0.000204602454209653
0.00617269152545889,0.0197100218866197,0.00388481095600855
0.0122701982583059,0.0153704716846385,0.00794301499888978
0.0320345875799146,0.0224768540494578,0.0109111543398059
0.0285232445295217,0.00942129432588521,0.0119929029864944
-0.0154974410079124,0.0373331736675833,-0.00849283343061541
0.00662810569349749,0.0197088640066155,0.00557766595294935
-0.0115227889601759,-0.0136554581226547,-0.00396217652041338
0.00416344758875043,0.0004260499993583,-0.00238638381033355
0.00414574999701914,0.010432060959698,0.016746431709808
0.0379850076355541,-0.0042140673403107,-0.0192159944351437
-0.000795526015796647,-0.0215824550021078,-0.0101958017398967
0.0119427249944156,-0.00973190230885579,-0.00626148095824261
0.00550742556882395,0.00655150068991827,-0.00162596053453213
-0.016431944162008,-0.0186592436373947,-0.0156759088070606
-0.000795526015796647,0,0.00889360491084383
-0.0127385501007546,-0.0163606566553737,-0.00532981746975643
-0.00967777842203565,0.00764215176398607,0.00247301601338582
-0.00407173543609032,-0.00825327094899231,-0.0178865870785617
-0.00408829642328996,-0.00494860476237201,-0.00648945745635659
-0.00246273728880524,-0.0101717027648982,0.00779626953126072
0,0.00730752063679154,0.0094080874389176
-0.0279834717612063,-0.0364994795493931,-0.023551459992576
0.0110071777865982,0.00635288048417649,0.0136607043037579
0.00251285503142846,0.00561130316488048,0.00884396824522993
0.0200499960891231,0.0127879880825378,0.0139844435243654
0.00327592526750347,0.00757567136937849,0.00205849057308425
0.00571457850720753,0.0266575479924784,0.0117090057538639
-0.00405859964254872,-0.00421695706877442,0.00121831045147734
-0.00815002136885941,-0.0020052871244381,-0.00608391135671233
-0.0156121344052659,0.00200931638070525,-0.022036100862567
0.0250416651407118,0.0398933279109708,0.0116835409253675
-0.0472313446958204,-0.019716977345788,-0.035058847397646
-0.0222218753380998,-0.014210930362464,-0.00320569185754841
0.0192305822013642,-0.00133062394681562,0.0126498405457109
0.00514585488354359,0.00266470238119984,0.00254100092612598
0.0298634835975319,0.0290146664305754,0.0173178037799958
0.0198840561964993,0.0142055857886991,0.0114177581524711
0.0105603521413422,-0.00021231103243251,0.00574722068364764
-0.00160759441337102,-0.00403295440383643,-0.00244886839645908
-0.00322061940111137,-0.00213112994928323,0.000818139665026142
-0.00565423069396881,-0.00341746797274163,0.00183979317213258
-0.0138100060896906,-0.0169311347422366,-0.0204038856599542
0.00411843140279307,0.0148279758806737,0.00145785370773324
0.00410179780961913,0.00923929779295487,-0.0106073794670355
0.0522877974844197,0.0108580583952157,0.0128233697572388
0.00155259484299253,0.0132685112141241,0.019925170390699
0.00930251139899178,0.024527420515696,0.0126171441423836
-0.00844858027171046,-0.0139990401363834,-0.014469429928937
0.0085205669656805,0.00308658769120458,-0.0016313774115064
-0.00307236491159509,0.00348702417095295,0.0145014511210037
0.0277352878863108,0.0239166175303984,0.0112745742181
0.0074961500706096,0.0249551379377048,0.0171211306674308
-0.00595255062733347,-0.0142188906419142,-0.00234875605281041
0.00523947479548642,0.0165975377695932,0.026093710815841
0.00595682788637657,0.00291517043479466,-0.000191181571708188
-0.00518114627733686,0.00116303344163988,0.0139607983224353
-0.00967277762397014,-0.0127756400846155,0.0115050652152844
-0.00751328451756649,-0.00921595626356998,-0.00522104335263775
0.00227095303987583,-0.00019775699736545,0.00581061774944081
0.00830843648421771,0.0251386668993791,0.0175178836888008
0.00973790946020343,0.00946107000082041,0.00128189667625073
0.0259642361920044,0.0189365608661741,0.0173771431051981
-0.0122920533342238,-0.0240284609051851,-0.0185187166193608
-0.00805274672044597,-0.000577104864514215,-0.00183169937274819
-0.0140221929876951,-0.014049246039804,-0.00825841402938128
-0.0194756204150176,-0.0234237008517328,-0.018689796624039
0.0084034414696484,0.015990257928719,0.00886288041531011
0.0136363986698514,0.0151482983865719,0.0143923681625135
-0.00597915807659807,0.00639569761513085,0.00165856966037229
-0.0135337911838334,-0.0381283556298375,-0.0160042886065543
-0.00457307592257338,-0.010210291197603,-0.00579563994300339
0.0114854936374673,0.017192541907966,0.0186159170913951
-0.0105981811522556,-0.0212763151755986,-0.0191988567869775
0.0107117057502463,0.00284426848285192,0.0135516459409053
0.00454183944497525,0.0131683896492401,0.00482835678378344
-0.00602856395155237,-0.00959790330736275,-0.0103492282723893
-0.0227445081742934,-0.0329092909848552,-0.0199814417502119
-0.0155159613715314,-0.0215033799001211,-0.00990856692841831
-0.0307329267579064,-0.0305096868020329,-0.0200152631787947
0.0300814332955838,0.0343308538998696,0.0227809187663893
0.0071032049562749,0.0129788445490122,0.00806427881502909
0.0195924706269938,0.0140725577888657,0.0123811572122607
-0.0115294763727723,-0.00642078659650941,-0.00677327185586874
0.00544319018901271,0.00583704765908097,-0.00568308417127713
-0.00232017827483153,-0.0020725728881861,0.0132413733820921
-0.00542614967044144,-0.00996900282468815,-0.000568365165667106
0.0179267008927218,0.0180406337589908,0.0231195732791294
0.0168453264209641,0.0203998873158201,0.0131502176500721
0.0188250539799869,0.0139337101457502,0.00347359747279526
-0.0118254327734906,-0.0115514419982314,-0.00109306085000916
0.0104711963848442,0.00826124217301587,0.00565379347608541
0.0199852091379144,0.0153876942292834,-0.00308305551802699
0.00725684511164791,0.0196811041561384,-0.00145533414459756
0.00288188553810776,0.000386060014650658,0.0021862643679895
0.028017301300084,-0.000771703037038874,0.00472646752056712
0.031446437162536,0.0173778397429301,0.0199022755994719
-0.000677480922132996,-0.00645297858420359,-0.00372561540894824
0.0115252680633488,0.0124165650882655,0.00712268206310224
0.00134057218882815,-0.00226431234466332,0.00194492433019805
-0.015394957954876,-0.0130483618895851,-0.000705917208519971
0.00815776174170675,0.00900544769667261,-0.00229557997881599
-0.00674304345830449,-0.00854536198537999,-0.0079648155437616
-0.0142565022595224,-0.0109173922173198,-0.0064227750089298
0,0.00271115749720562,-0.00646421335959932
0.00550964764403788,0.00695239163694017,0.00722914313926239
0.0239726187311034,0.0140035848653515,0.0145346589978047
-0.00735792846801813,0.00264844565202394,-0.000884390720444727
-0.00269531472796268,-0.00245284834723225,-0.00690412404098273
-0.010810892404085,-0.0262908894335179,-0.0108732888680673
-0.00751366032134271,0.000388560098989228,-0.00342412403352578
0.00550571150888823,0.0054369101256412,-0.00849898054797408
-0.010951201048407,-0.00888379333812492,-0.00565393630017185
-0.00276820516974546,-0.00818403977139544,-0.00788696094002427
0.0069396507174457,0.0170924922339029,0.00369746606759167
0.00620259811003956,-0.00347717326307385,-0.00257870398637372
-0.0191783536023582,-0.0141499647875312,-0.0158817234290909
0.00698334098355061,-0.0100274418464299,0
-0.0187241536417798,-0.0202581014735598,-0.0273974037745412
0.00989421042964397,0.0119601775026142,0.00559528768802734
0.00349889016974137,-0.0152243311716589,-0.0094014397583907
0.0160389523998087,0.0152562773728855,0.0112337510028239
0,-0.00160302860795687,0.00210697066789395
-0.00549052569019213,-0.00461560931654159,-0.00993867477436999
-0.0262250662200891,-0.0274192191233739,-0.0231661324848047
0.000708690196459744,0.00145101321179989,-0.000395222346396802
0.00354109011231987,0.00331200591131286,0.00237249283160629
-0.00352859503931577,-0.00288838297508284,-0.00335320507719992
0.00920689371626597,0.0215186922596721,0.0118744030574089
0.00561794238076134,0.00465859308236025,0.0144726285330086
0.0034914520064962,0.00524197476109252,0.00462695762120836
-0.0006958170745049,-0.0128357904932456,0.0086357258966173
0.008356567714963,0.0176756473228713,0.00570764624478624
0.00897791769839179,0.0199640749631365,0.0153235749532433
0.00273790563454746,-0.00704646552185175,-0.00763919255173415
-0.0116041664222289,-0.00926460916058526,-0.0191513788157593
0.000690458720390869,0.00457634428975822,0.00669977457265352
0.0027605802592869,0.0101006975080801,0.0104583687414075
0.00137667055202509,0.00392164767090441,-0.000941038961749795
0.0109963505894797,0.0197266533813541,0.00602775329310383
-0.00679798411046295,-0.00497992544465074,-0.0123574519004141
-0.011635722318906,-0.0142445175847148,0.000947932872431702
-0.0207756372424739,-0.032024879322591,-0.025378940126623
-0.00353597149045153,-0.0123060301140202,-0.0221531066589628
0.00354851895230019,0.00612753251968409,0.0274246438624004
-0.00424332885950616,-0.00669910242978991,0.0036749863486875
-0.012784159849788,-0.000817620003088614,0.00674507283746871
-0.0071943509279696,-0.00777235828495382,-0.0105282875492348
0.00724648468176437,0.00185509575263315,0.00522331482946276
0.0115107955981539,0.002263415878883,0.00988754488339419
-0.00426739891651924,-0.00636408792475293,-0.00287966283612739
0.00357148124388403,0.015289141561258,0.0140547353860235
-0.0170817434950004,-0.0195359900348538,-0.0159482867862034
-0.00868952782686667,-0.010585150786462,-0.0185220904069222
0.0109566817820944,0.00587332329812756,-0.00235894041692654
0.0281793250844787,0.0275290765372921,0.034876725132153
-0.00281094557044799,-0.00101483654686772,-0.000190517099142318
0.0112756247580097,0.00772024620495983,0.00380893199724306
-0.00766553067541576,-0.0149190999546123,-0.00758857892956413
0.0224720655876126,0.0405236662189593,0.0323073022643957
0.00686801637572252,0.0055076541780432,0.00388890240501855
-0.00204637199186424,0.000586733465293768,0.00166015458352226
-0.00751889341100128,-0.00234589929251226,-0.000552508583261207
0,-0.00529104238196302,-0.0119772277867755
-0.0213497312651274,-0.011229389058861,-0.016225099231926
-0.00281475390707343,-0.000796930153772378,-0.00511881673418817
0.00635110998156466,-0.00179467668824136,0.00552618229018419
-0.00210377398221855,0.00179790334345958,-0.00170554149990343
-0.00562189114089597,0.00139589380925388,0.000949080956093257
0.00141371515543235,-0.00657120599591676,-0.00246525810781038
-0.0141144571130509,-0.0220528845765531,-0.0201521675020623
0.00357907551140345,-0.000820054087499351,0.0188202130800183
0.00142637505021834,-0.0022569257997687,-0.00895059576278181
-0.00783463522401225,-0.00514084129455249,-0.00172946637203363
0.00215353657927323,0.00496066567869443,0.00288740205129317
-0.0114613976481379,-0.00555314846710864,-0.00863713899854438
0.0376813102183849,0.0328853629854766,0.0447240876818914
0.0055866306145075,0.00460530014732653,0.00259449605602202
-0.0055555935654132,-0.012955866885839,-0.00240297274708156
0.0223462296922073,0.00949115823407216,0.00314992289294126
0.0109292532009881,0.00440094129017028,0.0048024972567283
0.00810805643035049,0.00378400090014937,0.0086397689490924
0,0.00773815113386857,0.0158554682648065
0.0187667076306709,0.00748163954811518,0.0073555984810837
-0.00394734365203145,-0.00781707673289585,-0.00089050800153831
0.029722540379428,0.0189088523469281,0.0199644061308651
0.00320716404007073,0.0131452575987984,0.00419431329061259
0.0108694974748056,0.0167906671395524,0.00330666602758165
0.00442761647883696,-0.0052542545377149,-0.00832621162803227
-0.00314852907379887,0.000754539270678651,0.00542258611078872
-0.000631906595412533,-0.00245056837699322,-0.0045233600383071
-0.00568903284056649,-0.00566882460696327,-0.00419454618941171
-0.0120786903911253,-0.00931205178348308,-0.00210577592913971
0.00643914812131493,-0.00172648064183254,0.00580374836824873
-0.0127959015372854,-0.0188317538594935,-0.0239553121720654
0.00842523833890398,0.00842162487022998,0.00429958900501775
0.00128518498498433,0.0120411472798805,0.00802704232021613
-0.00128353540455471,-0.0071005150188843,0.00336225510631358
-0.019922925251199,-0.019907003555723,-0.0111110127447196
0,0.00394374929811871,0.00428025949021161
-0.00459013488457877,0.0011785559028148,-0.0024861403983793
0.00395248489665977,-0.00137316166218136,0.00445069727597253
-0.00393692426297109,-0.00412583599899839,-0.0124068794139724
0.0335966046248945,0.0250540620063476,0.0272792000419662
0.00382421138032169,-0.00153933674532143,-0.000174748878276027
-0.00952380699034981,0.00636072237146469,0.00821263407800517
0.0057691083627933,0.00383070127148182,0.00935878344822665
0.000637468699846224,0.000381569079985535,0.000171443264931171
-0.00318497938636503,-0.00152583137903913,-0.000858327679274558
0.00127819621335875,-0.00171912704249902,-0.00103085514857527
-0.00829606510920178,-0.00650607917586809,-0.00326791511714398
0.00193052834480277,0.00365961191003001,0.00914559092233311
0.0340398365421582,0.00307024458076785,0.00189353786904821
0.019254704167856,0.0216187191313714,0.00773034843923332
0.0152344159151222,0.00767778322962063,0.00579617044186479
-0.00960376440102559,0.0068761153260294,-0.0115254434054279
0.00484844552908539,0.0116277702216936,0.0094307825394509
0.0150784676555651,0.00711567323984226,-0.00186835859103376
-0.00356511120092413,-0.00869570997292505,-0.00459512549499088
-0.0202742448186701,-0.0182748620801007,-0.0135065862950532
0.0206937959030358,0.0042815363911079,0.000693257809184417
0.0226597182951507,0.0192770807995884,0.0303083436154411
-0.00408178970168477,-0.0434625695364556,-0.00840482058455971
-0.00409833501996916,-0.00627381297245169,-0.0149178093590704
0,-0.00803510195971092,0.00103240729832121
0.00823058571193514,0.000964443518904293,-0.00997047904101439
-0.0169098702747831,-0.0227361325809569,-0.0194480232561057
-0.02431789556317,-0.0274054072258153,-0.0244378137385581
-0.00851064940684732,-0.0105411973715166,0
0.0257510426429436,0.0161851766215441,0.01179896800337
-0.00298845488374114,-0.0306450328879195,-0.00376735118416512
0.0149879417145717,0.00478444199604756,0.00846361669265264
-0.0106319741609044,-0.0180122073065775,-0.0114284377913709
-0.023880652081269,-0.0229813468002396,-0.0189667719015442
0,0.00949496820168847,0.0117842047296171
0.00305816725472071,0.00598560881300083,0.00473145861187476
0.0176829339559479,0.0252867668858183,0.0230031779942572
0.00778892955452898,0.0225907860542198,0.00247880425258363
-0.00594517770240141,-0.000405559712596891,0.00211952199029632
0.00956930005864224,0.00689389558540159,0.0121606047562431
-0.00770132089393464,0.00604105070639769,0.00156724499834771
0,-0.00200170839873031,0.00886628841798574
-0.00298482356167141,-0.00681900573705894,0.00206794640857891
-0.0137727860044695,-0.00282700140021029,0.00584692874537162
-0.0163933498352417,-0.0240990405484842,-0.0210292534143923
0.00617270819861991,-0.00124505305649747,0.00558858352399992
-0.000613291184344059,0.00270098137464184,0.000520964659921242
0.0147328433980746,0.0149192001128633,0.00729039701607521
-0.0114945158028444,-0.0118413847803068,-0.017232468452671
-0.00061159766348029,-0.00165293842616474,-0.00490964242815113
0.00979783695081594,0.007657237092882,-0.00105722643694835
0.00242566093670859,-0.00123235185408644,0.00229315619236145
-0.0139141804157595,-0.0209744576893536,-0.0107358837867333
0.0263803244569972,0.0256246384806167,0.0186801196331329
0.0316988583104378,0.012082846638805,0.0157179019998665
0.00579678940979646,0.00586812339231131,0.0127233465285642
-0.00115250712533799,-0.00181077329182878,0.00848921877270685
0.00807836861399241,-0.00100749485303112,-0.00336714058033886
-0.011448241943256,-0.0229975812694241,-0.017060895263826
0.000578983516608368,-0.00929216115128616,-0.0046398535718344
-0.00694444823061807,-0.0135471716757262,-0.00863262554812787
-0.0209789104921455,-0.009507624107836,-0.0107975772088758
0.0184524253479663,0.0181312840394604,0.013732310169704
0.00467560972953632,0.0085899613252604,0.0083362585060827
0.014543228411462,0.0166182555152971,0.00413360340104705
0.0275229500972312,0.026154385006025,0.0310463926693631
-0.0200893543000457,-0.00278761753720421,0.000998185106308107
-0.0108199077288751,-0.000598919716258549,0.0149574424868871
-0.00921112714090286,0.00499480984461838,-0.00229220927612693
-0.00174355321730124,-0.00278318382689953,-0.0169046693769935
-0.0098948933395889,-0.0540271248075591,0.000333686089655446
-0.00176399208689785,-0.00421475551191396,0.00200286650405785
0.0129566023761281,0.00740696489871212,0.0111590338647899
0.00813973140663486,0.0042017984936646,-0.000658740756716118
-0.00634383138704199,0.00920527796298341,0.00315131723882161
-0.00464310673562165,-0.0116086891462353,0.00297621248938572
-0.0250729937811465,-0.0119546793601779,-0.0140124082588238
-0.020334928828782,-0.0118871623554151,-0.0135430298494734
0.00366322932827886,0.00107404991050811,-0.00254232045450656
0.0109488767582787,0.0120173259164331,0.00713694644305546
-0.0300841937950015,-0.019720294259073,-0.0315505907603318
-0.021712159977173,-0.0118968629592413,-0.0365854273503997
0.0145844541749074,0.0435637646793655,-0.00614823674379386
0.0243750285825808,0.0134256640891291,-0.00291129802477205
-0.0158632217220129,-0.00269083247350476,0.0083941178671416
0.00123993687004141,0.000830157726768998,-0.000723580674552757
-0.00371520399171507,-0.00788047887805063,-0.00344095136176805
0.012430128953016,0.00376267835547975,0.0141741438419758
0.00491103283343931,0.00791321331458139,0.00430028991570564
-0.00183270111752566,-0.00144641135110857,0.00249768799789566
-0.0238677699292608,-0.0120007901408351,-0.00872044979174407
-0.0626960331883848,-0.00942408253030975,-0.00377002517693772
0.0193979611813911,0.0181817703892494,0.0109927929414995
-0.00656153412152981,-0.00519114798801062,-0.00213896201671424
-0.00330260896151591,-0.00292260285183958,-0.00464451500986237
0.0106030067265126,-0.000628032463580245,-0.002512480595104
-0.0111475062346451,-0.0115233093583836,-0.0244692480607823
-0.0232094840741835,-0.0173801188283696,-0.0162302998139739
0.00475224960968822,0.0073339664076466,0.0133107023712068
0.00878372184741709,0.00942180793647983,0.00573554641127825
-0.0127260306906945,-0.00318202901002923,-0.00643861985950754
0.0223879081263723,0.00595870758537591,0.0118498832760116
-0.00265423508558281,0.00317329973795043,-0.000549269469398807
-0.0126412215271638,-0.00632658851365876,-0.00476000074592989
-0.0195419554186908,-0.0127333893115428,-0.0156364638236318
-0.0027490942651337,-0.00171971060242776,-0.00373757602404333
0.011026906902366,0.00710591317115246,0.00975418335014158
-0.00954330142528354,-0.00470373314640417,-0.00204344567640642
0.00550575625368229,0.00644438841295839,0.00744601224761314
0.0068449051802977,0.00619024734588098,0.00794532361945374
0.000679602261175549,0.00318205080310648,-0.00036681076869592
0.0339674895695008,0.00592066721725304,0.011186706548501
-0.00525622072894497,-0.00525519189376184,0.00562200686265901
0.000660369681184089,-0.000845481191343456,0.0048693171230642
-0.000659933880857584,0.00613362188847179,-0.00269211356180101
0.00792588814398227,0.00399421794995941,-0.00395902183431409
-0.00327657009205253,0.00900355530861874,0.00451678394682454
0,-0.00643318129810419,0.00143890334141963
0.0144643017033954,0.0156643595032944,0.0170617171102365
0.0103693688223556,0.00616891853723525,0.00600391839198351
0.016035932607493,0.0132844164166956,0.00789876931791851
0.00505055111039558,-0.00504237044932334,0.00835950631722313
-0.0207286998007264,-0.0105413235765786,-0.0108808055659127
-0.0109043911998604,-0.0110632522632791,-0.00401596738062704
0.00129696077387791,-0.0140876425233493,0
-0.0103626535514594,0.00105076941508911,-0.00298053483550544
0.0202879374462342,0.00314863277903301,0.0096711803314339
0.00384845461868601,0.00292947994379142,0.00626986842056022
-0.00638970199004621,-0.00771938972690946,-0.00830749579016014
-0.00579146992301064,-0.00462601072548619,0.00436286038961561
0.0122976580206838,0.0152092618698506,0.0111208813442495
-0.00959080070804943,-0.00520176091236441,-0.0132326374873234
-0.00129094504200784,0.000208946130425716,0.00191578145957537
-0.0038785850589541,-0.0123377710788435,-0.00243352882433802
-0.00519146959667591,-0.00190554450480169,0.00243946533354318
0.00260931492057005,-0.000848622430162975,0.0015644413355177
0.0149641223023663,0.00764341265749516,0.00611671426762374
0.0160256762748613,0.0115888654004254,-0.010422060711568
0.0113565944248701,0.00479038387393851,0.00140416548133482
-0.00561456784345074,-0.00538983999933386,-0.00666073427456136
-0.0225846830451985,-0.0116712830313489,-0.0160577894977975
0.00128362188583034,-0.000843698230218192,0.00466263024020629
-0.0102563469797612,-0.0101308463577636,-0.00821102297561101
-0.0038859861396169,0.00213225963401621,0.00431940009187788
0.0123537648432162,0.0302129289994847,0.00878141549887384
0.015414160836424,0.0179676953840873,0.0351747360387516
-0.0189752802131004,0.0107526962400985,0.0075513335649208
-0.0199871820657919,-0.0128462723646963,-0.0144779941639817
0.019078898014215,0.00772670913948877,0.00639483421262267
0.00193678900940118,-0.00423736613257885,0.00017163154075766
0,0.00506578819452583,0.00738320836455022
0,0.0116936815048351,0.0056246685415128
0.00644339382272173,-0.00179358213368787,0.00288150310959773
-0.001920669479023,-0.00119782204478226,-0.00270413496525048
-0.00577282823759165,-0.00659601439093827,0.00305030366221503
-0.0103225826481534,-0.0056339616597912,-0.00929216982023186
0.015645272350942,0.0117363561686823,0.00460456696024257
-0.0211808018725557,-0.021604473501871,-0.0210493265282688
-0.0177050782609913,-0.0165611868042735,-0.0206345681809828
0.00467286782641157,0.00498990517777214,0.0030101458611888
-0.00332216884227702,-0.00930912142870428,-0.0104149334823353
0.0133331789713508,0.00522031890529272,0.00303232839871054
-0.00526305646957933,-0.00166182678391629,-0.00569094679135245
0.00529090278973677,0.00811486974337123,0.00769097565860312
0.00131591897187642,-0.00123843776898962,-0.000354971604590744
-0.000657094802421385,0.00103325456338887,0.000532665813669263
0.00263003866065361,0.00639967617297176,0.00656621498453587
0.0045899971387547,0.00779492653140207,0.00458386779989518
-0.00652737413687612,-0.008345116748846,-0.00403651324532871
0.0151115995790744,0.0162149635973188,0.00845809491306743
0,0.00383752139505462,0.0057661944146117
0.0045307161128836,0.00201228795569912,0.00138992395832122
0.0412371273000325,0.0255019704310257,0.0149202777137995
-0.00185629463522757,-0.00274146767210079,-0.000170895231749488
0.00991934178904729,0.0137444552039204,0.0145322261356056
0.00245547871463559,0.00968421394387239,0.00674084251522308
-0.00796075834988526,-0.00517928322961776,-0.00251084030569754
-0.0117285145668145,-0.00906290014190946,-0.00721607081376666
0.00499691127592728,0.00505935182215114,0.00490197954953074
0.0111870028900829,0.00600194200304252,0.00370053209502904
-0.00739806086304979,0.00519616899955344,0.000502833848365361
0.000621019036076353,0.00459510030726485,0.000167460172310037
-0.00558660881509476,-0.00323988254143591,0.0033496091274765
0.0205992258225798,-0.00478023357069048,-0.000333964435731837
-0.0128440329519716,-0.0151777416591853,-0.013858518411822
0.0136310163129959,0.0111200315678237,0.00270907924544872
0.0128356684337962,0.00771733287621898,0.00911836863258692
0.0132773504336713,0.00287202372787757,0.00451819716452177
-0.00297823398991925,-0.00133649174456492,-0.00149927348871627
-0.00179214115637905,0.000955824771100494,0.000834220746816646
0.00359102944778958,0.000572919762397037,0.00533419958266197
0.016100162425757,0.0242412385390493,0.0167467031451439
-0.0052820112453433,-0.00335444991716709,-0.00342450350656311
0.0047198747273506,-0.00822710440333934,-0.00327292414809065
0.00117445616029141,-0.00377098736343929,0.000492525677501621
0.00762476513046681,0.0079486371351783,0.0113225496872296
-0.0192085990419162,-0.024408494589876,-0.0240141892198075
0.0106825257141542,0.0102001779511555,0.00681634777282785
-0.00117427244100471,-0.00838272179075602,-0.0037978230846005
0.00235148989107051,-0.00441872926950824,-0.0014918180293503
-0.0134896679425889,-0.0138943294574241,-0.00780218856241247
0.00356698573893961,0.00293555432542307,-0.00892696691139404
0.0242894365926985,0.0208780581578941,0.0248129438673254
0,-0.00076452926580089,-0.00199002258912579
-0.0237134502465411,-0.019319094711765,-0.015121362531421
0.0142182806253351,0.0247707880975689,0.0190654940545347
-0.030958127532658,-0.0266463439940957,-0.0218541997619307
-0.00663032500983033,-0.0201407166881624,-0.00947893768429616
-0.00485460793497289,-0.0041906546693447,-0.00615173293850776
0.00731711722001051,0.0314629325217698,-0.0029230086632734
-0.0460047177300604,-0.0347778436205156,-0.0424210513496356
0.0203045769257214,0.00140904465126941,-0.0081036850059556
0.00808445675646786,0.00643223051364734,0.0203340422672258
0.00308460380334527,0.00918711641968875,0.00765115670376647
0.0209103425097068,0.0146448091608157,0.0229559723504301
-0.0120484713252665,-0.011117560579864,-0.00828576853346947
0.0121954073409134,0.0140038020466597,0.0106180440332844
0.0072288943169224,0.00758624609672774,0.0117120594423853
-0.00777531513654006,-0.0040541505709856,-0.00170252894473201
0.0126582875290785,0.0164759933969643,0.0168826732381827
0.0113092749426165,0.0040047509997921,-0.00570188284903958
0.00235450422852566,0.00968836743739837,0.00168651693038128
0.00763372008284506,0.00714966002206451,0.0183533344950343
0.00641014693586862,-0.00112100397018893,0.00661386927625451
-0.00347422322749289,-0.00523666584504953,-0.0103482705672719
0.00755363609446539,0.0156045351602809,0.0149378602161277
0.00115357991996264,-0.000555189780234527,0.0013080576022873
0,-0.00444541204622505,0.00391975299428798
0.000576065277706048,0.00260479824558764,0.00748335185531725
-0.00287860804674947,-0.00148445841592737,-0.00904252964363381
-0.00173188606860781,-0.00724803728213086,-0.0131985128637755
-0.00404884234257654,0.00037464897684247,-0.00544918243154865
-0.00464562695372082,-0.00112289186104017,0.000830124732750317
-0.00291729663318,0.00355943676094158,0.00165901592661025
0.00292583215347057,0.00448026543859432,0.00248407981468593
-0.00466761376635436,-0.00278783142879557,0.00115637903846442
-0.00351668370723256,-0.00260895670610435,-0.00792063138753973
0.00705874096246997,0.00261578116591888,0.00548911771031221
0.00350466264934007,0.0137907301180441,0.00843667088370802
-0.00465668525718692,-0.00128677111514193,-0.0108268536201087
0.000584702197393424,-0.00368120419357419,0.000663382712691602
-0.00409095031759188,-0.00295588615895062,-0.00298312667128177
-0.014671410206788,-0.0114878044506216,-0.00265965201910815
0.0214412100821796,0.0189313973630258,0.0180001342159622
0.0111111901657489,0.0156366372701439,0.00753108026083835
-0.00462698138856837,-0.000543446316796552,-0.00259988772213583
0.0273096136061001,0.0163103560715127,0.0215053983216969
-0.00113127315047205,0.00517099264047403,-0.000478557191465508
-0.00566253636242071,-0.00922476577969434,-0.00351039211708976
-0.0102505625290652,-0.0247089255215498,-0.0283427788769856
0.00517872138143915,0.000734288252443689,0.00758070771225936
-0.019462278290538,-0.0203632056102859,-0.0179912626214294
-0.0163453654429981,-0.0114231388899205,-0.0146570413330324
-0.00771523615502475,-0.0306877863472884,-0.012339301815107
0.0322966243822493,0.02501469143334,0.0229333431754906
0.0156433943271398,0.0314586064254507,0.0286095952608061
0.00513393174926322,-0.00166361876164561,0.00731953848741398
0.00510765010265653,-0.000925867846382755,0.000161345262183447
0.0124225137871189,0.00852486936771623,0.00871815307059874
0.00278863273887208,0.00220496443455101,0
0,-0.00201658847893277,0.00112035768358966
0.00723023625056469,0.00551149171256539,0.00655480814917325
0.00110441226307594,0.00201003782398637,0.00301783085192237
-0.0132378103786719,-0.0133116945009434,-0.00902613296859726
0.00055899683521894,0.00277237581808866,0.00498559501545227
-0.0290504919061328,-0.0315149989830112,-0.03104497889291
-0.0299193141387678,-0.0352045584143571,-0.0259291150575441
0.00474511219829659,0.00927011627912163,0.00152601458032998
0.0206610482048359,0.0150479973672823,0.0223463834516226
-0.0179295303270774,-0.0223335262689886,-0.0173870860005676
-0.0176677899903265,-0.00787694920133818,-0.00859440520043485
-0.0137890335594536,-0.00714573093724,0.000169894088087604
-0.0249239439098425,-0.0193923366875515,-0.0345002836535646
-0.0523691199878015,-0.0371050156303038,-0.0320367281084303
0.0118421643140918,0.00804574046188594,0.0170941209827235
-0.00780235661608726,-0.00735149887292753,-0.00393341082069843
0.00982945273268413,0.0101567606038947,0.00323094161096324
0.0441273781267203,0.0383327442603458,0.0304168785170659
-0.0223742557301724,-0.0191651097576086,-0.0158013274866098
0.00762868522619999,0.0055534228749409,0.00158776746948524
-0.013879970878317,-0.0118632016375854,-0.0100403801890466
-0.0275112471557358,-0.0248396596178359,-0.0258007244344164
0.0151316506006358,0.0110402620243695,0.0168036674080862
-0.0181466844242469,-0.0140697475686693,-0.0231723048599246
0.0204621551200414,0.0164004830750326,0.0200441060918311
0.0278139012804424,0.0243085610400311,0.0225347273875931
-0.00629342031701256,-0.00982004963523645,-0.00599446572596848
0.0113997428834422,0.00289228066634733,0.0069173625942159
0.0325611602241566,0.0123612697024605,0.0197286802013353
-0.0084900625033264,0.00142443594626444,-0.00120903370859931
0.00428128503805513,0.0036578189727304,0.0110686193514373
-0.00365418275080842,0.00587145930255804,-0.00153929448990302
0.0189486901069791,0.024356026878321,0.0205584150434943
-0.00359931883670767,0.00609142592192868,0.00167873815173638
0.00120421125227265,0.00957029572138175,0.00720618812058596
-0.0198437427504382,-0.00522337597853253,-0.012146218217178
-0.00552153180498019,-0.00583428090438731,-0.00235820463605946
0.0104875097251503,0.0129107629746158,0.00962351767610858
-0.0109889377379232,-0.00888347647915387,-0.0075251225418735
0.0111110362231836,0.0113015191542271,0.0247684912377051
0.00671562066164328,0.00366075484495469,0.00526132454970594
-0.027289428061393,0.00614321377459916,0.00719654403623874
-0.0143390897148053,0.000190786143914917,-0.00487167296440592
0.0126500711533205,0.0204120840976266,0.00799613732623116
0.00187391405248476,0.00448695435928393,0.00323780913496576
-0.00938082983381225,-0.0011169380777915,0.002581939670581
0.0101009347413975,-0.00204935912284942,-0.00209245482020961
0.0137497445676322,-0.00933529051776731,-0.0179032786112112
-0.00308241231645811,-0.00207328656933404,0.0100179558542203
-0.0235003050913652,-0.0324834084493955,-0.025040527775896
0.0202661706243565,0.0214718283510711,0.00466978572360899
-0.00124164059485245,0.0334416356023823,0.0187582203947651
0,-0.00998523956601277,-0.00602888859304401
0.00248598180335543,0.0028015835836388,0.013934464523561
-0.0024798170233597,0.00279362278076148,-0.00388043223897081
-0.00683654659978886,-0.00222868359706714,0.00227241355456911
-0.0231539792881367,-0.0249440562066816,-0.00890702874352988
0.0147343069918346,0.0114547631304392,0.00898707689576074
-0.00757584830476485,-0.00943748926879769,-0.00987857298062173
-0.00699752342773005,-0.0102897458328563,-0.0111220914749257
-0.0128123224827296,-0.0107816715319953,-0.0140587796459918
0.000649088514644758,-0.00369794456324333,-0.00117443622896727
-0.00713359430619329,-0.00371160994317947,0.000167994505489625
0.0137165035648663,0.0125488584294161,0.0236775984184462
-0.0083762724779275,-0.00232371077494199,-0.00623344765724763
0.00129939236853674,0.00194103878227422,-0.00382205493111711
0.00843619985952674,0.00464951999247847,0.00950807102415787
-0.00193057520548006,-0.0046280020046327,-0.000826153081684055
-0.00322378238954236,-0.00193727844967134,0.00628395139883198
0.00970249221956681,0.00718167011798694,0.00328686672383313
0.00640612803729266,0.00462524817122338,0.00687961826468952
0.000636627458122366,0.00575479938853696,0.0037416377381818
0.00508911993715861,0.0043868971394405,0.00599663380869944
0.00126573956863805,0.00132929918910016,0.0156277455675141
-0.0113779107414768,0.00910289899421246,0.0185595007973105
0.0095906924854063,0.0152226858730835,-0.00622957465404724
-0.0145661439568741,-0.0175859443966749,-0.0152013993315513
0.000642697926911187,0.00244956801883374,0.006365388334708
-0.00449572960614878,-0.0135338335417079,-0.0147057425945003
0.0154836545373268,0.0118138425007768,0.0101106070633577
-0.00317660928094415,0.00226003225021126,-0.00222444622181232
-0.00318660014520761,-0.0060127768904535,-0.00318463661183005
-0.00511515087885636,-0.00189046098007133,-0.00415326443245447
0.00578408147760172,0.00416683705535129,0.0067371215030075
0.0210862012023329,0.0139566714496398,0.0133845151237034
-0.00312890034070001,-0.00818430590213346,-0.00534593961802815
0.0112996041474875,0.00825184149720249,0.00553263822360764
0.0204840455039142,0.00762662577050572,0.0174501436753278
-0.00547453425062992,-0.0151374979414206,-0.00494442395037157
-0.00366961076245015,-0.00993438869089359,-0.0074535305762123
-0.00306954775843019,0.0102333090191742,0.00907392072178923
0.0129312080947108,0.0133181442694645,0.0153487703453451
0.00243157715436661,-0.000925706191807044,-0.000610674251432995
-0.00363851839334885,-0.00426139198287307,-0.00137503606809069
0.00243453703668654,0.00855967823446196,0.00244781640932684
0.00303574910533132,0.00737995703834651,0.0080891138371335
-0.0102905717146041,-0.00659326171132903,-0.00257384586200838
0.00978592457827027,0.00792753014170447,0.00819683832416602
0.0157481911854207,0.0120727015458492,0.0088829152968985
-0.00178916199543998,-0.00795246002084579,-0.00790907236737819
-0.000597270501673721,-0.000910959127202999,0.00255682779353984
0.00119556470588889,0.00237061963152416,-0.00270054279934862
-0.014925320482987,-0.0132799040373031,-0.0111328193725379
0.0145451888480874,0.0116150331710179,0.0112581543716253
-0.00418120313872604,-0.00583209093558862,-0.00406198396807065
-0.0101980966040422,-0.00861576344101636,-0.00634429258532606
0.00303016652628167,0.00684166123578332,0.00456052942848767
0.0102719180456365,0.00495858685822368,-0.000908042627035261
0.015597081833902,0.0166302026380255,0.0102997538849903
-0.00886016192553933,-0.00539269747311786,-0.00554700029971799
0.0244339554250002,0.0164467076821074,0.016432884205545
-0.00639923406878772,-0.0104907873145296,-0.00786108661817679
0.0134660392140347,0.00628927780403812,0.00433558494847839
0.0161756279268828,0.0182143479779881,0.0160760729187068
-0.00568483246954057,0.00333203848201691,0.00380889855437828
0,-0.0017478379951311,-0.00394039451057477
-0.0011436796453683,-0.00805463499513759,-0.00380950358034561
0.00457924666056158,0.00741393836781454,0.00558915423722171
-0.0102562797909451,-0.0092868133006176,-0.0033641510084138
0.000575492892228326,0.00389093629761508,0.00939237855381532
-0.012082800239175,-0.00933753489664252,-0.010177333001772
0.0174723945760624,0.0128046172135644,0.0129260454164006
0.0114481166514043,0.00772604687990155,0.0114558147730685
-0.0101865111374826,-0.0127200111928292,-0.010466076296165
-0.00686113238939878,-0.00829513196448662,-0.00536067007602627
0.00230280458178504,0.00266952234503947,0.00437022928480326
-0.0298680363178396,-0.0259140546296739,-0.0253810206992752
0.00769696157142746,0.00655977164081878,0.00833338059273075
0.0117507985423933,0.0079652133869226,0.0111408370595096
-0.0110336949751961,-0.00556748797768374,-0.00807995076765677
-0.00528466378770905,-0.00523760406688388,-0.00281394666142793
-0.0147580173849187,-0.0105301571514904,-0.00787150077964748
-0.0263632160043368,-0.0311925952818806,-0.0205090772376708
0.0141537802818277,0.0172348405154429,0.0103928508177576
0.0133497368791232,0.0158258304035294,0.0142187063040498
0.0191616652326166,0.0179618914911594,0.0155107057662644
0.00646290883606489,0.0066618124309582,0.0139522936514891
0.0321074013196497,0.00983718860100051,0.00217254888791876
0.0152715915788959,0.0377259320175458,0.00534750825187096
0.00835645823023215,0.00273079467450319,-0.00503161467872261
0.00110513598157504,0.00170214442052548,0.00072251155307458
-0.00220760385602864,0.00424797325342558,-0.00231027888741729
0.0204646007897709,0.0209815301851102,0.0141825673289082
-0.0146342395225299,-0.00778923014031054,-0.00627868151244672
-0.0154014333337446,-0.0195424586732505,-0.0104824016144735
-0.0128492735864629,-0.0126063055921942,-0.013060486074571
0.0118846139380945,0.00707375046919961,0.000588095559228449
0.0156600769425747,0.00942279446432593,0.0130784484505912
-0.00165216982029246,0.000169737236486584,0.00145082107762539
-0.0137892324979367,-0.00713306291498822,-0.00738715164978362
-0.00615205334823897,-0.000342276081949298,0
0.00168808127031836,0.000513449616103517,-0.00102157472656613
0.0039327603196493,0.00461778115765246,0.00394400185072256
-0.00335773226064348,-0.0108954957715429,-0.00698369668873626
-0.00336869642474251,-0.00327021841774533,-0.00293051044359512
0.0163380572005518,0.0143326044363534,0.0123439792610562
-0.0138580225287969,-0.0187266388096759,-0.00958053110184454
-0.0151771593285686,-0.0126648687317754,-0.0145097539183153
0.00570766282374461,0.00737998176457219,0.00461046985587229
0.00454049778773316,0.00453516616068461,0.00503310357418382
0.00395462764599224,0.00312559794171373,0.00265129541454109
-0.00450205412108132,-0.00380816174962121,0.00205681643997305
-0.0130016927358188,-0.00955695848169982,-0.00894298490089505
-0.0423824703180936,-0.029298173394021,-0.0245563284848559
-0.0370814470002289,-0.0312668615089175,-0.0354867514962198
-0.0503104958484148,-0.0608211159159719,-0.0526729452116757
-0.00196208664842852,-0.00913774853485439,-0.00564313602049033
0.0524245412283726,0.0481154341406166,0.0500751147256124
0.0236615562649266,0.0221882081722588,0.0249563050431113
-0.00486639633506442,-0.00299399027176108,-0.00542802556267142
-0.00122261166352452,0.00375376012224829,-0.000467790523780537
-0.0465116234940741,-0.0474945166948444,-0.0413416513688607
0.0206054144430211,0.0159013023169817,0.0182261729244638
0.00567813768471553,0.000772916397866614,0.00175810924116073
-0.0181932354991683,-0.023170593016398,-0.0188258704864849
0.0325878838634472,0.0209529270762509,0.0269917906024004
-0.0160891293458898,-0.0149081412618035,-0.0155160567129268
0.00880515744719897,0.00373427082686872,0.0077194906670906
0,0.000587325642277871,-0.00159583780909501
-0.00498767532427657,-0.00234826452651851,-0.00287731643774246
0.0219298160680127,0.0200079645151479,0.0192370651406909
0.00122634036348819,0.011346179619381,0.00880772068710666
-0.0287813972455617,-0.0178741171016061,-0.0232304311092551
-0.0189154091470553,-0.0263312264111202,-0.0272945115607344
0.00899735799067453,0.00835155887172419,0.00836891336428297
-0.00828023191499957,-0.00650747798728178,-0.00878764805928524
0.00963399143089408,-0.00516094090075761,-0.00443275160194007
-0.0108144301277597,-0.0197524321270798,-0.00692610663385931
0.0218651224891673,0.0289028147381109,0.0207571761009174
-0.0264318323068147,-0.0300691916607665,-0.0242394127175065
-0.0077569072635366,-0.000611992519970607,-0.00233411224306627
0.0149836769774442,0.0124491395066291,0.018883681724199
-0.00192560133962235,0.00564396629998225,0.00738067190697422
-0.0109324618669987,-0.0002004536275041,-0.00278784966533202
0.0201560285654708,0.0256615648749955,0.0198981246383585
0,-0.00195463534420932,0.000483686706973843
0.00382413710031502,0.00509206913739391,0.00128917936298226
0,0.0064303481101727,0
-0.0107936365071825,-0.00522760401122348,-0.00321892590816567
-0.00385107043094692,-0.00194624593669398,-0.0033910164316714
0,-0.00136514075723202,-0.00275440748873181
0.00773191701889987,-0.00956842799608383,-0.0253451235930337
0.0351662715755454,0.0443612738545543,0.0316719519689626
-0.00432365449503659,-0.00528597695449092,0.00872505669255412
0.00124066679912888,0.00322640823553272,-0.00336367265578142
0.00371757984671126,-0.00037830424385933,0.00482155634946063
-0.0185186716138992,-0.0194927765072136,-0.00735774988261808
0.0163522223666395,0.0135108465246176,0.0182081665080952
0.0222773001526132,0.0215196428091507,0.0107612257002579
-0.000605219668859736,-0.00988066018110374,0.000469792147309463
-0.00666244638721501,-0.00941434156207243,-0.00406888952063825
0.0536582519129313,0.0402964311700467,0.0292268528835917
-0.0109955094465812,-0.0186541129681561,-0.00442742141036028
-0.0181393075235607,-0.00913158903159052,-0.0147217954490255
0.0166867716052779,0.0124131855979663,0.0200778825874352
0.00703395914313233,0.00613035117971195,0.00366192976025161
-0.00989527315187494,-0.00609299895637177,0.00106422997599505
0.0176365286710557,0.00594451091092561,0.00895965545390784
0.0369730313561311,0.0317637228752507,0.030403402439657
-0.0150416438981675,-0.00286386603239186,-0.0156294436391858
0.00961502042772298,0.00161553183755457,0.00430325055371118
-0.00560211560448773,-0.0161289674412172,-0.00487592884772049
-0.0214082594166666,-0.0262296547124596,-0.0200445164439696
-0.00978709323817155,-0.00542461945563729,-0.00666677781419766
0.0133721204988847,0.00978008854046425,0.0144906365618544
-0.000573740047468983,-0.00372504789187908,-0.00571347874205474
0.0241101465748779,0.0278556220595435,0.0199605081993813
-0.00840791126020727,0.00145512205645681,0.00311362683511472
-0.00226122968311816,-0.0056302492957237,-0.00177354820572536
-0.010198361463336,-0.00858459822951443,-0.00977207203239381
0,-0.00184231705928745,-0.0014951230158777
-0.00171722028740081,-0.0018454906722798,0.0011978200262087
0.00229352622598152,0.00240367588808803,0.00463678302023155
-0.00286031803209751,-0.00221352559695075,-0.00729504079253316
0.0218012943225565,0.0146052647495167,0.0139470768062297
-0.0078826150253729,-0.0134839341724373,-0.0140508001416574
-0.0181613830527576,-0.0116365678512572,-0.0129016776744507
0.0289018360502043,0.0295271853145481,0.0317630771477055
-0.0146066716020444,-0.0125250132066161,-0.0131096134099189
-0.0199544686716313,-0.0185659539947335,-0.0155222456204848
-0.00523557706271499,-0.0108634992519991,-0.00758042628122483
0.00584798518733908,-0.00302967277312083,0.0022914549875363
-0.0273255686510564,-0.0292499501503405,-0.0234719772003647
0.00418395730909468,-0.000195630270848489,0.0031215902955878
0.036904955037232,0.0277887812810942,0.0284735583082697
0.0189437680455839,0.0262756385442786,0.0216337821966766
-0.0253523352183001,-0.019666038961108,-0.0185101891145237
-0.0312135482522787,-0.0308479205685695,-0.0283643473757032
0.012529586069027,0.0113259581680472,0.0177017464728636
0.00648223825673214,0.00424779110987215,0.00213606142880422
0.0152223462934463,0.0119210028666065,0.0159867137676037
-0.00403683002348838,0.00151993944600158,-0.00194807778980503
-0.00810686002921599,-0.00626068911229777,-0.00330340566296809
0.00875676687745468,0.0114547077747225,0.0103945041026354
-0.0133102994435401,-0.0128350172624167,-0.00715649051207701
-0.0129031049107319,-0.0105161191624272,-0.00840967651225928
-0.0237672121443006,-0.0119806758276379,-0.0300351424380162
0,-0.00528081164187282,0.00172902363802379
-0.0213023330090463,-0.0145498129316957,-0.014435758947513
-0.0360697321577568,-0.0510771282901192,-0.0404394650320495
-0.0193548126257475,-0.0300674128555851,-0.0223992666097298
0.00723694255195299,0.0156079963737879,-0.0015275419101204
0,0.000640299619220932,0.00220981514864544
-0.0267799525553106,-0.0360493005057898,-0.0274763374162734
0.00604023930395843,0.00420433778609677,0.0149983456902194
-0.0353569405844674,-0.0641250748880357,-0.019931325356073
-0.0152143831332768,-0.0124794632656907,-0.000525822322849218
-0.0386235558875434,-0.0345731902391921,-0.026311240877091
-0.0241052956233383,-0.00839704879964163,-0.00468394502429603
0.0149702203475132,0.0226648800921091,0.0307693073686084
-0.044247876110432,-0.0367754458229049,-0.0226513439916326
0.0270062822009169,0.0240202258908179,0.0255119890292595
0.00375640136934067,0.0014815867677479,-0.000700855497420372
0.0127246450029355,-0.00296242508073471,0.00420771549592422
0.0450850084262421,0.054221628658745,0.0387569058372379
-0.0127297833716533,-0.00234867368626853,-0.0107562835827875
-0.0522924511709335,-0.0484935231733953,-0.0310907786471977
-0.0151170875425974,-0.00148430852161989,0.00666311215096177
0.016884270241043,0.0106542525715269,0.0172445315334924
-0.0226415539061375,-0.0227997652405659,-0.011130177989786
-0.0525097157285208,-0.0514300561309343,-0.0209524169346121
-0.00570486052241041,-0.0079344950436927,-0.0060134006829967
-0.0180329514334425,-0.00266591222185068,-0.0120997097647157
-0.0684474325395427,-0.0649559899450107,-0.044128323699618
0.0707884742932444,0.073184971655942,0.0832864142588315
0.0251048298410685,0.0359614546922643,0.0149590104319996
0.0253061670846399,0.0228851382882138,0.00719803374562983
-0.0254778273516919,-0.0216189805014453,-0.016334844449181
-0.00898688511023518,0.00179873142597295,0.000172824936119716
0.0338004161627806,0.0135930148357156,0.0129713708304189
-0.0303028863160872,-0.0328947434816467,-0.0418302939922766
-0.00246717765791221,-0.00340131576658905,0.000356338384625721
0.0156637376275673,0.013914438022269,0.0154971079035831
0.0308440040969462,0.0227861292441085,0.0092965309300778
-0.0141731607033322,-0.016455685420374,-0.021550139677656
0.0535141999767458,0.0622908568364521,0.0515096072349812
0.0205479217328548,0.0230191365479615,0.00945957838584932
0.00671150364133465,0.0144482505514151,0.00334658186806316
0.00296301271643032,0,0.00150104698061783
-0.000738545905832023,-0.00513673092837325,-0.00183174520712087
-0.0347374639568905,-0.0366111442746331,-0.0193525985649792
0.0061253623430878,0.00243611343221365,0.00578416903537977
0.00989352379784824,0.00534607215232853,-0.00862646339752019
0.0391861722048471,0.0391591065478643,0.0124551150485479
-0.0108774247682389,-0.00744379248709728,-0.00370741200552416
-0.00513199401880109,-0.0018746888201104,0.00135311348970697
-0.0191599673136685,-0.0084526648129168,-0.00472966551520949
0.00676192719961583,0.0146814001001307,-0.00288531946445703
0.0291044466628891,0.0161025684988393,0.0294469011104464
0.00362570930248181,0.00137822750050301,-0.000330719130876427
-0.00578022200838359,-0.00504592006333396,-0.00363873336350927
-0.0101744021725226,-0.0232827043542248,-0.00498009958671201
0.00440517181071768,-0.0101486310654838,-0.00767436950894995
-0.00438585138184438,-0.000476805406701172,-0.00134499418171534
-0.0146843067905168,-0.00477110924679426,-0.00622892099958848
0.00447074648212026,0.00383524431665733,0.0115196113869625
0.00296748498624631,-0.00310426104851376,-0.00820636259320646
0.00295855367874173,0.0172456591789519,0.0109759919505236
-0.00368720759950894,-0.0096537820665603,-0.00387006957686974
-0.0236863254398107,-0.0130767788173587,-0.0141891927324189
0.00606530291365762,0.00843181209545118,0.00771067125255012
-0.0316503668914762,-0.0379836987573872,-0.0253358048033925
0.00233460971088688,0.00496631829478077,0.00732736020818195
0.00698759546859914,0.0160612706318277,0.00796666809322817
0.0231303329990557,0.0189689453110719,0.0185567401680136
0.0391861722048471,0.0560859522033079,0.042341519307972
0.0253807072693565,0.016497029240977,0.0129469725842012
-0.00990104671165263,-0.00133383173735131,-0.0115034314517102
0.0121428228371448,0.00422979095009906,0.00646521719926532
0.0197600990175311,0.0115273153247333,0.0168620566235096
0.0332179822964724,0.0243261473406998,0.0145292954571836
-0.00200942787309658,-0.00299522650681152,-0.00996258871403984
0.0140940418786616,0.00793986248254819,0.00581761010909604
-0.00992724791033833,-0.00596120630559034,-0.00578396127749745
0.00868996811708127,0.0087813280805654,0.00518868766962336
-0.00463892777890935,0.00488324234281332,0.00281561509302343
-0.0153130530222731,-0.01163285576713,-0.00795512069627479
-0.0155508432207597,-0.00962992858102118,-0.00628928969491529
0.0144229481700714,0.00864321867604168,0.0093354540387439
-0.0277588651912216,-0.0237788782124504,-0.0192819936351377
-0.0160167129430306,-0.0199693246259336,-0.0158247998063395
-0.00566173465832807,-0.00962845862930483,-0.00535971089571066
0.0042704246831217,0.00406971434531811,0.005878431842412
-0.00850467646957071,-0.0117091099108287,-0.00633112223891029
0.0221587828715802,0.0216450546950035,0.013559800203112
-0.00699301650209046,-0.00825149405812409,-0.00370725715503389
-0.00422531465534671,-0.0105690610348085,-0.000647186229030039
-0.0183876788582659,-0.0202271487333192,-0.00922765346786963
0.00360242133560709,0.000927839847174049,0.00751619646307925
0.00574287619450095,0.0127461729176402,0
0.0485367722842622,0.0496567716437084,0.0385988183927624
-0.0108916674939781,-0.0176585159827542,-0.0101499938034364
-0.000688295573221238,-0.00355083855630286,0.00189305073306192
-0.00344342534761113,0.00467706610805419,-0.000787197673065156
0.0145127264669475,0.0166260334697003,0.0170186290974806
0.0163487685230469,0.0235498274965529,0.0151843154056329
-0.0147453150233073,-0.0176821436295973,-0.00747854481411003
0.0122448593124641,0.0101930844099016,0.00615092480691204
-0.0060484714062007,-0.000214778686058761,-0.00244529715173292
0.0081411984346191,0.00794505257855714,0.00643468337447773
0.00538352197361444,0.000639176818432814,0.00182678526382472
-0.0348057555135613,-0.0336385831592392,-0.0177783550694372
0.00693479039238481,0.00771105036061387,0.00990087368643581
-0.0117079233793471,-0.00437253974285382,-0.0033700453834115
0.00557478093972511,0.000439255039066806,0.00292029840789471
-0.0166320492553281,-0.012072001264291,-0.00766280543647104
-0.0253698857039391,-0.0246612328405746,-0.0140539678458621
-0.0166304896464791,-0.016856540084879,-0.00892856198983194
-0.0250000093747035,-0.0278036126413928,-0.0188082809053629
0.00603319387363982,0.00119169621925763,-0.00177190444430159
-0.00224889888977199,0.00261835818949378,0.00403418550125966
0.00676190350660471,0.00854702741137048,0.00096426557113687
0.0104475899876013,0.00753299454738076,0.00144514669207513
0.00590850662240885,0.00280368069795145,0.00929927678136646
-0.000734346845809502,-0.00559168409912497,-0.00381258147433256
0.0315945740704671,0.0417056473428389,0.0213683088031731
-0.0740741413400706,-0.0935672135690333,-0.069476995729221
-0.0630768506531717,-0.0451611972652828,-0.0333892043823831
0.0426929359445177,0.0509353736236567,0.0331538694527056
0.0385826495935309,0.0415430081909272,0.0282259545858124
0.00606528984677354,0.00641033119397716,0.0153592792296123
-0.0128109325779064,-0.00519008572381196,-0.00648715157951501
-0.0274810463125323,-0.0329616458714813,-0.0279137994153088
0.00941925156611907,0.00686606982798176,0.0107472937220039
0.0116641171436999,0.0056016303179263,0.00647948437717974
0.0122982555101583,0.0167110331207862,0.0206338153753523
0.00303713402848626,0.00738442645466745,0.00711632671958051
0.0249810271315299,0.0271932961539472,0.0149349607986873
-0.00738550145055397,-0.00253225844496316,-0.000632986069644203
0.0156250118578852,0.0258481756827932,0.0151995262010815
0.000732658211768491,-0.002699606856048,0.000935711317344524
0.0329428683644226,0.00541382892177085,-0.00342779833753329
0.0106307246686913,-0.00493604578428804,-0.00156343616339741
0.00981772688365561,0.00270578616844477,0.00109613999939303
-0.00902770650398749,-0.00764562992212551,-0.00375416216599142
0.00770836843120599,0.00385209435537303,0.00549534549391969
-0.00069532298649981,-0.00586886233426048,-0.00265459054909909
0.0111342573516996,0.00249766617263721,0.00407076539261134
0.00688236072069678,0.00317103521736534,0.0031187763415945
0.00341762394089456,-0.0011329477955518,-0.00357540815781203
-0.0129428209417442,-0.00612526827707507,-0.00202800709656228
-0.0110421191791182,-0.00890218160233922,-0.00265757566089537
-0.0139566900172625,-0.00990307745530539,-0.00235109211656263
0.0247699135351744,0.0209350444297439,0.0158681127328175
0,-0.00113932846552531,-0.00154670174731257
0.0393647009134488,0.0428832576072361,0.0269517122682084
0.00531562479498984,0.00524930801145584,-0.0030165278526404
0.00396560504178219,-0.00130539111403417,-0.00347954279340113
-0.0250164729164303,-0.00980401766622807,-0.00895713134558818
0.00472656253766344,0.00616054067918965,0.00275739441260424
0.00201608149213603,-0.00327992516586989,-0.00213867978675239
0.00737769894708677,0.0177708266509293,0.00612385346315045
0.00998665213993572,0.00495804390291267,-0.000152374567161019
-0.00131836044854107,0.000214452345760844,0.00273935025202786
0.000659983084020215,-0.00278785031466885,0.000910559693610436
0.00395789228359363,0.000645148650484138,-0.00136454231734749
-0.00262819275191644,0.00279377608056105,-0.000911099536627201
0.0111989506291918,-0.00150009786282073,-0.000455957369324614
0.00325731860105603,0.00150235153715081,0.00273678852943923
0.00844155809749776,0.00128604748427988,0.00181958763168434
0.0167417894070599,0.00834754799206623,0.00227037682261154
0.00316655105093824,0.00318393188471262,0.0110238768804566
0.0220961471617787,0.0135422102595208,0.00821512393649469
0.00155111937193178,-0.00334039697495924,0
-0.00991327410538171,-0.00795958472933283,-0.0042963374023944
0.00125158226682008,0.00316712452612318,0.00416598632064549
-0.0137500050762143,-0.00463062072809595,-0.000740823444569195
-0.00506965190101658,0.00401779192542662,-0.00415190082880976
0.0101910977949767,0.00652906584471268,0.00134018790059035
-0.00756624731250323,-0.012973427328168,-0.00892194372389719
0.0101651994881215,0.0131439494005208,0.0061513592783722
-0.0113207874861808,-0.0182045875623704,-0.007903220739089
-0.00572520760166315,-0.00362318243201149,-0.00195388784425171
0.00255921746664614,0.0070587503715863,0.00361438737438877
-0.0114868862955888,-0.0142312070302412,-0.0123050437045034
0.00645573823226103,0.0038786184255979,0.00562156232117907
0.000641445924610772,-0.00107321435937313,0.00407914109634951
0.00320517367746078,0.00773530520130562,0.00571763960553504
-0.00319493336115038,0.00447758939454574,0.00822852082225283
-0.00512821280426861,0.000849124846545942,-0.00207732269612026
-0.0277061863678399,-0.0267233475704835,-0.0218587942950128
0.0132538640620115,0.0104598798124731,0.00881727654882496
0.00588615058115506,0.0107827764898167,0.00527437943447535
-0.0143043622766655,-0.0228290257483029,-0.0158896762509003
0.0323220259426708,0.031222651701471,0.0143182068736614
-0.00127803821620348,-0.00423451396990903,-0.00120127585509031
0.0108764793689723,0.0153092715830066,0.00863239102814761
0.0196204045318902,0.0188482688795892,0.0163664482045022
0.00682790141696626,0.0086330288902135,0.00265911396503396
-0.0055485967114642,0.00427955843211326,0.00353623314296954
0.0105392651291163,0.0054788512388746,0.00778135714683556
-0.0116562965520794,-0.0113016393746387,-0.00480770505967219
-0.00496586679485656,-0.00591964680711604,-0.00263497963161358
-0.0124766559081334,-0.00472270070626271,-0.00572426575153033
0.0107390627788832,0.00288830709503339,-0.00324787602666216
0.00312504441687489,-0.000205694041598827,-0.00518355896875856
0.0130842342848953,0.00802472338219599,0.00789025296379558
0.0129149359619752,0.0100020952148402,0.00960140367465348
0.00546443540074874,0.00202097901292285,-0.00131694309203147
0.00664266826931176,-0.000201751880540103,0.00336957468671965
0.00599870229196396,0.000201792592575134,0.00554834898950737
-0.00298149648736257,0.000201731350176961,-0.00101637204634704
0.00897129789447619,0.00846938626799817,0.00479641954399136
0.00237116676618482,-0.00159968954697918,0.00144668105594853
-0.0136013710279978,-0.00741029110851702,-0.00173348579317154
-0.0107913360356562,-0.00827284393597874,0.00217042758231448
0.00666657560247567,-0.00427267552037551,-0.00418712837299257
-0.0078267209816449,-0.00817319713639843,-0.00420451168620716
0,-0.00392726430867518,-0.00436838953224692
0.0042476332612538,-0.000414974082172761,-0.00906677528059806
0.0277945263873877,0.034253628834304,0.0312868051480508
-0.000587897827774235,0.00180652091920915,0.00214640943515609
0.0570588581671092,0.0336606571984113,0.045980251715699
0.0439621611033864,0.0391548163377648,0.0464164911574154
0.0138593633258574,-0.0145495387873303,0.000521950608487251
0.0557308477287494,0.0350179199899033,0.036771392838831
0.00398396806394338,0.0140819220067204,-0.0018866360458578
-0.0203373375831853,-0.014788007750392,-0.0246974774346
0.0167089950103513,0.0150099753826843,0.00801026073695183
-0.00398411974362885,0.000180348474896374,-0.00397334905796434
0.0164998775109617,0.00144256422788645,0.00437530630401718
-0.00147572268638348,0.0100827642985265,0.00614980064885036
0.0128079649460115,0.0105169839995258,0.00420233118822079
0.0145915484389358,0.00158759693274224,-0.000380476214847561
-0.0268458218088355,-0.0230715143220975,-0.00646946764734847
-0.000492367823620297,0.000901435459975433,0.00766069674871497
0.0447686505062779,0.015669911489418,0.0158388347260498
0.017992405874554,0.0156056397496383,0.0202071748650536
-0.0125581900820342,-0.0218263958620933,-0.0023231051785719
0.0287328940013635,0.0224919307658405,0.0203431786342117
0.0146520645282542,0.0111732080064505,0.00516457781415996
0.0185017786888898,0.0196823764201393,0.00454054494556654
0.0168365823662629,0.018455817088696,0.012489652746797
0.00610014438965267,-0.00182885395478938,0.00434663805212848
-0.0207881588807847,-0.00816125240623772,-0.00888988781811081
0,0.0040302374887814,0.000354117266593786
0.00265367390321222,-0.00568653250256533,-0.000353991911945531
0.0216144318528976,0.0131202652269037,0.0149887994646051
-0.0215889374078042,-0.00796952195400539,-0.0123254997275915
-0.00794345582868267,-0.00150615499902685,0.00576881628182025
0.0102312127648604,0.0191081978274966,0.0128759711932537
-0.00352266697749249,-0.000822344887026997,0.0025425049090044
-0.00397699327026068,-0.00427978963363741,0.00161385872395884
0.00266200501661395,0.00826572611804611,0.00184135406774021
0.000442459755787888,0.00163969925960696,0.00091884386010996
-0.0123838861089937,-0.0171877944163393,-0.0072304634265995
-0.0147784447260329,-0.0109926542155124,-0.00705200247297204
0.00454549885039545,0.000842078573725395,0.00465710095807729
0.0194570421749728,0.0195187751033806,0.0108935827527507
0.0186418565911777,0.013533552878536,0.00184446027624843
-0.0117647530670736,-0.0174239873035945,-0.00920504163500262
0,0.00348032363598305,0.000116165834300363
-0.00573200017036561,-0.00544993232405317,0.000696571520449902
0.0172950465240623,0.00016599573984139,0.00290097281930079
0.00566685742704184,-0.00448284241302699,0.00752052835379181
-0.0065019041181021,-0.0121748205003307,-0.00964639656340455
0.00392662919298946,0.00675341547883131,0.00533401705828178
-0.0417209135589134,-0.0209626143237686,-0.0363321168240748
0.0263037877619518,-0.0169579220605167,0.00466793120366796
-0.0044188665124445,-0.0127199547118022,-0.00762454494443051
0.00488231404868143,-0.00970703299266369,0.00444167381446718
-0.00353360332018959,-0.00766354831622404,0.000478141034341875
0.017287380592821,0.0190374790250006,0.012065498926155
0.0183006535371586,0.016742986937984,0.0154626344411036
0.00299521375204037,-0.00572023724095296,0.00836925883168498
-0.00341291611609718,-0.00435845458084521,0.0020749020212191
-0.0175513444872341,-0.00875501443272651,-0.0103532158060947
-0.0135077333151632,-0.013778480311335,-0.0162734103867795
0.0110424880370291,0.00394051534714125,0.00378114891657738
-0.00742696193279882,0.00161028610865183,-0.00423783026251692
0.02508816259064,0.0317970324637091,0.0306184010524705
-0.00729923203191454,-0.00207747845321507,-0.00470297808608015
-0.00951561877115509,-0.00780715747982204,-0.000576153338285082
-0.0100436548520208,-0.0152123573487162,-0.00876389773625176
0.019850057639764,0.0166902582219562,0.0144253453870355
-0.00173012045831355,0.00646183694533801,-0.00229363368477611
0.0138647764015339,0.0229046527356808,0.0132184231990367
0.0282050987227302,0.0149279370469407,0.0159954328369871
0.0216126347644531,0.0111983908924372,0.0115006914752758
0,-0.00198345779676771,-0.000662290338167221
-0.00244090920370004,-0.00347799139697082,-0.0033137249383133
0.0106035258182621,0.00631548701490845,0.00864453043537238
0.000403534745582552,0.00115601423880208,0.000549322459828174
-0.00847117861160725,0,0.000768723051002392
-0.014239171983814,-0.017485889217129,-0.00877861329261681
0.0140321601245146,0.00772321230055832,0.00110699430770359
0.00447706846536542,-0.00349878506635337,0.00210117152477621
0.0363746655843012,0.0289249175419618,0.0328844878085509
-0.01058821277631,-0.0147871816709693,-0.0155983488712812
0.0083233710759997,0.00610260163560972,0.00716303817588945
-0.00746858331302491,-0.0118033325413763,-0.00948274812260871
-0.00158411224676317,0.00364970596364896,-0.00554828560486795
0.00198335205096908,0.0100826969701945,-0.00218791968728566
0.00356295110510418,0.00720008785791441,0.00394689760875755
-0.00157794274168621,-0.000974794251238532,-0.00316701696401292
-0.000395119105680075,0.000650518871060568,0.000876456672806543
0.000790510714642669,-0.00146274881851969,0.00164189909971169
-0.0055291642805393,-0.00976567497555112,0.00240406159892364
0.00158851594084655,0.00509543400805374,-0.000981128126131606
-0.0142742889185522,-0.012755582186416,-0.0104757075274178
-0.0168946629754145,-0.0129202719718935,-0.00716814473576386
-0.0581014467596437,-0.0260111186114356,-0.0293236054339628
-0.0034752249169052,-0.00465195922551427,0.00160202390319535
0.00566691238203687,0.00484678556703829,-0.0015994615275959
0.00216733004896488,0.000344551516647179,-0.00114422463602798
-0.00389273975183898,0.00447736562655008,-0.000572825957861769
0.0195397181802741,0.0186867812425406,0.0155892203062578
-0.00553666922421308,-0.000504902668586572,-0.0037247040162677
0.0222698488399045,0.0188583983928026,0.00861000686715239
-0.0117302429408748,-0.0114030395064822,-0.0133663804681356
0,-0.0023403781438209,-0.00364287935913726
-0.00635853727224706,0,0.00333255045082678
-0.0115188323021876,-0.00150800737984866,-0.0128277648492701
0.00388438300460354,0.00503433393230673,0.00336464228638707
-0.00429929551330198,-0.00768074194306711,-0.00346899896766446
-0.00604483751587362,-0.00252396947970335,-0.00348114522648307
-0.00434411875831622,-0.00421723159258707,-0.00174657052936745
-0.0117800800643839,-0.00880915236413396,-0.00384937150039027
-0.0136865464622574,-0.00803277595563121,-0.0117095688411757
0.0210384349703967,0.0163680666561204,0.0172985573421173
-0.00438402493410033,-0.0096627183223537,-0.00815278496876654
0.0013209765697503,-0.0118109882386242,-0.0082198111005407
0.014511971928952,0.0117789681248004,0.0129055974033997
-0.0156047501258553,-0.0118130272530089,-0.0120398916838298
0.0405108510216932,0.0297988940304781,0.0352579953865739
0.0148116423047147,0.0129542706191773,0.00868579670189001
-0.00375309174431261,-0.00182687376164533,0.00192607596173704
-0.0100461309295795,-0.00917583072854625,-0.00927288396028359
-0.0131076646722621,-0.00454622482241634,-0.00696271698309771
0.0115680980142539,0.00575100280704048,0.000689666933744122
-0.00338842378305914,0.00420452190873355,-0.00643239317253965
0.0101997469916581,0.00887631736014255,0.0057803832492145
0.00336561580528098,-0.000498094072901724,0.00114944876458585
-0.00461224640974219,0.000498342294244764,-0.00114812904906881
0.00926702320597896,0.00431596110709162,0.00114944876458585
0.000834763361169559,-0.00446274816606082,-0.00401836458406757
0.00708923403715437,0.00232438949722908,0.0078386879910344
-0.00331261632802672,0.00546635097106544,-0.00308824876046904
-0.00290811010548773,0.00609555874323425,-0.00275361514317629
0.00249994789849407,0.00573102878863546,0.00483204215636672
-0.00290940255567729,0.0174211254865164,0.00309141982459024
-0.0591913047696367,-0.040166478011113,-0.0381236348097592
0.00753202514740873,0.00166730893783943,-0.0036785510197807
0.0136323791943569,0.016977242299441,0.00976656943093262
-0.000433728407968179,-0.000654563076133057,-0.000943642805752592
0.0151909329373432,0.0106452073334363,0.0125148321539652
-0.00128257272992296,0.00907475333269335,-0.00058304015337465
-0.0047089499576453,-0.00513897345195609,-0.00420029323004403
-0.000430084133582175,0.00193702276991167,0.000117265366440675
-0.0141996641678712,-0.00692760918077357,-0.0171040085230646
-0.018611817036751,-0.0178455312006583,-0.0208582089354327
0.00981698293780123,0.00891966501766922,0.0110772316185251
-0.00795391198326899,0.000491178023134283,-0.00505659888553335
-0.00178180703295779,0.00229091772374947,0.00181523057055703
-0.00803208510387125,-0.00391833688393445,0.00205334554691396
0.0166441265584088,0.0142600093926195,0.0114513339853489
0.0163716794677265,0.0214931953133878,0.0123941128030478
0.0304745035947853,0.0196170938325363,0.0236610837357724
0.00464730926178127,-0.00201704070251782,0.000229909417108556
-0.000420474540262269,0.00575255700485923,0.00333408304931398
-0.000420778268542498,0.000463596420194687,-0.00206261127753605
-0.00925924202477567,-0.00957970210256523,-0.00597077833298613
-0.00467288841719736,-0.00327608400125307,-0.00450493818822449
0.0204865443277621,0.00923462432507366,0.021930839386111
-0.0175658467026739,-0.0088399146460136,-0.00624515376524876
-0.0153257580435199,-0.00125178731190771,-0.00457030418241182
-0.00864668438676391,-0.00329000482535513,-0.00114786547486105
-0.00479728740797757,-0.00330084882708038,-0.00183869301019812
0.0030675391112889,0.00583504867706509,0.00437493861547721
0.0166011724498181,0.00705555304205478,0.00928473897024245
0.0262138923656136,0.0147905619698816,0.0201021773346194
0.018425511539631,0.0276158880560547,0.0148073445603668
-0.00246711946991426,-0.00149312060670319,0.00274279341136619
0.0173125069837064,0.0206341322842657,0.0203520271022792
0.00972440665733143,0.00278339447393571,0.0100269075322623
-0.00842695450926423,-0.0119795997069754,-0.00320238537425033
0.00485632080931176,0.00414021943779159,0.00503321304478011
0.00241640522744046,-0.00382856060660416,-0.00703243017374441
-0.0116511784439993,-0.0122690654788938,-0.00386309838169955
-0.0101626120897363,0.00149645438036046,-0.00344713628225309
0.0110883385930915,0.00149444450533861,0.0063775993101929
-0.0166531882456738,-0.00447629716796155,-0.00912991175515222
-0.0078479518693937,0.00164878475712399,-0.00932250284008246
-0.00499586530320284,0.000897623446209411,-0.00350145165216464
0.00669452896102394,-0.0028405083006913,0.00142744566868991
-0.00498747637446882,-0.0050973199736936,0
-0.00584797261284024,-0.00542504150822988,-0.00339910698788966
0.00462184002698435,0.00151516907219414,0.00429089533127239
0.0238393453661568,0.0291982140623144,0.0166520867926947
-0.0110293729703439,-0.000734919024983433,-0.00937508643984219
-0.00413043761656292,-0.00558994063887421,-0.00413349663196561
-0.00331817184131357,-0.00251473538398133,-0.00294923111878141
0.003745318822032,0.015126765547935,0.00569672390689157
0.0136815659692381,0.0168005127032658,0.0133987276076385
0.00572599050390305,-0.00258613251491568,0.000859947593753998
-0.00894670932322071,-0.0140376860429312,-0.00655144487900486
0.0246203690417805,0.0124762422168777,0.0125406316729354
-0.000400476175793418,0.000869859416357091,0.00384355162448437
-0.00240381972729248,-0.00231764305832715,-0.00361621910444332
-0.00642567236647645,-0.00653300951753597,-0.00160114973898159
-0.0250606380132231,-0.017682283004586,-0.0143269691444292
-0.0107794004588776,-0.00624808406859736,-0.00835232536333612
0.0234701515596323,0.0163172715518538,0.0117042259704203
0.0020474795462987,0.00117839930566161,0.00259491607905522
-0.0114425394128764,-0.0038252493912955,-0.0069017941330368
-0.0227366669968575,-0.0163934353283412,-0.015636894342763
-0.000845971854652039,-0.000300279650787154,0.000992841087372143
-0.0101609809582193,-0.00946232138360746,-0.00121224667996157
0.0192473097801357,0.0136467382644964,0.0102614552350147
-0.00293752566828873,0.00568435249066826,0.00120146689542723
0.00336705093987568,0.00684219094593208,-0.00163633403066975
-0.00293620917658224,0.00236362852713249,0.00404284607281024
-0.00210359534754805,-0.00058948043631007,-0.00315595103900147
-0.0059021274668172,-0.0048664782405849,-0.00545850165368802
0.017476555094776,0.00785421149466163,0.0023051416744944
0.000837787983335278,0.000293936017992406,-0.00459968043393118
0.00837174585063818,0.00808478470896495,0.00891184165732698
-0.0323786218347862,-0.0207057111845309,-0.0238821831791835
0.00429004737409036,0.0023822961258235,0.00670314911880651
-0.0187954293037163,-0.0187166177876044,-0.0175341935829114
-0.00348280380856794,0.00166512203225068,-0.00124250837946123
0.0205330721071679,0.023273426644241,0.0154943096525119
0.0252568482338678,0.0159504220232729,0.0122507919618578
0.0158663458928456,0.00872213808690096,0.00286062270963757
-0.00369913686806411,-0.00216174156121379,-0.0019747786050331
0.00577553630363049,-0.00288836335098633,0.00714523990303992
0.0131255952881704,0.0225954960583846,0.0141889306393174
0.00647773253126589,0.00779048003859942,0.0109772256957377
0.00804497151870592,0.0043569534355629,0.00702577827589174
0.00399046304830255,0.00419813097062864,0.00454542206764572
-0.00556438791732912,-0.00501674120099399,-0.00210459120895472
-0.0103916866506794,-0.0078432308615915,-0.00748706287843239
0.00201934571890144,0.00141173338300969,-0.00446244008729823
0.0241838381371962,0.0188891488592072,0.0157951562622896
0.00157422274695003,0.00511908152181394,0.00210127437175289
-0.00432223951582558,0.00123871024892248,0.00136294276090709
0.0110497632202052,0.0145725115775467,0.0139251837353045
0.00936768113318973,0.00447148893207039,0.00526648020924079
-0.00580054115233795,-0.000944310231448763,-0.0101694750988818
0.0163360566447319,0.0224143597272172,0.0134654797453398
0.00306161511908203,-0.00105653093033485,-0.00175093219696901
-0.0137351779372444,-0.0033051611097418,-0.00526201001366102
0.0030947775628626,-0.00278549031025074,0.00746803205194351
-0.00385653682992678,-0.00319227911105858,-0.00298569967010298
-0.0147115369725125,-0.0342941197881273,-0.00877734443524759
0.0149311978416031,-0.00359266529420212,-0.00135427651535114
0.0158730158730159,-0.00471505640109768,0.0206550696781236
-0.00152435213414627,0.00585207265075222,-0.00224849763894106
0.0106869843249243,0.0128826676119337,0.00379015558932121
0.00377643504531714,-0.00328231081493904,0.00122464539697202
0.0221971407072989,0.00891875661440297,0.0142697073257598
-0.000368052999632005,0,-0.00170843127909897
0.0191458026509573,0.00965585292088125,0.0159049935939197
-0.00180639450867045,-0.00835121994719469,0.000990873979208728
0.00398121621357992,0.00230918048825022,0.00712731163514088
0.00216290555155015,0.00108416482397565,0.000294859451442133
-0.00719420889187795,-0.00121836112014223,-0.00353731955008314
-0.00760873188405804,-0.00379506395987017,-0.00788879763775578
0.00511142771491153,0.00721081867385683,0.00308117480289072
0.0123501630094383,0.00959073236381153,0.00663890223224135
-0.00179407959117038,-0.00497171472646375,-0.00177174925767296
-0.00251617541337169,-0.00337609709482389,-0.0062124541480148
-0.0205405405405405,-0.0147697012966247,-0.0201428757704195
-0.014348749080206,-0.00508874989807106,-0.0112405164556962
-0.0111982451960342,0.00124418032868024,-0.000102437526653396
0.000755001887504837,-0.00248515808366708,-0.00122907921425013
-0.00414937759336111,-0.00359864359861592,0.00358936511969302
-0.00606060606060607,-0.00638976264452732,-0.00602906186359014
0.0209604039634147,0.00279608559759651,0.00945826080368855
-0.00111985811422697,-0.000836539767048241,0.00285160397491375
-0.00523165171898367,-0.00474390971798288,-0.00335129477656848
